word	region	IPAs
aabomycin	US	[/ˌæb.oʊˈmaɪ.sɪn/]
aandblom	US	[/ˈɑnt.blɑm/]
aapa	US	[/ɑːpɑː/]
aardvark	US	[/ˈɑɹd.vɑɹk/]
aardwolves	US	[/ˈɑɹdˌwʊlvz/]
abaca	US	[/ˈæb.əˌkɑ/]
abacavir	US	[/əˈbæk.əˌvɪɹ/]
aback	US	[/əˈbæk/]
abaculus	US	[/əˈbæk.jə.ləs/]
abacuses	US	[/ˈæbə.kəsɪz/]
abaft	US	[/əˈbæft/]
abaiser	US	[/əˈbeɪ.sɚ/]
abampere	US	[/æˈbæmpɪɹ/]
abandon	US	[/əˈbæn.dən/]
abandoned	US	[/əˈbæn.dənd/]
abandonee	US	[/əˈbæn.dəˌni/]
abandoning	US	[/əˈbændənɪŋ/]
abandonment	US	[/əˈbæn.dn̩.mn̩t/]
abas	US	[/əˈbɑs/]
abasedly	US	[/əˈbeɪs.əd.li/]
abaser	US	[/əˈbeɪs.ɚ/]
abash	US	[/əˈbæʃ/]
abashment	US	[/əˈbæʃ.mənt/]
abatable	US	[/əˈbeɪt.ə.bəl/]
abatement	US	[/əˈbeɪt.mənt/]
abature	US	[/ˈæb.ə.tjʊɹ/]
abatvoix	US	[/ɑˌbɑvˈwɑ/]
abb	US	[/æb/]
abbacy	US	[/ˈæb.ə.si/]
abbot	US	[/ˈæb.ət/]
abbotship	US	[/ˈæ.bət.ʃɪp/]
abbreviate	US	[/əˈbɹi.vi.eɪt/]
abbreviated	US	[/əˈbɹi.viˌeɪ.tɪd/]
abbreviatory	US	[/əˈbɹi.vi.əˌtɔɹ.i/]
abdest	US	[/ˈɑb.dɛst/]
abdicable	US	[/ˈæb.də.kə.bəl/]
abdicant	US	[/ˈæb.dɪ.kn̩t/]
abdication	US	[/ˌæb.dəˈkeɪ.ʃən/]
abdominalia	US	[/ˌæb.dɑ.mɪˈneɪ.li.ə/]
abdominally	US	[/æbˈdɑm.ɪ.nə.li/]
abdominoscopy	US	[/æbˌdɑm.ɪnˈɑs.kə.pi/]
abearing	US	[/əˈbɛɹ.ɪŋ/]
aberr	US	[/əˈbɝ/]
aberration	US	[/ˌæb.əˈɹeɪ.ʃn̩/]
aberrationally	US	[-eɪʃənəli]
abetment	US	[/əˈbɛt.mənt/]
abevacuation	US	[/æb.iˌvæk.juˈeɪ.ʃn̩/]
abhorrency	US	[/əˈbɔɹɪnsi/]
abhorrer	US	[/æbˈhɔɹ.ɚ/]
abide	US	[/əˈbaɪd/]
abidingly	US	[/əˈbaɪ.dɪŋ.li/]
abietene	US	[/ˈæb.i.əˌtin/]
abietic	US	[/ˌæb.iˈɛt.ɪk/]
Abigail	US	[/ˈæb.ə.ɡeɪl/]
abiogenesis	US	[/ˌeɪˌbaioʊˈd͡ʒɛnəsɪs/]
abiogenetic	US	[/ˌeɪ.bai.oʊ.d͡ʒəˈnɛt.ɪk/]
abiogenist	US	[/ˌeɪ.baiˈɑ.d͡ʒɛ.nəst/]
abiogenous	US	[/æb.iˈɑd͡ʒ.ə.nəs/]
abirritant	US	[/æbˈɪɹ.ɪ.tn̩t/]
abirritate	US	[/æbˈɪɹ.ɪˌteɪt/]
abirritation	US	[/ˌæb.ɪɹ.ɪˈteɪ.ʃn̩/]
abirritative	US	[/ˌæb.ɪɹ.ɪˈteɪ.tɪv/]
abjectedness	US	[/ˌæbˈd͡ʒɛkt.əd.nəs/]
abjection	US	[/æbˈd͡ʒɛk.ʃn̩/]
abjectness	US	[/æbˈd͡ʒɛkt.nəs/]
abjugate	US	[/ˈæb.d͡ʒə.ɡeɪt/]
abjuration	US	[/ˌæb.d͡ʒəˈɹeɪ.ʃn̩/]
abjuratory	US	[/æbˈd͡ʒʊɹ.əˌtɔɹ.i/]
ablactation	US	[/ˌæb.lækˈteɪ.ʃn̩/]
ablative	US	[/ˈæb.lə.tɪv/]
ablatively	US	[/ˌæb.ləˈtaɪv.li/]
ablaze	US	[/əˈbleɪz/]
able	US	[/ˈeɪb(ə)l/]
ableist	US	[/ˈeɪ.bəl.ɪst/]
abluent	US	[/ˈæb.lu.ənt/]
ablution	US	[/əˈblu.ʃn̩/]
ablutionary	US	[/əˈblu.ʃəˌnɛ.ɹi/]
abnet	US	[/ˈæb.nət/]
abnormally	US	[/æbˈnɔɹ.mə.li/]
aboard	US	[/əˈbɔɹd/]
abode	US	[/əˈboʊd/, [ʔəˈboʊːd̥̚]]
aboding	US	[/əˈboʊ.dɪŋ/]
abolitionists	US	[/ˈæ.bə.lɪʃn̩.ɪsts/]
aboma	US	[/əˈboʊ.mə/]
abomasum	US	[/ˌæb.oʊˈmeɪ.səm/]
aboral	US	[/æbˈɔɹ.l̩/]
aborigine	US	[/ˌæb.əˈɹɪd͡ʒ.ɪ.ni/]
aborsement	US	[/əˈbɔː(ɹ)smənt/]
abort	US	[/əˈbɔɹt/]
abortion	US	[/əˈbɔɹ.ʃn̩/]
abortional	US	[/əˈbɔɹ.ʃn̩.l̩/]
abortively	US	[/əˈbɔɹ.tɪv.li/]
abortiveness	US	[/əˈbɔɹ.tɪv.nəs/]
abought	US	[/əˈbɔːt/]
abound	US	[/əˈbaʊnd/]
abounding	US	[/əˈbaʊn.dɪŋ/]
about	US	[/əˈbaʊt/]
above	US	[/əˈbʌv/]
abox	US	[/əˈbɑks/]
abradant	US	[/əˈbɹeɪd.n̩t/]
abranchial	US	[/eɪˈbɹæŋ.ki.l̩/]
abrasion	US	[/əˈbɹeɪ.ʒn̩/]
abraum	US	[/ˈɑˌpɹaʊm/]
abraxas	US	[/əˈbɹæk.səs/]
abreuvoir	US	[/əbɹuːˈvwɑː(ɹ)/]
abridge	US	[/əˈbɹɪd͡ʒ/]
abroad	US	[/əˈbɹɔd/]
abrogable	US	[/ˈæb.ɹə.ɡə.bl̩/]
abrogator	US	[/ˈæb.ɹəˌɡeɪ.tɚ/]
abscision	US	[/æbˈsɪ.ʒn̩/]
abscissa	US	[/æbˈsɪs.ə/]
absconce	US	[/ˌæbˈskɑns/]
absent	US	[/ˈæb.sn̩t/]
absenteeism	US	[/ˌæb.sənˈtiˌɪz.m̩/]
absently	US	[/ˈæb.sn̩t.li/]
absentness	US	[/ˈæb.sn̩t.nəs/]
absinthial	US	[/æbˈsɪnθiəl/]
absinthin	US	[/ˈæbˌsɪn.θɪn/]
absinthism	US	[/ˈæb.sənˌθɪz.m̩/]
absinthium	US	[/æbˈsɪn.θi.m̩/]
absis	US	[/ˈæb.sɪs/]
absoluteness	US	[/ˈæb.səˌlut.nəs/]
absolutist	US	[/ˈæb.səˌlu.tɪst/]
absolutistic	US	[/ˈæb.səˌluˌtɪs.tɪk/]
abstainer	US	[/æbˈsteɪ.nɚ/]
abstinence	US	[/ˈæb.stɪ.nəns/]
abstinency	US	[/ˈæb.stɪ.nən.si/]
abstractionism	US	[/æbˈstɹæk.ʃn̩ˌɪz.m̩/]
abstractively	US	[/æbˈstɹæk.tɪv.li/]
abundant	US	[/əˈbʌn.dənt/]
aburst	US	[/əˈbɝst/]
abusable	US	[/əˈbju.zə.bl̩/]
abuse	US	[/əˈbjus/]
abuses	US	[/əˈbjuːzɪz/]
abusively	US	[/əˈbju.sɪv.li/]
abyssal	US	[/əˈbɪs.l̩/]
acacia	US	[/əˈkeɪ.ʃə/]
academian	US	[/ˌæk.əˈdi.mi.n̩/]
academic	US	[/ˌækəˈdɛmɪk/]
academicals	US	[/ˌæk.əˈdɛm.ɪ.kl̩z/]
academicism	US	[/ˌæk.əˈdɛm.əˌsɪz.m̩/]
academies	US	[/əˈkædəmiz/]
academist	US	[/əˈkæd.ɪ.mɪst/]
acaleph	US	[/ˌæk.əˈlɜf/]
acalycinous	US	[/ˌeɪ.kəˈlɪs.n̩.əs/]
acanthophorous	US	[/ˌækənˈθɒfəɹəs/]
acanthopterygian	US	[/ˌæk.ænˌθɑp.təˈɹɪd͡ʒ.i.n̩/]
acapsular	US	[/ˌeɪˈkæp.sə.lɚ/]
acarbose	US	[/eɪˈkɑɹˌboʊs/]
acaroid	US	[/ˈæk.əˌɹɔɪd/]
acaulous	US	[/eɪˈkɔːləs/]
accend	US	[/ækˈsɛnd/]
acceptableness	US	[/ækˈsɛp.tə.bəl.nəs/]
acceptably	US	[/ækˈsɛp.tə.bli/]
acceptance	US	[/əkˈsɛp.təns/]
acceptant	US	[/ækˈsɛp.tənt/]
acceptive	US	[/ækˈsɛp.tɪv/]
access	US	[/ˈækˌsɛs/]
accessibly	US	[/ækˈsɛs.ə.bli/]
acciaccatura	US	[/əˌt͡ʃɑkəˈtʊɹə/]
accidentally	US	[/ˌæk.sɪˈdɛnt(ə)li/]
accidie	US	[/ˈæk.sə.di/]
accipiter	US	[/ækˈsɪp.ə.tɚ/]
acclimatation	US	[/æklɪˈmeɪʃən/]
acclimated	US	[/ˈæk.lɪm.eɪt.əd/]
acclimatization	US	[/əˌklaɪ.mə.təˈzeɪ.ʃən/]
accommodating	US	[/əˈkɒm.əˌdeɪ.tɪŋ/]
accompanying	US	[/əˈkʌm.p(ə.)ni.ɪŋ/]
accomplish	US	[/əˈkɑm.plɪʃ/]
accomplishable	US	[/əˈkɒm.plɪʃ.ə.bəl/]
accomplished	US	[/əˈkɑm.plɪʃt/]
accomplishment	US	[/əˈkɑm.plɪʃ.mənt/]
accomplishments	US	[/əˈkɑm.plɪʃ.mənts/]
accord	US	[/əˈkɔɹd/]
accordance	US	[/əˈkɔɹ.dəns/]
accordantly	US	[[əˈkʰɔɹɾɨ̞nʔɫi]]
according	US	[/əˈkɔɹ.dɪŋ/]
accordingly	US	[/əˈkɔɹ.dɪŋ.li/]
accordion	US	[/əˈkɔɹ.di.ən/]
account	US	[/əˈkaʊnt/]
accountable	US	[/əˈkaʊntəbl̩/]
accountableness	US	[/əˈkaʊn.tə.bəl.nəs/]
accountantship	US	[/əˈkaʊnt.əntˌʃɪp/]
accounted	US	[/əˈkaʊntɪd/]
accounts	US	[/əˈkaʊnts/]
accouplement	US	[/əˈkʌpəlmənt/]
accouri	US	[/əˈkuri/]
accredit	US	[/əˈkɹɛd.ɪt/]
accrescence	US	[/əˈkɹɛsəns/]
accretion	US	[/əˈkɹiʃən/]
accretive	US	[/əˈkɹi.tɪv/]
accriminate	US	[/əˈkɹɪmɪneɪt/]
accrue	US	[/əˈkɹu/]
accumulate	US	[/əˈkju.mjəˌleɪt/]
accumulated	US	[/əˈkjumjəleɪtɪd/]
accumulator	US	[/əˈkjum.jəˌleɪ.tɚ/]
accuracy	US	[/ˈæk.jɚ.ə.si/]
accurateness	US	[/ˈæk.jə.ɹət.nəs/]
accursed	US	[/əˈkɝ.sɪd/]
accusative	US	[/əˈkjuzətɪv/]
accusatively	US	[/əˈkjuːzətɪvlɪ/]
accusatorial	US	[/əˌkju.zəˈtɔɹ.i.əl/]
accuse	US	[/əˈkjuz/]
accused	US	[/əˈkjuzd/]
accuser	US	[/əˈkju.zɚ/]
accusing	US	[/əˈkjuːzɪŋ/]
accustom	US	[/əˈkʌs.təm/]
acephalan	US	[/eɪˈsɛ.fə.lən/]
acephalocystic	US	[/eɪˌsɛ.fə.loʊˈsɪ.stɪk/]
acerbic	US	[/əˈsɜ(ɹ)bɪk/]
acerbity	US	[/əˈsɝbɪti/, [əˈsɝbɪɾi]]
acervative	US	[/əˈsɝ.və.tɪv/]
acetable	US	[/ˈæ.sɪ.tə.bəl/]
acetable	US	[/ˈæ.sɪ.tə.bəl/]
acetabular	US	[/ˌæsɪˈtæbjəlɚ/]
acetal	US	[/ˈæsɪˌtæl/]
acetarious	US	[/ɑ.sɪˈtɛɚ.i.əs/]
acetate	US	[/ˈæsɪteɪ̯t/]
acetone	US	[/ˈæ.sə.toʊn/]
acetose	US	[/ˈæs.ɪ.toʊs/]
acetosity	US	[/ˈæsɛˌtɒsɪti/]
acetylcholine	US	[/əˌsitəlˈkoʊlin/]
acetylene	US	[/əˈsɛtəlˌin/]
Achean	US	[/əˈki.ən/]
achievements	US	[/əˈt͡ʃiːvmənts/]
achieving	US	[/əˈt͡ʃiːvɪŋ/]
achroous	US	[/eɪˈkɹoʊ.əs/]
acidification	US	[-eɪʃən]
ackers	US	[/ˈæ.kəɹz/]
acologic	US	[/ˌækəˈlɑdʒɪk/]
acolyte	US	[/ˈæ.kə.laɪt/]
aconite	US	[/ˈæ.kə.naɪt/]
acotyledon	US	[/ˈeɪ.kɔt.l̩.iːdˌn̩/]
acquaintance	US	[/ʌˈkweɪn.təns/]
acquiesce	US	[/ˌækwiˈɛs/]
acquiesce	US	[/ˌækwiˈɛs/]
acquiescence	US	[/ˌæk.wiːˈɛs.əns/]
acquihire	US	[/əkˈhaɪɚ/]
acquire	US	[/əˈkwaɪɚ/]
acquired	US	[/əˈkwaɪɹd/]
acquirer	US	[-aɪəɹə(ɹ)]
acquisitive	US	[/əˈkwɪzətɪv/]
acquitted	US	[/əˈkwɪtɪd/]
acre	US	[/ˈeɪ.kɚ/]
acrimony	US	[/ˈækɹɪmoʊni/]
acrocyanosis	US	[/ˌæ.kɹoʊˌsaɪ.əˈnoʊ.sɪs/]
acrophobia	US	[-əʊbiə]
acropolis	US	[/əˈkɹɒpəlɪs/]
acted	US	[/ˈæk.tɪd/]
acter	US	[/ˈæk.tɚ/]
actings	US	[/ˈæk.tɪŋz/]
actions	US	[/ˈæk.ʃənz/]
activate	US	[/ˈæktɪˌveɪt/]
actively	US	[/ˈæktɪvli/]
Acton	US	[/æktən/]
actor	US	[/ˈæk.tɚ/]
actuate	US	[/ˈækt͡ʃu.eɪt/]
acute	US	[/əˈkjut/]
acutely	US	[/əˈkjuːtli/]
AD	US	[/ˌeɪˈdi/]
adaptable	US	[/əˈdæptəbəl/]
adaptation	US	[/ˌædæpˈteɪʃən/]
adapted	US	[/əˈdæptɪd/]
adaptor	US	[-æptə(ɹ)]
addicted	US	[/əˈdɪktɪd/]
adding	US	[/ˈæ.dɪŋ/]
additional	US	[/əˈdɪʃənəl/]
additions	US	[/əˈdɪʃənz/]
adduce	US	[/əˈd(j)uːs/]
adepts	US	[/ˈæd.ɛpts/]
ADHD	US	[/ˌeɪ diː ˌeɪtʃ ˈdiː/]
adhesive	US	[/ædˈhi.sɪv/]
adiaphoron	US	[/ˌædiˈæfəɹən/]
adinity	US	[/əˈdɪnɪti/]
adipose	US	[/ˈæd.ɪ.poʊs/]
adjacency	US	[/əˈdʒeɪsənsi/]
adjacent	US	[/əˈd͡ʒeɪ.sənt/]
adjoining	US	[/ʌˈd͡ʒɔɪn.ɪŋ/]
adjourn	US	[/əˈd͡ʒɝn/]
adjuration	US	[-eɪʃən]
adjusting	US	[/əˈd͡ʒʌstɪŋ/]
adjutant	US	[/ˈæ.d͡ʒə.tənt/]
administer	US	[/ədˈmɪn.ɪ.stɚ/]
administrative	US	[/ədˈmɪn.əˌstɹeɪ.tɪv/, [ədˈmɪn.əˌstɹeɪ.ɾɪv]]
administrator	US	[/ədˈmɪnɪstɹeɪtɚ/]
admirably	US	[/ˈæd.mɪɹ.ə.bli/]
admirals	US	[/ˈædməɹəlz/]
admiralty	US	[/ˈæd.mɪ.ɹəl.ti/]
Admiralty	US	[/ˈæd.mɪ.ɹəl.ti/]
admire	US	[/ədˈmaɪɹ/]
admired	US	[/ədˈmaɪɹd/]
admirer	US	[/ædˈmaɪ.ɹɚ/]
admirers	US	[/ædˈmaɪ.ɚ.ɚz/]
admitted	US	[/ədˈmɪtɪd/]
admitting	US	[/ədˈmɪtɪŋ/]
adobe	US	[/əˈdoʊ.bi/]
adobo	US	[/əˈdoʊboʊ/]
adopt	US	[/əˈdɑpt/]
adopted	US	[/əˈdɑptɪd/]
adoptive	US	[/əˈdɒptɪv/]
adorable	US	[/əˈdoɹ.əˌbəl/]
adorably	US	[/əˈdɔɹəbli/]
adorbs	US	[/əˈdɔɹbz/]
adore	US	[/əˈdoɹ/]
adored	US	[/əˈdɔɹd/]
adorn	US	[/əˈdɔɹn/]
adorned	US	[/əˈdɔɹnd/]
adornment	US	[/əˈdɔːnm(ə)nt/]
Adriatic	US	[/ˌeɪ.dɹiˈæt.ɪk/]
adrip	US	[/əˈdɹɪp/]
adulation	US	[/ˌæd͡ʒəˈleɪʃən/]
adulteration	US	[-eɪʃən]
adulterer	US	[/əˈdʌltəɹɚ/]
adultery	US	[/əˈdʌltəɹi/]
advance	US	[/ədˈvæns/]
advanced	US	[/ədˈvænst/]
advancing	US	[/ədˈvænsɪŋ/]
advantage	US	[/ədˈvæn.(t)ɪd͡ʒ/]
advantages	US	[/ədˈvæn.tɪ.d͡ʒɪz/]
adventurer	US	[/ædˈvɛn.t͡ʃɚ.ɚ/]
adventurous	US	[/ædˈvɛn.t͡ʃɚ.əs/]
adverb	US	[/ˈæd.vɝb/]
advergame	US	[/ˈæd.vɚˌɡeim/]
adversary	US	[/ˈæd.vəɹ.sɛɹi/]
adversity	US	[/ædˈvɝ.sɪ.ti/]
advertiser	US	[/ˈædvɚˌtaɪzɚ/]
advice	US	[/ædˈvaɪs/]
advisability	US	[/ædˌvaɪz.əˈbɪl.ə.ti/]
adviser	US	[/ædˈvaɪ.zɚ/]
advocates	US	[/ˈæd.və.keɪts/]
aedile	US	[/ˈiːdaɪl/]
Aegean	US	[/iˈd͡ʒi.ən/]
aeration	US	[/ɛːˈɹeɪʃ(ə)n/]
aerobic	US	[/ɛəˈɹoʊ.bɪk/]
aerolite	US	[/ˈɛə.ɹə.laɪt/]
aeronautics	US	[/ˌɛɚ.oʊˈnɔ.tɪks/, [ˌɛɚ.oʊˈnɔ.ɾɪks]]
aeronomy	US	[-ɒnəmi]
aerospace	US	[/ˈæ.ɹoʊˌspeɪs/]
aesthete	US	[/ˈɛs.θiːt/]
aetiology	US	[/i.tiˈɑ.lə.d͡ʒi/]
afar	US	[/əˈfɑɹ/]
affable	US	[/ˈæf.ə.bəl/]
affairs	US	[/əˈfɛɹz/]
affected	US	[/əˈfɛktɪd/]
affecting	US	[/əˈfɛktɪŋ/]
affectionate	US	[/əˈfɛkʃənət/]
affections	US	[/əˈfɛkʃənz/]
affiliate	US	[/əˈfɪl.i.ət/]
affinage	US	[/ˌɑfɪˈnɑʒ/]
affirm	US	[/əˈfɝm/]
affirmative	US	[/əˈfɝməɾɪv/]
affliction	US	[/əˈflɪkʃən/]
affordable	US	[/əˈfɔɹ.də.bəl/]
afforded	US	[/əˈfɔɹdɪd/]
affray	US	[-eɪ]
affrays	US	[-eɪz]
afloat	US	[/əˈfloʊt/]
aflutter	US	[/əˈflʌt.ɚ/]
afore	US	[/əˈfoɹ/]
afresh	US	[/ʌˈfɹɛʃ/]
Afrikaner	US	[/ˌæfɹɪˈkɑːnɚ/]
aft	US	[/æft/]
after	US	[/ˈæftəɹ/]
afterbirth	US	[/ˈæf.tɚ.bɚθ/]
aftercare	US	[/ˈæf.təɹ.kɛɹ/]
afterings	US	[/ˈæf.təɹ.ɪŋz/]
aftermath	US	[/ˈæf.tɚˌmæθ/]
afternoon	US	[/ˌæf.tɚˈnun/]
afterthought	US	[/ˈæft.ɚ.θɔt/]
afterward	US	[/ˈæf.tɚ.wɚd/]
afterwards	US	[/ˈæf.tɚ.wɚdz/]
against	US	[/əˈɡɛnst/]
Agartala	US	[/əˈɡəɹtələ/]
agathokakological	US	[/əˌɡæθəʊˌkækəˈlɒdʒɪkəl/]
agbada	US	[/æɡˈbɑdə/]
aged	US	[/eɪdʒd/]
ageing	US	[-eɪdʒɪŋ]
agency	US	[/ˈeɪ.d͡ʒən.si/]
agenesis	US	[/eɪˈd͡ʒɛnəsɪs/]
agent	US	[/ˈeɪ.d͡ʒənt/]
agents	US	[/ˈeɪ.d͡ʒənts/]
agglutinative	US	[/əˈɡluːtɪnətɪv/, [əˈɡɫut̚nəɾɪv]]
aggravated	US	[/ˈæɡ.ɹə.veɪ̯tɪd/]
aggregate	US	[/ˈæɡ.ɹɪ.ɡət/]
aggressive	US	[/əˈɡɹɛs.ɪv/]
aggressiveness	US	[/əˈɡrɛsɪvnɪs/]
aggro	US	[/ˈæɡ.ɹoʊ/]
agitated	US	[/ˈæd͡ʒɪteɪtɪd/]
agitation	US	[/æ.d͡ʒɪˈteɪ.ʃən/]
agnosia	US	[/æɡˈnoʊ.ʒə/]
agnostic	US	[/æɡˈnɑstɪk/]
ago	US	[/əˈɡoʊ/]
agog	US	[/əˈɡɑɡ/]
agone	US	[-ɒn]
agonizing	US	[/ˈæɡ.ə.naɪ.zɪŋ/]
agony	US	[/ˈæ.ɡə.niː/]
agrarian	US	[/əˈɡɹɛ(ə)ɹi.ən/]
agree	US	[/əˈɡɹi/]
agreeable	US	[/əˈɡɹiːəbl/]
agreeably	US	[/əˈɡɹiːəbli/]
agreed	US	[/əˈɡɹid/]
agreement	US	[/əˈɡɹiːmənt/]
agricultural	US	[/ˌæɡɹɪˈkʌlt͡ʃəɹəl/]
agriculturalist	US	[/ˌæɡɹɪˈkʌlt͡ʃəɹəlɪst/]
agriculture	US	[/ˈæɡɹɪˌkʌlt͡ʃɚ/]
agronomist	US	[/əˈɡɹɑːnəmɪst/]
ague	US	[/ˈeɪ.ɡju/]
aha	US	[[ɑˈhɑ], [əˈhɑ]]
ahorse	US	[/əˈhɔɹs/]
ai	US	[/ˈɑ.i/]
ailment	US	[/ˈeɪlmənt/]
air	US	[/ɛɹ/]
airbus	US	[/ˈeɹ.bʌs/]
aires	US	[/eɹz/]
airgasm	US	[/ˈɛəɹ.ɡæz.əm/]
airlift	US	[/ˈɛə.lɪft/]
airplane	US	[/ˈɛɚˌpleɪ̯n/]
airport	US	[/ˈɛɹ.pɔɹt/]
airs	US	[/ɛəɹz/]
ajar	US	[/əˈd͡ʒɑɹ/]
Ajax	US	[/ˈeɪ.d͡ʒæks/]
ajax	US	[/ˈeɪ.d͡ʒæks/]
akimbo	US	[/əˈkɪm.boʊ/]
Alabama	US	[/ˌæ.ləˈbæ.mə/]
Alabama	US	[/ˌæ.ləˈbæ.mə/]
Alabamian	US	[/ˌæləˈbæmi.ən/]
alabaster	US	[/ˈæl.əˌbæs.tɚ/]
alacrious	US	[/əˈlæk.ɹi.əs/]
alacrity	US	[/əˈlækɹɨti/]
alarm	US	[/əˈlɑɹm/]
alarmed	US	[/əˈlɑɹmd/]
alarmingly	US	[/əˈlɑɹm.ɪŋ.li/]
alarmist	US	[/əˈlɑɹmɪst/]
alas	US	[/əˈlæs/]
Alaska	US	[/əˈlæs.kə/]
alba	US	[/ˈæl.bə/]
albatross	US	[/ˈæl.bəˌtɹɔs/]
albedo	US	[/ælˈbi.doʊ/]
albeit	US	[/ɔlˈbi.ət/]
albinism	US	[/ˈælbəˌnɪzəm/]
albino	US	[/ælˈbaɪnoʊ/]
albumin	US	[/ælˈbjuː.mən/]
Albuquerque	US	[/ˈæl.bə.kɚ.ki/]
alchemist	US	[/ˈæl.kə.mɪst/]
alchemists	US	[/ˈæl.kə.mɪsts/]
alchemy	US	[/ˈælkəmi/]
alcoholic	US	[/ˌæl.kəˈhɔ.lɪk/]
alert	US	[/əˈlɝt/]
alethonym	US	[/əˈli.θəˌnɪm/]
alexia	US	[/əˈlɛk.si.ə/]
alfresco	US	[/ælˈfɹɛs.koʊ/]
alga	US	[/ˈæl.ɡə/]
Algeria	US	[/ælˈdʒɪɹiə/]
Algonquian	US	[/ælˈɡɑːŋk(w)i.ən/]
algorithm	US	[/ˈælɡəˌɹɪðəm/, [ˈæɫɡəˌɹɪðm̩]]
algorithmic	US	[/ˌælɡəˈɹɪðmɪk/]
Alhambra	US	[/ɑlˈhɑmbɹə/]
Alhambra	US	[/ælˈhæmbɹə/]
alibi	US	[/ˈæl.ə.baɪ/]
Alicia	US	[/əˈliːʃə/]
alien	US	[/ˈeɪ.li.ən/]
alignment	US	[/əˈlaɪn.mənt/]
alimentary	US	[/ˌælɪˈmɛnt(ə)ɹi/]
alimony	US	[/ˈæl.ə.moʊ.ni/]
aliquots	US	[/ˈæ.lɪ.kwɒts/]
alkali	US	[/ˈæl.kəˌlaɪ/]
alkaline	US	[/ˈæl.kə.laɪn/]
alkaloid	US	[/ˈæl.kə.lɔɪd/]
alkaloids	US	[/ˈæl.kə.lɔɪdz/]
allegiance	US	[/əˈliː.d͡ʒəns/]
allegorical	US	[/ˌæl.ɪˈɡɔɹ.ɪ.kəl/]
allegory	US	[/ˈæl.əˌɡɔɹ.i/]
allele	US	[/əˈliːl/]
allergic	US	[/əˈlɝ.d͡ʒɪk/]
alleviate	US	[/əˈli.vi.eɪt/]
allied	US	[/ˈæl.aɪd/]
alligator	US	[/ˈæl.ɪ.ɡeɪ.tɚ/]
alligators	US	[/ˈæl.ɪ.ɡeɪ.tɚz/]
allocated	US	[/ˈæl.ə.keɪ.tɪd/, [ˈæl.ə.keɪ.ɾɪd]]
allopathic	US	[/ˌæl.oʊˈpæθ.ɪk/]
allopathy	US	[/ˈæː.loʊ.pæ.θi/]
allophone	US	[/ˈæləˌfoʊn/]
allotment	US	[/əˈlɔt.mɛnt/]
allowance	US	[/əˈlaʊəns/]
allowing	US	[/əˈlaʊɪŋ/]
alluded	US	[/əˈluːdɪd/]
allusion	US	[/əˈlu.ʒən/]
allusive	US	[/əˈluː.sɪv/]
alma	US	[/ˈæl.mə/]
almirah	US	[/alˈmaɪɹə/]
almucantar	US	[/ælməˈkæntɚ/]
aloe	US	[/ˈæ.loʊ/]
aloes	US	[/ˈæ.loʊz/]
aloft	US	[/əˈlɔft/, -ɔːft]
alone	US	[/əˈloʊn/]
along	US	[/əˈlɔŋ/]
alpenglow	US	[/ˈæl.pən.ɡloʊ/]
alprazolam	US	[/ælˈpɹæz.əˌlæm/]
alright	US	[/ˌɔlˈɹaɪt/]
also	US	[/ˈɔl.soʊ/]
altar	US	[/ˈɔl.tɚ/]
alteration	US	[/ɔl.tɚˈeɪ.ʃən/]
altered	US	[/ˈɔl.tɚd/]
altersex	US	[/ˈaltɚsɛks/]
altimeter	US	[/ælˈtɪm.ɪ.tɚ/]
alto	US	[/ˈæl.toʊ/]
alumina	US	[/əˈl(j)uːmɪnə/]
aluminic	US	[-ɪnɪk]
aluminum	US	[/əˈlu.mɪ.nəm/]
alumni	US	[/əˈlʌmnaɪ/]
alums	US	[/ˈæ.ləmz/]
amalgam	US	[/əˈmæl.ɡəm/]
amanuensis	US	[/əˌmænjuˈɛnsɪs/]
amate	US	[/əˈmɑteɪ/]
amazon	US	[/ˈæm.əˌzɑn/]
amber	US	[/ˈæm.bɚ/]
ambiamorous	US	[/ˌæmbɪˈæm(ə)ɹəs/]
ambience	US	[/ˈæm.bi.əns/]
ambiguous	US	[/æmˈbɪɡ.ju.əs/, [ɛəmˈbɪɡ.ju.əs]]
ambisextrous	US	[/ˌæm.bɪˈsɛk.stɹəs/]
ambition	US	[/æmˈbɪʃ.ən/]
ambitious	US	[/æmˈbɪʃ.əs/]
ambivalent	US	[/æmˈbɪv.ə.lənt/]
ambles	US	[/ˈæm.bəlz/]
ambulant	US	[/ˈæm.bjə.lənt/]
ameliorate	US	[/əˈmiːli.əɹeɪt/]
amenorrhea	US	[/eɪˌmɛnəˈɹiə/]
Amerind	US	[/ˈæməɹənd/]
amethyst	US	[/ˈæm.ə.θɪst/]
amicable	US	[/ˈæ.mɪ.kə.bəl/]
Amis	US	[/əˈmiː/]
amity	US	[/ˈæ.mɪ.ti/, [ˈæ.mɪ.ɾi]]
Ammon	US	[[ˈɛə̯mɪ̈n]]
Ammonite	US	[[ˈɛə̯mɪ̈nʌɪ̯t̚]]
ammunition	US	[/ˌæmjuˈnɪʃən/]
amnesty	US	[/ˈæm.nɪ.sti/]
amniocentesis	US	[/ˌam.nɪ.ə(ʊ).sɛnˈtiːs.ɪs/]
amnion	US	[/ˈæm.ni.ɑːn/]
amniotic	US	[/æmniˈɑtɪk/]
Amorite	US	[/ˈæ.mɚˌaɪt/, [ˈɛə̯mɚ.ʌɪ̯t̚]]
amounted	US	[/əˈmaʊntɪd/]
amounting	US	[/əˈmaʊntɪŋ/]
amphibian	US	[/æmˈfɪbɪən/]
amphibious	US	[[æmˈfɪbi.əs]]
amphipathic	US	[/ˌæm.fəˈpæ.θɪk/]
amplitude	US	[/ˈæm.plɪ.tud/]
ampulla	US	[/æmˈpʊlə/]
amputate	US	[/ˈæmpjʊteɪt/]
amputee	US	[/ampjʊˈtiː/]
Amsterdam	US	[/ˈæmstəɹˌdæm/]
amusement	US	[/əˈmjuzmənt/]
amusing	US	[/əˈmjuːzɪŋ/]
amygdala	US	[/əˈmɪɡ.də.lə/]
anabolic	US	[/ˌænəˈbɑlɪk/]
anachronistic	US	[/əˌnæk.ɹəˈnɪs.tɪk/]
anachronize	US	[/əˈnækɹənaɪz/]
anaconda	US	[/ˌænəˈkɒndə/]
anaerobe	US	[/ˈænəˌɹoʊb/]
anaerobic	US	[/ˌænəˈɹoʊbik/]
anaesthetist	US	[/əˈniːsθ.ə.tɪst/]
anagnorisis	US	[/ˌænəɡˈnɒrɪsɪs/]
anagram	US	[/ˈæ.nə.ɡɹæm/]
anagrams	US	[/ˈæ.nə.ɡɹæms/]
analgesias	US	[/ˌænəlˈd͡ʒiːzɪəz/]
analyst	US	[/ˈænəlɪst/]
analytically	US	[/æn.əˈlɪt.ɪk.əl.li/]
analyzer	US	[/ˈæn.əˌlaɪ.zɚ/, [ˈɛən.əˌlaɪ.zɚ]]
ananke	US	[/əˈnæŋki/]
anarchistic	US	[/ˌænəɹˈkɪstɪk/]
anathema	US	[/əˈnæθəmə/]
anatomist	US	[/əˈnæt.ə.mɪst/]
anatomy	US	[/əˈnæt.ə.mi/]
anauralia	US	[/ˌæ.nɔɹˈæ.li.ə/]
ancestor	US	[/ˈæn.sɛs.tɚ/]
anchor	US	[/ˈæŋ.kɚ/]
anchovies	US	[/ænˈt͡ʃoʊ.viz/]
anchovy	US	[/ˈænt͡ʃoʊ.vi/]
ancillary	US	[/ˈæn.səˌlɛɹ.i/, [ˈɛn.səˌlɛɹ.i]]
andante	US	[/ɑnˈdɑn.teɪ/]
Andorra	US	[/ænˈdoɹ.ə/, [ænˈdo̞ɹ.ə]]
Andover	US	[/ˈændoʊvɚ/]
anecdote	US	[/ˈæn.ɪk.doʊt/]
anemometer	US	[/ænɪˈmɑmətɚ/]
aneroid	US	[/ˈænəɹɔɪd/]
aneuploid	US	[/ˈænjəplɔjd/]
aneurysm	US	[/ˈæn.jəɹ.ɪz.əm/]
anew	US	[/əˈnu/]
angelica	US	[/ænˈd͡ʒɛlɪkə/]
angelically	US	[/ænˈd͡ʒɛlɪkli/]
angels	US	[/ˈeɪn.d͡ʒəlz/]
angiosperm	US	[/ˈæn.d͡ʒi.əˌspɝm/]
Anglican	US	[/ˈæŋ.ɡlɪ.kən/]
Angola	US	[/æŋˈɡoʊlə/]
Anguillan	US	[/æŋˈɡwɪlən/]
anhedonia	US	[/ˌæn.hiˈdoʊ.ni.ə/]
anilingus	US	[/ˌeɪnɪˈlɪŋɡəs/]
animash	US	[/ˈæn.ɪ.mæʃ/]
animate	US	[/ˈæn.ə.mət/]
animation	US	[/æn.əˈmeɪ.ʃən/]
anime	US	[/ˈæn.ɪ.meɪ/]
animesque	US	[/ˌænɪˈmɛsk/]
animosity	US	[/æn.əˈmɑs.ɪ.ti/]
animu	US	[/ˈænɪmu/]
aniseed	US	[/ˈæ.nɪ.sid/]
anisomorphic	US	[/ænˌaɪ.soʊˈmɔːɹ.fɪk/]
anisopoikilocytosis	US	[/əˌnaɪ.soʊˌpɔɪ.kə.loʊ.saɪˈtoʊ.sɪs/]
anituber	US	[/ˈæn.ɪˌtu.bəɹ/]
ankh	US	[/ɑŋk/, -ɒŋk]
anna	US	[-ænə]
annalist	US	[/ˈænəlɪst/]
annals	US	[-ænəlz]
annihilate	US	[/əˈnaɪə.leɪt/]
anniversaries	US	[/ˌænɪˈvɝs(ə)ɹiz/]
annotation	US	[/ˌænəˈteɪʃən/]
announce	US	[/əˈnaʊn(t)s/]
announcer	US	[/əˈnaʊnsɚ/]
annoyance	US	[/əˈnɔɪ.əns/]
annoyingly	US	[/ʌˈnɔɪjɪŋli/]
annuity	US	[/əˈn(j)uɪti/]
annular	US	[/ˈænjəlɚ/]
anode	US	[/ˈæn.oʊd/]
anomalous	US	[/əˈnɑmələs/]
anomaly	US	[/əˈnɑ.mə.li/]
anonym	US	[/ˈæn.ə.nɪm/]
anonymity	US	[/ænəˈnɪmɪti/]
anonymous	US	[/əˈnɑ.nə.məs/]
anonymousness	US	[/əˈnɒn.ɪ.məs.nəs/]
anorexic	US	[/ænəˈɹɛksɪk/]
anosmia	US	[/æˈnɑːzmiːə/]
another	US	[/əˈnʌð.ɚ/]
anotherguess	US	[/əˈnʌðə(ɹ)ɡɪs/]
ansa	US	[/ˈæn.sə/]
answer	US	[/ˈæn.sɚ/, [ˈeən.sɚ], [ˈeən.sə]]
answered	US	[[ˈeən.sɚd], /ˈæn.sɚd/]
answering	US	[/ˈæn.sɚ.ɪŋ/, [ˈɛən.sɚ.ɪŋ]]
antagonist	US	[/ænˈtæɡənɪst/]
antarctic	US	[/ænˈtɑːktɪk/]
Antarctica	US	[/ænˈtɑɹ(k)tɪkə/, [ɛəˈɾ̃ɑɹɾɪkə]]
anteater	US	[/ˈæntˌitɚ/]
antecedence	US	[/ænˈtɛsɪdəns/]
antechamber	US	[/ˈæn.tiˌt͡ʃeɪm.bɚ/]
anterior	US	[/ænˈtɪɹ.i.ɚ/]
anteroom	US	[/ˈæn.ti.ɹʊm/]
anthill	US	[/ˈænt.hɪl/]
anthology	US	[/ænˈθɑləd͡ʒi/]
anthracite	US	[/ˈænθɹəˌsaɪt/]
anthrax	US	[/ˈæn.θɹæks/]
anthropology	US	[/ˌænθɹəˈpɑləd͡ʒi/]
anthropometric	US	[/ˌænθɹəpəˈmɛtɹɪk/, [ˌɛənθɹəpəˈmɛtɹɪk]]
anthropometry	US	[/ˌænθɹəˈpɑmɪtɹɪ/, [ˌɛənθɹəˈpɑmɪtɹɪ]]
anthropomorphic	US	[/ˌænθɹəpəˈmɔɹfɪk/]
anthropomorphism	US	[/ˌænθɹəpəˈmɔɹfɪzəm/]
anticlimax	US	[/ˈan.tiˌklaɪ.mæks/, [ˈa.ɾ̃iˌklaɪ.mæks]]
anticline	US	[/ˈæntiklaɪn/]
antiemetic	US	[/ˌænti.əˈmɛtɪk/]
antifascist	US	[[ænti(ː)], [ænti(ː)]]
antifascist	US	[[æntaɪ], [æntaɪ]]
Antiguan	US	[/ænˈtiːɡən/]
antimacassar	US	[/ˌæn.tɪ.məˈkæs.ɚ/]
antimedial	US	[-iːdiəl]
antinomianism	US	[/æntiˈnoʊmi.ənɪzəm/]
antipode	US	[/ˈæn.tɪ.poʊd/]
antipodean	US	[/ænˌtɪp.əˈdi.ən/]
antiquate	US	[/ˈæntɪˌkweɪt/]
antiquity	US	[/ænˈtɪk.wə.ti/]
antiseptic	US	[/ˌæntiˈsɛptɪk/]
antithesis	US	[/ænˈtɪ.θə.sɪs/]
Antwerp	US	[/ˈæn.twɝp/]
anymore	US	[/ˌɛn.iˈmoɹ/]
anything	US	[/ˈɛn.i.θɪŋ/]
anyway	US	[/ˈɛniweɪ/]
anyways	US	[/ˈɛn.iˌweɪz/]
anywhence	US	[/ˈɛn.ɪ.ʍɛns/]
anywhere	US	[/ˈɛn.i.(h)wɛɹ/]
anywho	US	[/ˈɛniˌhu/]
ANZAC	US	[/ˈænzæk/]
Apalachicola	US	[/ˌæpəlæt͡ʃɪˈkoʊlə/]
apart	US	[/əˈpɑɹt/]
apartment	US	[/əˈpɑɹt.mənt/]
apathy	US	[/ˈæ.pə.θi/]
aphid	US	[/ˈeɪ.fɪd/]
Aphroditus	US	[/æfɹəˈdaɪtəs/]
API	US	[/ˌeɪˌpiˈaɪ/]
apiary	US	[/ˈeɪ.pi.ɛɹ.i/]
apiece	US	[/əˈpis/]
apocopation	US	[/əˌpɑkəˈpeɪʃən/]
apogee	US	[/ˈæp.ə.d͡ʒi/]
apollo	US	[/əˈpɑloʊ/]
Apollo	US	[/əˈpɑloʊ/]
apologetic	US	[/əˌpɑləˈd͡ʒɛtɪk/]
apologist	US	[/əˈpɒl.ə.d͡ʒɪst/]
apologue	US	[/ˈæpəlɒɡ/]
apology	US	[/əˈpɑ.lə.d͡ʒi/]
apoplexy	US	[/ˈæp.ə.plɛk.si/]
apostasy	US	[/əˈpɔs.tə.si/]
apostle	US	[/əˈpɑsl̩/]
apostolic	US	[/ˌæp.əˈstɑːl.ɪk/]
apostrophe	US	[/əˈpɑs.tɹə.fi/]
apothecary	US	[/əˈpɑθəˌkɛəɹi/]
apothegm	US	[/ˈæ.pə.θɛm/]
apothem	US	[/ˈæp.ə.θɛm/]
apotheosis	US	[/əˌpɑ.θiˈoʊ.sɪs/]
app	US	[[æʔp̚]]
appal	US	[-ɔːl]
appeal	US	[/əˈpil/]
appear	US	[/əˈpɪɹ/, [əˈpʰɪɹ]]
appearance	US	[/əˈpiɹ.əns/]
appeared	US	[/əˈpɪɹd/]
appears	US	[/əˈpɪɹz/]
appellation	US	[/ˌæpəˈleɪʃən/]
append	US	[/ʌˈpɛnd/]
appendectomy	US	[-ɛktəmi]
appendicitis	US	[/əˈpɛnd.ɪ.saɪt.əs/]
appetite	US	[/ˈæpəˌtaɪt/]
appetizing	US	[/ˈæp.ə.taɪz.ɪŋ/]
applaud	US	[/əˈplɔd/]
applause	US	[/əˈplɔz/]
apple	US	[/ˈæp(ə)l/, [ˈæpɫ̩]]
appletini	US	[/ˌæp(ə)lˈtini/]
appointed	US	[/əˈpɔɪntɪd/]
apposition	US	[/ˌæpəˈzɪʃn̩/]
appraiser	US	[/əˈpɹeɪz.ɚ/]
appreciable	US	[/əˈpɹiːʃəbl/]
appreciable	US	[/əˈpɹiːʃəbl/]
apprehended	US	[-ɛndɪd]
apprenticeship	US	[/əˈpɹɛn.tɪs.ʃɪp/]
approach	US	[/əˈpɹoʊt͡ʃ/]
approachable	US	[/əˈpɹoʊ.t͡ʃə.bəl/, [əˈpɹoʊ.t͡ʃə.bl̩]]
approached	US	[/əˈpɹoʊt͡ʃt/]
approaches	US	[/əˈpɹoʊt͡ʃiz/]
approaching	US	[/əˈpɹoʊt͡ʃɪŋ/]
approval	US	[/əˈpɹuvəl/]
approving	US	[/əˈpɹuː.vɪŋ/]
approximant	US	[/əˈpɹɑksəmənt/]
approximately	US	[/əˈpɹɑk.sɪ.mət.li/]
apraxia	US	[/əˈpɹæksɪə/]
April	US	[/ˈeɪ.pɹəl/]
apropos	US	[/ˌæp.ɹəˈpoʊ/]
apter	US	[/ˈæptɚ/]
aquatint	US	[/ˈækwətɪnt/]
aqueduct	US	[/ˈæk.wəˌdʌkt/]
aquiline	US	[/ˈæk.wɪ.laɪn/]
Aquinas	US	[/əˈkwaɪnəs/]
ar	US	[/ˈɑɹ/]
arabica	US	[/əˈɹæbɪkə/]
Arabist	US	[/ˈaɹəbɪst/]
arachnid	US	[/əˈɹæknɪd/]
arachnidism	US	[/əˈɹæknɪdɪzm/]
arbitrary	US	[/ˈɑɹ.bɪˌtɹɛ(ə).ɹi/]
arbitrate	US	[/ˈɑːbɪtɹeɪt/]
arbitration	US	[/ˌɑɹ.bɪˈtɹeɪ.ʃən/, [ˌɑɹ.bəˈt̠͡ɹ̠eɪ.ʃn̩]]
arbor	US	[/ˈɑɹbɚ/]
arc	US	[/ɑɹk/]
arcade	US	[/ɑɹˈkeɪd/]
arcadian	US	[/ɑɹˈkeɪdɪən/]
Arcadian	US	[/ɑɹˈkeɪ.di.ən/]
arcading	US	[-eɪdɪŋ]
arcane	US	[/ɑɹˈkeɪn/]
arcdegree	US	[/ˈɑɹkdɪˌɡɹiː/]
arch	US	[/ɑɹt͡ʃ/]
archaeologist	US	[/ˌɑɹ.kiˈɑ.lə.d͡ʒɪst/]
archaeology	US	[/ˌɑɹ.kiˈɑ.lə.d͡ʒi/]
archaic	US	[/ɑɹˈkeɪ.ɪk/]
archbishopric	US	[/ɑɹt͡ʃˈbɪʃəpɹɪk/]
archcommander	US	[/ɑɹt͡ʃ.kəˈmændɚ/]
arched	US	[/ɑɹt͡ʃt/]
archeology	US	[/ˌɑɹ.kiˈɑ.lə.d͡ʒi/]
archipelago	US	[/ˌɑɹkəˈpɛləˌɡoʊ/]
archisynagogue	US	[/ˌɑː(ɹ)kɪˈsɪnəɡɒɡ/]
architect	US	[/ˈɑɹ.kɪˌtɛkt/]
architecture	US	[/ˈɑɹ.kɪˌtɛk.t͡ʃɚ/]
archival	US	[/ˌɑɹˈkaɪv(ə)l/]
archive	US	[/ˈɑɹkaɪv/]
archon	US	[/ˈɑː(ɹ)kən/]
Arctic	US	[/ˈɑɹ(k)tɪk/]
ardent	US	[/ˈɑɹdənt/]
ardor	US	[/ˈɑːɹdɚ/]
arduous	US	[/ˈɑɹ.d͡ʒu.əs/]
are	US	[/ɑɹ/]
area	US	[/ˈɛɹi.ə/]
arent	US	[/ˈɑɹɛnt/]
areography	US	[-ɒɡɹəfi]
argent	US	[/ˈɑɹd͡ʒənt/]
Argentina	US	[/ˌɑɹ.d͡ʒənˈti.nə/]
argon	US	[/ˈɑːɹɡɒn/]
arguable	US	[/ˈɑɹɡjuəbl/]
arguably	US	[/ˈɑɹɡjuəbli/]
argue	US	[/ˈɑɹ.ɡju/]
argumentative	US	[/ˌɑɹɡjəˈmɛn(t)ətɪv/, [-ɾɪv]]
arguments	US	[/ˈɑɹɡjəmənts/]
argumentum	US	[/ɑɹɡjuˈmɛntəm/]
argyle	US	[/ˈɑɹ.ɡaɪl/]
Aries	US	[/ˈɛɚ.iz/]
arises	US	[/əˈɹaɪzɪz/]
arising	US	[/əˈɹaɪzɪŋ/]
aristocracy	US	[/ˌɛɹ.ɪˈstɑk.ɹə.si/]
arithmetic	US	[/ˌæɹɪθˈmɛtɪk/]
arithmomania	US	[-eɪniə]
ark	US	[/ɑɹk/]
Arkite	US	[/ˈɑɹ.kaɪt/, [ˈɑɹˌkʰʌɪ̯t̚]]
arm	US	[/ɑɹm/]
armadillo	US	[/ɑɹməˈdɪloʊ/]
armchair	US	[/ˈɑɹmt͡ʃɛɚ/]
armed	US	[/ɑɹmd/]
Armenia	US	[/ɑɹˈmi.ni.ə/, [ɑɹˈmi.njə]]
Armenian	US	[/ɑɹˈmini.ən/]
armful	US	[/ˈɑɹmˌfʊl/]
armies	US	[/ˈɑɹ.miz/]
armlet	US	[/ˈɑɹmlət/]
armoire	US	[/ɑɹmˈwɑɹ/]
armor	US	[/ˈɑːɹ.mɚ/]
armor	US	[/ˈɑːɹ.mɚ/]
armpit	US	[/ˈɑɹmˌpɪt/]
arms	US	[/ɑɹmz/]
army	US	[/ˈɑɹ.mi/]
aroma	US	[/əˈɹoʊmə/]
aromatherapy	US	[/əˌrəʊməˈθɛrəpi/]
aromatic	US	[/ˌɛɹ.əˈmæt.ɪk/, [ˌɛɹ.əˈmæɾ.ɪk]]
arose	US	[-əʊz]
Arpitan	US	[/ˈɑɹ.pɪ.tən/]
arranged	US	[/əˈɹeɪnd͡ʒd/]
arrangement	US	[/əˈɹeɪnd͡ʒmənt/]
arrangements	US	[/əˈɹeɪnd͡ʒmənts/]
arranging	US	[/əˈɹeɪnd͡ʒɪŋ/]
array	US	[/əˈɹeɪ/]
arrested	US	[/əˈɹɛstɪd/]
arroyo	US	[/əˈɹɔɪ.oʊ/]
arsenic	US	[/ˈɑɹsənɪk/]
arson	US	[/ˈɑɹsən/]
art	US	[/ɑɹt/]
artery	US	[/ˈɑɹ.təɹ.i/]
artfag	US	[/ˈɑɹtˌfæɡ/]
arthropod	US	[/ˈɑːθɹəpɒd/]
articles	US	[/ˈɑɹtɪkəlz/]
articulate	US	[/ɑːɹˈtɪk.jə.lət/]
articulation	US	[/ɑɹˌtɪk.jəˈleɪ.ʃən/]
artifice	US	[/ˈɑː(ɹ)tɪfɪs/]
artillery	US	[/ɑɹˈtɪləɹi/]
artist	US	[/ˈɑɹ.tɪst/, [ˈɑɹ.ɾɪst]]
artiste	US	[/ɑɹˈtiːst/]
artistic	US	[/ɑɹˈtɪstɪk/]
artistry	US	[/ˈɑː(ɹ)tɪstɹi/]
artists	US	[/ˈɑɹ.tɪsts/]
artlang	US	[/ˈɑ(ɹ)t.læŋ/]
arts	US	[/ɑɹts/]
arum	US	[/ˈɛ(ə)ɹəm/]
ascension	US	[/əˈsɛnʃən/]
ascertain	US	[/ˌæsɚˈteɪn/]
aseptic	US	[/əˈsɛptɪk/]
ashamed	US	[/əˈʃeɪmd/]
Asher	US	[/ˈæ.ʃɚ/]
Asherite	US	[/ˈæ.ʃɚˌaɪt/, [ˈæʃɚ.ʌɪ̯t̚]]
ashore	US	[/əˈʃoɹ/]
ashtray	US	[/ˈæʃ.tɹeɪ/]
asides	US	[/əˈsaɪdz/]
askance	US	[/əˈskæns/]
asker	US	[/ˈæsk.ɚ/]
askers	US	[/ˈæsk.ɚz/]
asking	US	[/ˈæskɪŋ/]
asks	US	[/æsks/]
aspartame	US	[/ˈæspɚˌteɪm/]
aspect	US	[/ˈæspɛkt/]
aspects	US	[/ˈæspɛkts/]
asper	US	[/ˈæspɚ/]
asphyxiation	US	[/æsfɪksiˈeɪʃən/]
aspiration	US	[/ˌæspəˈɹeɪʃən/]
aspirational	US	[/ˌæspəˈɹeɪʃənəl/]
aspirationalism	US	[/ˌæs.pəˈɹeɪ.ʃə.nəl.ɪz.əm/]
aspire	US	[/əˈspaɪɚ/]
aspis	US	[/ˈæspɪs/]
Assange	US	[/əˈsɑːnʒ/]
assassinate	US	[/əˈsæs(ə)nˌeɪt/]
asscheek	US	[/ˈæst͡ʃik/]
assclown	US	[/ˈæsˌklaʊn/]
assemblage	US	[/əˈsɛmblɪd͡ʒ/]
assemble	US	[/əˈsɛmbl̩/]
assembled	US	[/əˈsɛmbl̩d/]
assembly	US	[/əˈsɛmb.li/]
assented	US	[/əˈsɛntɪd/]
assert	US	[/əˈsɝt/]
asserted	US	[/əˈsɝtɪd/]
assertion	US	[/əˈsɜɹʃən/, [əˈsɝʃn̩]]
assertive	US	[/əˈsɝtɪv/]
assgasm	US	[/ˈæsˌɡæzəm/]
asshole	US	[/ˈæsˌhoʊl/]
assiduous	US	[/əˈsɪd͡ʒu.əs/]
assignation	US	[/æsɪɡˈneɪʃən/]
assimilate	US	[/əˈsɪm.ɪ.leɪt/]
assistance	US	[/əˈsɪs.təns/]
assistant	US	[/əˈsɪstənt/]
assisting	US	[/əˈsɪstɪŋ/]
asskisser	US	[/ˈæskɪsɚ/]
assortment	US	[/əˈsɔːtmənt/]
asstastic	US	[/æsˈtæstɪk/]
assuage	US	[/əˈsweɪd͡ʒ/]
assume	US	[/əˈsuːm/]
assumed	US	[/əˈsuːmd/]
asswipe	US	[/ˈæswaɪp/]
astatine	US	[/ˈæstəˌtin/]
asteroid	US	[/ˈæst(ə)ɹɔɪd/]
asteroids	US	[/ˈæstəˌɹɔɪdz/]
asthenia	US	[/æsˈθi.ni.ə/]
astigmatism	US	[/əˈstɪɡmətɪzm̩/]
astonish	US	[/əˈstɑnɪʃ/]
astonishment	US	[/əˈstɑːnɪʃmənt/]
astral	US	[/ˈæstɹəl/]
astray	US	[/əˈstɹeɪ/]
astroid	US	[/ˈæstɹɔɪd/]
astrolabe	US	[/ˈæs.tɹəˌleɪb/]
astrologaster	US	[-æstə(ɹ)]
astrometric	US	[/ˌastɹəˈmɛtɹɪk/]
astrometry	US	[/əˈstɹɒmətɹi/]
astronomical	US	[/ˌæs.tɹəˈnɑm.ɪ.kəl/]
asylum	US	[/əˈsaɪləm/]
asylums	US	[/əˈsaɪləmz/]
asymmetric	US	[/ˌeɪ.səˈmɛt.ɹɪk/]
asymmetrical	US	[/ˌeɪsɪˈmɛtɹɪk(ə)l/]
asymmetry	US	[/eɪˈsɪmɪtɹi/]
asymptomatic	US	[/ˌeɪˌsɪm(p)təˈmætɪk/, [-ɾɪk]]
at	US	[/æt/]
ataraxia	US	[/ætəˈɹæksiə/]
atavism	US	[/ˈætəˌvɪzəm/, [ˈæɾəˌvɪzəm]]
ate	US	[/eɪt/]
athambia	US	[/əˈθæmbiə/]
atheism	US	[/ˈeɪ.θi.ɪ.zəm/]
atheist	US	[/ˈeɪθiɪst/]
Atlanta	US	[/ætˈlæntə/, [ætˈlæɾ̃ə], [ætˈlænə]]
atlatl	US	[/ˈatlat(ə)l/]
atmosphere	US	[/ˈætməsˌfɪɹ/]
atom	US	[/ˈætəm/, [ˈæɾm̩], [ˈæɾəm]]
atomic	US	[/əˈtɑː.mɪk/]
atomizer	US	[/ˈæt.əˌmaɪz.ɚ/]
atone	US	[/əˈtoʊn/, [əˈtʰoʊ̯n]]
Atropos	US	[/ˈætɹəpɒs/]
attachment	US	[/əˈtæt͡ʃmənt/]
attacked	US	[/əˈtækt/]
attacker	US	[/əˈtækɚ/]
attainment	US	[/əˈteɪnmənt/]
attainments	US	[/əˈteɪnmənts/]
attempting	US	[/əˈtɛmp.tɪŋ/]
attempts	US	[/əˈtɛmpts/]
attendant	US	[/əˈtɛndənt/]
attended	US	[/əˈtɛndɪd/]
attender	US	[-ɛndə(ɹ)]
attends	US	[-ɛndz]
attention	US	[/əˈtɛn.ʃən/]
attentive	US	[/əˈtɛntɪv/]
attenuate	US	[/əˈtɛn.juˌeɪt/]
attenuation	US	[-eɪʃən]
attestation	US	[/ˌætɛˈsteɪʃən/]
attitude	US	[/ˈætɪˌtud/, [ˈæɾɪˌtud]]
attracted	US	[/əˈtɹæktɪd/]
attribute	US	[/ˈæt.ɹɪˌbjut/]
attribution	US	[/ˌæ.tɹɪˈbju.ʃən/]
attrite	US	[/əˈtɹaɪt/]
auburn	US	[/ˈɔ.bɚn/]
Auburn	US	[/ˈɔːbə(ɹ)n/]
auction	US	[/ˈɔkʃən/]
audacity	US	[/ɔˈdæsɪti/, [ɔˈdæsɪɾi]]
audax	US	[/ˈɔː.dæks/]
audience	US	[/ˈɔdiəns/]
audio	US	[/ˈɔ.di.oʊ/, [ˈɔ.ɾi.oʊ]]
audiophile	US	[/ˈɔː.di.əʊˌfaɪl/]
auditor	US	[/ˈɔːdɪtɚ/]
auditor	US	[/ˈɔːdɪtɚ/]
aught	US	[/ɔt/]
augmentation	US	[-eɪʃən]
augury	US	[/ˈɔː.ɡjʊ.ɹi/]
Augusta	US	[/əˈɡʌstə/]
auld	US	[/oʊld/]
auricle	US	[/ˈɔɹ.ək.əl/]
auricle	US	[/ˈɔː.ɹɪk.əl/]
auricular	US	[/ɔˈɹɪk.jəl.ɚ/]
Aurora	US	[/əˈɹɔɹ.ə/]
auspice	US	[/ˈɔspɪs/]
Austen	US	[/ˈɔstɪn/]
Austin	US	[/ˈɔstɪn/]
Austria	US	[/ˈɔs.tɹi.ə/]
autarky	US	[/ˈɔˌtɑɹki/]
auteur	US	[/oʊˈtɝ/]
authoritah	US	[/əˈθɔɹətɑː/]
authors	US	[/ˈɔ.θɚz/]
autocrat	US	[/ˈɔːtəkɹæt/]
autodidactic	US	[/ˌɔːtoʊdaɪˈdæktɪk/]
autoimmune	US	[/ˌɔːtəʊɪˈmjuːn/]
automagical	US	[/ˈɑtoʊˈmæd͡ʒɪkəl/]
automaniac	US	[-eɪniæk]
automation	US	[/ˌɔ.təˈmeɪ.ʃən/, [ˌɔ.ɾəˈmeɪ.ʃən]]
autonomic	US	[/ˌɔt.əˈnɑm.ɪk/]
autonomous	US	[/ɔˈtɑnəməs/]
available	US	[/əˈveɪləb(ə)l/]
avatar	US	[/ˈæv.ə.tɑɹ/]
avenger	US	[/əˈvɛndʒə(ɹ)/]
avengers	US	[/əˈvɛndʒə(ɹ)z/]
avenue	US	[/ˈæv.əˌn(j)u/]
average	US	[/ˈæv(ə)ɹɪd͡ʒ/]
averted	US	[/əˈvɝtɪd/]
aviary	US	[/ˈeɪviˌɛəɹi/]
avocadi	US	[/æv.əˈkɑː.di/]
avoided	US	[/əˈvɔɪdɪd/]
avoiding	US	[/əˈvɔɪdɪŋ/]
avolition	US	[/ˌeɪvəˈlɪʃən/]
avuncular	US	[/əˈvʌŋkjʊlɚ/]
awakened	US	[/əˈweɪkənd/]
award	US	[/əˈwɔɹd/]
awards	US	[/əˈwɔɹdz/]
aware	US	[/əˈwɛɚ/]
awareness	US	[/əˈwɛɚ.nəs/]
aweary	US	[/əˈwɪɹi/]
awesomenessness	US	[/ˈɔːsəmnəsnəs/]
awful	US	[/ˈɔfəl/]
awkward	US	[/ˈɔkwɚd/]
awry	US	[/əˈɹaɪ/]
axiom	US	[/ˈæk.si.əm/]
axolotl	US	[/ˈæk.səˌlɑ.təl/]
Ayres	US	[/ɛəɹz/]
Azerbaijani	US	[/ˌæzəɹbaɪˈd͡ʒɑːni/]
azimuth	US	[/ˈæzɪməθ/]
baa	US	[[bæ], [bɑ]]
baboon	US	[/ˌbæˈbuːn/]
babyfur	US	[/ˈbeɪ.bi.fɜɹ/]
babyhood	US	[/ˈbeɪbihʊd/]
babyish	US	[/ˈbeɪbiɪʃ/]
babysit	US	[/ˈbeɪ.bi.sɪt/]
babysitter	US	[/ˈbeɪbiˌsɪtɚ/]
baccalaureate	US	[/bækəˈlɔːɹɪət/]
bacchanal	US	[/ˈbækənəl/]
bacchanalia	US	[/ˌbæk.əˈnɑː.lɪə/]
bacillary	US	[-ɪləɹi]
bacilli	US	[/bəˈsɪl.aɪ/]
bacillus	US	[/bæˈsɪl.əs/]
backbiter	US	[/ˈbæk.baɪt.ɚ/, [ˈbæk.baɪɾ.ɚ]]
backbone	US	[/ˈbækˌboʊn/]
backhand	US	[/ˈbækhænd/]
backhanded	US	[/ˈbækˌhændəd/]
backhoe	US	[/ˈbæk.həʊ/]
backlash	US	[/ˈbækˌlæʃ/]
backless	US	[/ˈbækləs/]
backpedal	US	[/ˈbækˌpɛdəɫ/]
backrest	US	[/ˈbækˌɹɛst/]
Backrooms	US	[/ˈbækˌɹums/]
backseater	US	[/ˈbækˌsitɚ/]
backside	US	[/ˈbækˌsaɪd/]
backspace	US	[/ˈbækˌspeɪs/]
backsplash	US	[-æʃ]
backstabber	US	[/ˈbækˌstæbɚ/]
backstroke	US	[/ˈbækˌstɹoʊk/]
backtrack	US	[/ˈbæk.tɹæk/]
backwardation	US	[/bækwəˈdeɪʃ(ə)n/]
backwoods	US	[/ˈbak.wʊdz/]
bacteria	US	[/bækˈtɪɹ.i.ə/]
bactericide	US	[/bækˈtɪəɹ.ɪˌsaɪd/]
badass	US	[/ˈbædˌæs/]
badder	US	[[ˈbæɾɚ]]
badger	US	[/ˈbæd͡ʒɚ/]
badgers	US	[-ædʒəz]
badinage	US	[/ˌbɑd.ɪˈnɑʒ/]
badminton	US	[/ˈbæd.mɪn.tən/]
baffle	US	[/ˈbæf(ə)l/]
bag	US	[/ˈbæɡ/]
bagel	US	[/ˈbeɪ.ɡəl/, [ˈbeɪ.ɡɫ̩]]
bagels	US	[/ˈbeɪɡəlz/]
baggies	US	[/ˈbæɡiz/]
bagpipe	US	[/ˈbæɡˌpaɪp/]
bagpiper	US	[/ˈbæɡ.paɪ.pɚ/]
bagpipes	US	[/ˈbæɡ.pɑɪps/]
Bahamas	US	[/bəˈhɑː.məz/]
baiji	US	[/ˈbaɪd͡ʒi/]
bailiwick	US	[/ˈbeɪ.lɪ.wɪk/]
bakemeat	US	[/ˈbeɪkˌmiːt/]
baker	US	[/ˈbeɪ.kɚ/]
baking	US	[-eɪkɪŋ]
balancer	US	[/ˈbæ.lən.sɚ/]
balcony	US	[/ˈbælkəni/]
baldacchin	US	[/ˈbældəkɪn/]
balladeer	US	[-ɪə(ɹ)]
ballgown	US	[/ˈbɔːl.ɡaʊn/]
balloon	US	[/bəˈlun/]
ballooning	US	[/bəˈluːnɪŋ/]
ballyhoo	US	[/bæliˈhuː/]
baluster	US	[/ˈbæl.ʌ.stɹ/]
balustrade	US	[/ˈbæl.ə.stɹeɪd/]
banana	US	[/bəˈnæ.nə/]
BANANA	US	[/bəˈnænə/]
bancha	US	[/ˈbɑn.t͡ʃə/]
banchan	US	[/ˈbɑn.t͡ʃɑn/]
bandolier	US	[/ˌbændəˈlɪɹ/]
bandwagon	US	[/ˈbændˌwæɡ.ən/]
banger	US	[-æŋə(ɹ)]
banjo	US	[/ˈbæn.d͡ʒoʊ/]
banknote	US	[/ˈbæŋknəʊt/]
banner	US	[/ˈbænɚ/]
baon	US	[/ˈbɐ.ʔon/]
baptism	US	[/ˈbæptɪzəm/]
bar	US	[/bɑɹ/, [bɑɹ], [bɑ˞]]
Barack	US	[/bəˈræk/]
barbacoa	US	[/ˌbɑː(ɹ)bəˈkoʊ.ə/]
barbarian	US	[/bɑɹˈbɛəɹ.i.ən/]
barbarism	US	[/ˈbɑɹbəˈɹɪzm̩/]
barbarous	US	[/ˈbɑː(ɹ)bəɹəs/]
Barbenheimer	US	[/ˈbɑɹˌbənhaɪmər/]
barber	US	[/ˈbɑɹ.bɚ/]
Barbie	US	[/ˈbɑɹbi/]
Barbudan	US	[/bɑɹˈbjuːdən/]
bard	US	[/bɑɹd/]
barefoot	US	[/ˈbɛɹfʊt/]
barely	US	[/ˈbɛɹ.li/]
bares	US	[/bɛɹz/]
barfight	US	[/ˈbɑː(ɹ)faɪt/]
barfs	US	[/bɑɹfs/]
bargain	US	[/ˈbɑːɹɡən/]
bargirl	US	[/ˈbɑː(ɹ)ɡɜː(ɹ)l/]
baristo	US	[/bəˈɹɪstəʊ/]
bark	US	[/bɑɹk/]
barking	US	[/ˈbɑɹkɪŋ/]
barley	US	[/ˈbɑɹli/]
barmpot	US	[/ˈbɑɹmˌpɑt/]
barney	US	[/ˈbɑɹni/]
Barnsley	US	[/ˈbɑː(ɹ)nsli/]
barometer	US	[/bəˈɹɑ.mə.tɚ/, [bəˈɹɑ.mə.ɾɚ]]
barrack	US	[/ˈbæɹ.ək/]
barrage	US	[/bəˈɹɑʒ/]
barre	US	[/bɑɹ/, [bɑɹ], [bɑ˞]]
barring	US	[/ˈbɑːɹɪŋ(ɡ)/]
barroom	US	[-uːm]
barside	US	[/ˈbɑɹ.saɪd/]
baseless	US	[/ˈbeɪsləs/]
bases	US	[/ˈbeɪsɪz/]
Bash	US	[-æʃ]
basidium	US	[/bəˈsɪdɪəm/]
basilica	US	[/bəˈsɪlɪkə/]
basis	US	[/ˈbeɪ.sɪs/]
bask	US	[/bæsk/]
basks	US	[/bæsks/]
bassoon	US	[/bəˈsun/]
bassoons	US	[/bəˈsuːnz/]
basswood	US	[/ˈbæswʊd/]
bastard	US	[/ˈbæs.tɚd/]
baster	US	[/ˈbeɪstɚ/]
basters	US	[/ˈbeɪstɚz/]
basting	US	[/ˈbeɪstɪŋ/]
bathtub	US	[/ˈbæθtʌb/]
bathwater	US	[/ˈbæθwɔtɚ/]
bathymetry	US	[/bəˈθɪm.ə.tɹi/]
baton	US	[/bəˈtɑn/]
batter	US	[/ˈbætəɹ/, [ˈbæɾɚ]]
battered	US	[/ˈbætəɹd/]
batterie	US	[/ˈbætəɹi/]
batteries	US	[/ˈbæt(ə)ɹiz/]
battery	US	[/ˈbæt.əɹi/]
battle	US	[/ˈbætl̩/, [ˈbæɾɫ̩], [bætɫ̩]]
battleground	US	[/ˈbætəlˌɡɹaʊnd/]
battology	US	[/bæˈtɑː.lə.d͡ʒi/]
bauble	US	[/ˈbɔbəl/]
bauxite	US	[/ˈbɔːksaɪt/]
bavarois	US	[/ˌbɑvɚˈwɑ/]
bawdily	US	[/ˈbɔːdɪli/]
bawl	US	[/bɔl/]
bayard	US	[/ˈbeɪ.ɚd/]
bazaar	US	[/bəˈzɑɹ/]
BDSM	US	[-ɛm]
be	US	[/biː/]
beach	US	[/bit͡ʃ/]
beachhead	US	[/ˈbiːt͡ʃhɛd/]
beanbag	US	[/ˈbiːnbæɡ/]
bear	US	[/bɑɹ/]
bearberry	US	[/ˈbɛəb(ə)ɹi/]
bearing	US	[/ˈbɛɹɪŋ/]
bearings	US	[-ɛəɹɪŋz]
bears	US	[/bɛɹz/]
bearskin	US	[/ˈbɛəɹ.skɪn/]
beatify	US	[/biˈætɪfaɪ/]
beatitude	US	[/biˈætɪtud/]
Beatles	US	[/ˈbiːtl̩z/, [ˈbiːɾɫ̩z]]
beautician	US	[/bjuːˈtɪ(t)ʃən/]
beautiful	US	[/ˈbju.tɪ.fəl/, [bju.ɾə.fəl]]
beautifully	US	[/ˈbjuːtɪf(ə)li/]
beauty	US	[/ˈbjuti/, [-ɾi]]
beaver	US	[/ˈbivɚ/]
Beckett	US	[/ˈbɛkɪt/]
becloud	US	[/bɪˈklaʊd/]
becomingly	US	[/bɪˈkʌmɪŋli/]
bed	US	[/bɛd/]
bedding	US	[/ˈbɛdɪŋ/, [ˈbɛɾɪŋ]]
beddy	US	[-ɛdi]
bedrunken	US	[-ʌŋkən]
bedsheet	US	[/ˈbɛdʃiːt/]
bedside	US	[/ˈbɛdˌsaɪd/]
bedsit	US	[/ˈbɛdˌsɪt/]
bedspread	US	[/ˈbɛd.spɹɛd/]
bedtime	US	[/ˈbɛdtaɪm/]
bedwetter	US	[/ˈbɛdwɛtɚ/]
beechen	US	[/ˈbiːt͡ʃən/]
beefsteak	US	[/ˈbiːfˌsteɪk/]
been	US	[/bɪn/]
beestings	US	[/ˈbiː.stɪŋz/]
beetle	US	[/ˈbiːtəl/, [ˈbiɾəɫ]]
beeves	US	[-iːvz]
befallen	US	[/bɪˈfɔlən/]
befitting	US	[/bɪˈfɪt.ɪŋ/]
befog	US	[-ɒɡ]
beforehand	US	[/bɪˈfɔɹhænd/]
befuddle	US	[-ʌdl]
begadkefat	US	[/bəˈɡɑd.kəˌfɑt/]
beggar	US	[/ˈbɛɡɚ/]
beggary	US	[/ˈbɛɡəɹi/]
beginner	US	[/bəˈɡɪnɚ/]
beginning	US	[/bɪˈɡɪn.ɪŋ/]
begot	US	[-ɒt]
begun	US	[/bɪˈɡʌn/]
behalf	US	[/bɪˈhæf/]
behavior	US	[/bɪˈheɪvjɚ/]
beignet	US	[/bɛnˈjeɪ/]
beings	US	[/ˈbiːɪŋz/]
Beirut	US	[/beɪˈɹuːt/]
bel	US	[/bɛl/]
belch	US	[/ˈbɛltʃ/]
Belgium	US	[/ˈbɛld͡ʒəm/]
believer	US	[/bɪˈlivɚ/]
belittle	US	[/bɪˈlɪt.əl/]
bellboy	US	[/ˈbɛlˌbɔɪ/]
belligerent	US	[/bəˈlɪd͡ʒ.ə.ɹənt/]
bellow	US	[/ˈbɛloʊ/]
bellows	US	[/ˈbɛl.oʊz/]
bellwether	US	[/ˈbɛlwɛðɚ/]
bellyache	US	[/ˈbɛliˌeɪk/]
bellywash	US	[/ˈbɛli.wɑʃ/]
Beloit	US	[/bəˈlɔɪt/]
belonged	US	[/bɪˈlɔŋd/]
belonging	US	[/bɪˈlɔŋɪŋ/]
belongs	US	[/bɪˈlɔŋz/]
Belorussianism	US	[/ˌbɛləˈɹʌʃənɪzəm/]
below	US	[/bɪˈloʊ/]
beluga	US	[/bəˈluɡə/]
belvedere	US	[/ˈbɛl.vəˌdɪɹ/]
benchmark	US	[/ˈbɛn(t)ʃmɑːk/]
benchmarking	US	[/ˈbɛnt͡ʃmɑɹk/]
benefactor	US	[/ˈbɛnəˌfæktɚ/]
beneficent	US	[/bəˈnɛ.fə.sənt/]
benefit	US	[/ˈbɛn.ə.fɪt/]
bento	US	[/ˈbɛntoʊ/]
benzodiazepine	US	[/ˌbɛnzoʊdaɪˈæzɪpiːn/]
bepaint	US	[-eɪnt]
berdache	US	[/bəɹˈdæʃ/]
berestology	US	[/ˌbɛɹəsˈtɑləd͡ʒi/]
beret	US	[/bəˈɹeɪ/]
bergamot	US	[/ˈbɝɡəˌmɑt/]
beryllium	US	[/bəˈɹɪl.i.əm/]
besmear	US	[-ɪə(ɹ)]
besmirch	US	[/bɪˈsmɝːt͡ʃ/]
bespatter	US	[/biˈspætɚ/]
bespectacled	US	[/bɪˈspɛktəkəld/]
bespoke	US	[/bəˈspoʊk/]
bespoke	US	[/bəˈspoʊk/]
bester	US	[-ɛstə(ɹ)]
bestowal	US	[/bɪˈstoʊ.əl/]
bestowed	US	[/bɪˈstoʊd/]
beta	US	[/ˈbeɪtə/]
betrothal	US	[/bɪˈtɹoʊ.ðəl/]
better	US	[/ˈbɛtəɹ/]
beverage	US	[/ˈbɛv(ə)ɹɪd͡ʒ/]
beware	US	[-ɛə(ɹ)]
bewilderment	US	[/bɪˈwɪldəɹmənt/]
beyond	US	[/biˈ(j)ɑnd/]
bezel	US	[/ˈbɛz.əl/]
Bhojpuri	US	[/ˌboʊd͡ʒˈpʊəri/]
bialy	US	[/biˈæl.i/]
biased	US	[/ˈbaɪəst/]
biathlon	US	[/baɪˈæθˌlɑn/]
biblical	US	[/ˈbɪblɪkəl/]
bibliomaniac	US	[-eɪniæk]
bibulous	US	[/ˈbɪb.jʊ.ləs/]
bibulously	US	[/ˈbɪbjʊləsli/]
bicameral	US	[/bʌɪˈkaməɹəl/]
bicentennial	US	[/ˌbaɪsɛnˈtɛnɪəl/]
biceps	US	[/ˈbaɪ.sɛps/]
bicrural	US	[/ˌbaɪˈkɹʊɹ.əl/]
bicuspid	US	[/baɪˈkʌspɪd/]
bicycle	US	[/ˈbaɪsɪk(ə)l/]
bidet	US	[/bɪˈdeɪ/]
biennial	US	[/baɪˈɛn.i.əl/]
bigamous	US	[/ˈbɪɡəməs/]
bigamy	US	[/ˈbɪɡəmi/]
bigender	US	[/baɪˈd͡ʒɛn.dɚ/]
Bigfoot	US	[/ˈbɪɡˌfʊt/]
bigger	US	[/ˈbɪɡɚ/]
bigotry	US	[/ˈbɪɡ.ə.tɹi/]
bigrant	US	[/ˈbaɪɡɹənt/]
Bihar	US	[/bɪˈhɑɹ/]
bike	US	[[bɐɪk]]
bilge	US	[/bɪld͡ʒ/]
bilk	US	[-ɪlk]
Billerica	US	[/bɪlˈɹɪkə/]
billy	US	[-ɪli]
bimbo	US	[/ˈbɪmboʊ/]
bimedial	US	[-iːdiəl]
binder	US	[/ˈbaɪndɚ/]
bingo	US	[/ˈbɪŋ.ɡoʊ/]
binimetinib	US	[/bɪnɪˈmɛtɪnɪb/, [-ɾə-]]
bioaccumulation	US	[-eɪʃən]
bioanalytical	US	[/baɪoʊˌænəˈlɪtɪkəl/]
biochemical	US	[/ˌbaɪəʊˈkɛmɪkəl/]
biochemist	US	[/ˌbʌɪə(ʊ)ˈkɛmɪst/]
biocide	US	[/ˈbaɪoʊsaɪd/]
biodegradation	US	[-eɪʃən]
biodiversity	US	[/ˌbaɪoʊdəˈvɚsəti/, [-ɾi]]
biofabrication	US	[-eɪʃən]
biofuel	US	[/ˈbaɪ.əʊˌfjʊ(.ə)l/]
biogeography	US	[-ɒɡɹəfi]
biography	US	[/baɪˈɑɡɹəfi/]
bioinformatics	US	[/ˌbaɪoʊˌɪnfɚˈmætɪks/]
biological	US	[/ˌbaɪ.əˈlɑ.d͡ʒɪ.kəl/]
biomass	US	[/ˈbaɪoʊˌmæs/]
biometric	US	[/ˌbaɪ.oʊˈmɛt.ɹɪk/]
bionomical	US	[/ˌbaɪəˈnɑməkəl/]
biorhythm	US	[/ˈbaɪ.oʊˌɹɪð.əm/]
biosynthesis	US	[/ˌbaɪoʊˈsɪn.θə.sɪs/]
biotechnology	US	[/ˈbaɪəʊˌtɛk.nɒl.əʊ.dʒi/]
bioterror	US	[/ˈbaɪəʊˌtɛɹə(ɹ)/]
biotic	US	[/baɪˈɑ.tɪk/]
biped	US	[/ˈbaɪpɛd/]
biphobia	US	[/ˈbaɪˌfoʊbi.ə/]
biracial	US	[-eɪʃəl]
birch	US	[/bɝt͡ʃ/]
bird	US	[/bɜɹd/, [bɝˑɖ]]
birdbrain	US	[/ˈbɚd.bɹeɪn/]
birdhouse	US	[/bɝdhaʊs/]
birdlime	US	[/ˈbɝdlaɪm/]
birdlore	US	[/ˈbɝd.lɔɹ/]
birds	US	[/bɝdz/]
birdwatcher	US	[/ˈbɜː(ɹ)dˌwɒtʃ.ə(ɹ)/]
bis	US	[/baɪz/]
biscotti	US	[/bɪˈskɑti/, [bɪˈskɑɾi]]
bisector	US	[/ˈbaɪˌsɛktɚ/]
bishop	US	[/ˈbɪʃəp/]
bishopric	US	[/ˈbɪʃəpɹɪk/]
bishops	US	[/ˈbɪʃəps/]
bitten	US	[-ɪtən]
bitter	US	[/ˈbɪtɚ/, [ˈbɪɾɚ]]
bitterly	US	[/ˈbɪtəɹli/]
bizarreness	US	[/bɪˈzɑɹ.nəs/]
blabbermouth	US	[/ˈblæb.ə(ɹ)ˌmaʊθ/]
blackball	US	[/ˈblækbɑl/]
blackberry	US	[/ˈblækbɛɹi/]
blackbird	US	[/ˈblækˌbɚd/]
blacklist	US	[/ˈblæklɪst/]
blacklisted	US	[/ˈblæk.lɪstəd/]
blackouts	US	[/ˈblækaʊts/]
blacksmith	US	[/ˈblæk.smɪθ/]
blacksnake	US	[/ˈblaksneɪk/]
bladder	US	[/ˈblædɚ/]
blanket	US	[/ˈblæŋkɪt/]
blankets	US	[/ˈblæŋkɪts/]
blankly	US	[/ˈblæŋk.li/]
blare	US	[/blɛ(ə)ɹ/]
blarney	US	[/ˈblɑɹni/]
Blarney	US	[/ˈblɑɹni/]
blast	US	[/blæst/]
blasted	US	[/ˈblæs.tɪd/]
bleach	US	[/bliːt͡ʃ/]
bleacher	US	[/ˈbli.t͡ʃɚ/]
blender	US	[/ˈblɛn.dɚ/]
blent	US	[-ɛnt]
blessings	US	[/ˈblɛs.ɪŋz/]
blindfold	US	[/ˈblaɪndfəʊld/]
blindside	US	[/ˈblaɪndˌsaɪd/]
blinker	US	[/ˈblɪŋkəɹ/]
blithely	US	[/ˈblaɪðli/]
blivit	US	[/ˈblɪv.ɪt/]
blizzard	US	[/ˈblɪ.zɚd/]
bloated	US	[/ˈbloʊtɪd/]
blob	US	[/blɑb/]
bloc	US	[/blɑk/]
block	US	[/blɑk/]
blockbust	US	[/ˈblɑkbʌst/]
blockbuster	US	[/ˈblɑkˌbʌs.tɚ/]
blocked	US	[/blɑkt/]
blocker	US	[-ɒkə(ɹ)]
blockquote	US	[/ˈblɑk.kwoʊt/]
blocks	US	[/blɑks/]
blocs	US	[/blɑks/]
bloke	US	[/bloʊk/]
blood	US	[/blʌd/]
bloodlust	US	[/ˈblʌdˌlʌst/]
bloodshed	US	[/ˈblʌdˌʃɛd/]
bloodstream	US	[/ˈblʌd.stɹɪim/]
blossom	US	[/ˈblɑ.səm/]
blossoms	US	[/ˈblɑ.səms/]
blot	US	[/blɑt/]
blotter	US	[-ɒtə(ɹ)]
bloviate	US	[/ˈbloʊ.viˌeɪt/]
blow	US	[/bloʊ/]
blowfish	US	[/ˈbloʊˌfɪʃ/]
Blowfish	US	[/ˈbloʊˌfɪʃ/]
blowing	US	[/ˈbloʊ.ɪŋ/]
blowjob	US	[/ˈbloʊd͡ʒɑb/]
blown	US	[/bloʊn/]
blows	US	[/bloʊz/]
blowtorch	US	[/ˈbloʊˌtoɹt͡ʃ/]
blud	US	[/blʌd/]
bludgeon	US	[/ˈblʌd͡ʒ.ən/]
blueberry	US	[/ˈbluˌbɛ.ɹi/]
bluer	US	[/ˈbluː.ə(ɹ)/]
bluggy	US	[-ʌɡi]
blunder	US	[/ˈblʌn.dɚ/]
blunderbuss	US	[/ˈblʌn.dɚˌbʌs/]
blur	US	[/blɝ/]
blurs	US	[/blɝz/]
blurt	US	[/ˈblɝt/]
blushingly	US	[/ˈblʌʃɪŋli/]
bluster	US	[/ˈblʌs.tɚ/]
bo	US	[/boʊ/]
boar	US	[/boɹ/]
board	US	[/bɔɹd/]
boarder	US	[/ˈbɔɹdɚ/]
boars	US	[/bɔɹz/]
boast	US	[/boʊst/]
boat	US	[/boʊt/]
boater	US	[/ˈboʊ.tɚ/]
boatie	US	[/ˈbəʊti/]
boats	US	[/boʊts/]
bob	US	[/bɑb/]
bobber	US	[-ɒbə(ɹ)]
bobcat	US	[/ˈbɔb.kæt/]
bocce	US	[/ˈbɑt͡ʃi/]
bodice	US	[/ˈbɑdɪs/]
bodily	US	[/ˈbɑdɪli/]
body	US	[/ˈbɑdi/, [ˈbɑɾi]]
bodybuilder	US	[/ˈbɑ.diˌbɪl.dəɹ/, [ˈbɑː.ɾiˌbɪɫ.ɾɚ]]
bodybuilding	US	[/ˈbɑ.diˌbɪl.dɪŋ/]
bofa	US	[/ˈboʊ.fə/]
bog	US	[/bɔɡ/]
bogus	US	[/ˈboʊ.ɡəs/]
boilermaker	US	[/ˈbɔɪləɹmeɪkɚ/]
boingy	US	[/ˈbɔɪŋˌɡiː/]
Boise	US	[/ˈbɔɪsiː/]
bold	US	[/boʊld/]
bole	US	[/bol/]
boli	US	[/ˈbəʊli/]
bolt	US	[/boʊlt/]
bolted	US	[/ˈboʊltɪd/]
bolus	US	[-əʊləs]
BOM	US	[/bɑm/]
bomb	US	[/bɑm/]
bombastic	US	[/bɑmˈbæs.tɪk/]
bond	US	[/bɑnd/]
bondage	US	[/ˈbɑn.dɪd͡ʒ/]
bonds	US	[/bɑndz/]
bondsman	US	[/ˈbɑndzmən/]
bone	US	[/boʊn/]
bones	US	[/boʊnz/]
bonfire	US	[/ˈbɑnˌfaɪɚ/, [ˈb̥ɒ̃ɱfaɛ̯ɚ]]
bonito	US	[-iːtəʊ]
bonkers	US	[/ˈbɑŋkɚz/]
bonnet	US	[/ˈbɑn.ɪt/]
bonus	US	[/ˈboʊ.nəs/]
bony	US	[/ˈboʊni/]
boogie	US	[/ˈbʊ.ɡi/]
book	US	[/bʊk/]
bookfluencer	US	[/ˈbʊkflu.ənsə(ɹ)/]
bookkeeping	US	[/ˈbʊkˌkiːpɪŋ/]
books	US	[/bʊks/]
bookshelf	US	[/ˈbʊkˌʃɛlf/]
bookstore	US	[/ˈbʊkstɔː/]
bookworm	US	[/ˈbʊk.wɜːm/]
Boolean	US	[/ˈbuli.ən/]
boondoggle	US	[/ˈbundɑɡl̩/]
boor	US	[/bʊɹ/]
boot	US	[/but/]
booter	US	[/ˈbuːtɚ/]
booth	US	[/buːθ/]
bootstrap	US	[/ˈbuːtˌstɹæp/]
borderline	US	[/ˈboɹ.dɚˌlaɪn/]
bore	US	[/boɹ/]
bored	US	[/bɔɹd/]
bored	US	[/bɔɹd/]
boregasm	US	[/ˈboɹ.ɡæ.zəm/]
boric	US	[-ɔːɹɪk]
boring	US	[/ˈboɹ.ɪŋ/]
borrow	US	[/ˈbɑɹ.oʊ/]
borrowed	US	[/ˈbɑɹoʊd/]
borrowing	US	[/ˈbɔrəwɪŋ/]
Bosnia	US	[/ˈbɑz.ni.ə/]
bosomy	US	[/ˈbʊzəmi/]
boson	US	[/ˈboʊ.zɒn/]
bot	US	[/bɑt/]
botch	US	[/bɑt͡ʃ/]
both	US	[/bəʊθ/]
bothy	US	[/ˈbɑθi/]
Botswana	US	[/bɑːtˈswɑːnə/]
bottle	US	[/ˈbɑ.təl/, [ˈb̥ɑɾɫ̩]]
bottlenose	US	[/ˈbɒtəlnəʊz/]
bottom	US	[/ˈbɑtəm/, [ˈbɑɾəm]]
bottoms	US	[/ˈbɑt.əms/, [ˈbɑɾ.əms]]
boudin	US	[/buˈdæ̃/]
bought	US	[/bɔt/]
boulder	US	[/ˈboʊldɚ/]
boundary	US	[/ˈbaʊndəɹi/]
bow	US	[/boʊ/]
bowdlerize	US	[/ˈbaʊd.ləɹˌaɪz/]
bowels	US	[/baʊ.əlz/]
bowhead	US	[/ˈbəʊhɛd/]
bowl	US	[/boʊl/, [boɫ]]
bowled	US	[/boʊld/]
bowler	US	[/ˈboʊ.lɚ/]
bowsprit	US	[/ˈbəʊspɹɪt/]
bowtie	US	[/boʊˈtaɪ/]
bowyer	US	[/ˈbɔɪ.ɚ/]
box	US	[/bɑks/]
boxered	US	[/ˈbɑksəɹd/]
boxes	US	[/ˈbɑksɪz/]
boxty	US	[/bɑksti/]
boychik	US	[/ˈbɔɪ.t͡ʃɪk/]
boyfu	US	[/ˈbɔɪ.fu/]
boyhood	US	[/ˈbɔɪˌhʊd/]
boymoder	US	[/ˈbɔɪ.moʊ.dəɹ/]
boypreggers	US	[/ˈbɔɪˌpɹɛ.ɡəɹs/]
boyremove	US	[/ˈbɔɪ.ɹɪˌmuv/]
bozo	US	[/ˈbəʊ.zəʊ/]
brachysyllabic	US	[/ˌbɹæk.i.sɪˈlæb.ɪk/]
braggadocio	US	[/ˌbɹæɡ.əˈdoʊ.ʃiˌoʊ/]
braggart	US	[/ˈbɹæɡɚt/]
braids	US	[/bɹeɪdz/]
brainchild	US	[/ˈbɹeɪnˌt͡ʃaɪld/]
brainectomy	US	[-ɛktəmi]
brainstorm	US	[/ˈbɹeɪnstɔɹm/]
bramble	US	[/ˈbɹæm.bəl/]
brass	US	[/bɹæs/]
brasser	US	[/ˈbɹæzəɹ/]
brassiere	US	[/bɹəˈzɪɚ/]
brattily	US	[/ˈbɹætɪli/, [ˈbɹæɾɪli]]
bravely	US	[/ˈbɹeɪvli/]
brawn	US	[/bɹɔn/]
braxy	US	[/ˈbɹaksi/]
Brazos	US	[/ˈbɹæzəs/]
brazy	US	[/ˈbɹeɪzi/]
breadbasket	US	[/ˈbɹɛdˌbæskɪt/]
breadcrumb	US	[/ˈbɹɛdˌkɹʌm/]
breadfruit	US	[/ˈbɹɛdfɹuːt/]
breadmaker	US	[/ˈbɹɛdˌmeɪkɚ/]
breakage	US	[/ˈbɹeɪkɪd͡ʒ/]
breakaway	US	[/ˈbɹeɪkəweɪ/]
breakthrough	US	[/ˈbɹeɪk.θɹuː/]
breakthru	US	[/ˈbɹeɪkθɹuː/]
breakwater	US	[/ˈbɹeɪkˌwɔːtə/]
breastfeed	US	[/ˈbɹɛs(t)fiːd/]
breathability	US	[/ˌbɹiː.ðəˈbɪl.ə.ti/]
breathe	US	[/bɹið/]
breather	US	[-iːðə(ɹ)]
breathing	US	[/ˈbɹiðɪŋ/]
breathing	US	[/ˈbɹiðɪŋ/]
breathtaking	US	[/ˈbɹɛθˌteɪ.kɪŋ/]
breeches	US	[/ˈbɹiː.t͡ʃɪz/]
brethren	US	[/ˈbɹɛðɹən/]
Brethren	US	[/ˈbɹɛðɹən/]
breviary	US	[/ˈbɹɛv.i.ɛɹ.i/]
brickwork	US	[/ˈbɹɪk.wɝk/]
bricky	US	[-ɪki]
bridgmanite	US	[/ˈbɹɪd͡ʒmənaɪt/]
brighten	US	[[ˈbɹaɪ̯ʔn̩]]
brighter	US	[/ˈbɹaɪtɚ/, [ˈbɹaɪ̯ɾɚ]]
brightest	US	[/ˈbɹaɪtɪst/]
brilliance	US	[/ˈbɹɪljən(t)s/]
brilliant	US	[/ˈbɹɪljənt/]
brimstone	US	[/ˈbɹɪmstoʊn/]
brinkmanship	US	[/ˈbɹɪŋk.mənˌʃɪp/]
briquette	US	[/bɹɪˈkɛt/]
briskness	US	[/ˈbɹɪsk.nəs/]
britches	US	[/ˈbɹɪt͡ʃɪz/]
broach	US	[/bɹoʊt͡ʃ/]
broadcast	US	[/ˈbɹɔdkæst/]
broader	US	[/bɹɔdɚ/]
broadly	US	[/bɹɔd.li/]
Broadway	US	[/ˈbɹɔdweɪ/]
broadway	US	[/ˈbɹɔːdweɪ/]
brocon	US	[/ˈbɹoʊ.kɑn/]
brogue	US	[/bɹoʊɡ/]
broiler	US	[/ˈbɹɔɪlɚ/]
broke	US	[/bɹoʊk/]
bromic	US	[-əʊmɪk]
bromide	US	[/ˈbɹoʊ.maɪd/]
bronc	US	[-ɒŋk]
brontobyte	US	[/ˈbɹɒntəbaɪt/]
bronze	US	[/bɹɑnz/]
brook	US	[/bɹʊk/]
Brook	US	[/bɹʊk/]
Brooke	US	[/bɹʊk/]
Brooklyn	US	[/ˈbɹʊk.lən/]
bros	US	[/bɹoʊz/]
broski	US	[/ˈbɹoʊ̯skiː/]
broth	US	[/bɹɔθ/]
brother	US	[/ˈbɹʌðɚ/]
brothers	US	[/ˈbɹʌðɚz/]
brotus	US	[/ˈbɹoʊ.təs/]
brouhaha	US	[/ˈbɹuː.hɑː.hɑː/]
brow	US	[/bɹaʊ/]
browbeat	US	[/ˈbɹaʊ.biːt/]
bruckback	US	[[ˈbɹʌk.bæk]]
bruit	US	[/bɹut/]
Brunei	US	[/bɹuːˈnaɪ/]
brusque	US	[/bɹʌsk/]
brute	US	[/bɹut/]
Brythonic	US	[/bɹɪˈθɒnɪk/]
bubble	US	[/ˈbʊb.əl/]
buccally	US	[/ˈbʌkəli/]
Buckinghamshire	US	[/ˈbʌk.ɪŋ.əm.ʃə(ɹ)/]
buckle	US	[/ˈbʌk(ə)l/]
bucolic	US	[/bjuˈkɑlɪk/]
Buddha	US	[/ˈbudə/]
buddha	US	[/ˈbudə/]
budget	US	[/ˈbʌd͡ʒ.ɪt/]
budgets	US	[/ˈbʌd͡ʒɪts/]
buffalo	US	[/ˈbʌf.ə.loʊ/]
buffer	US	[/ˈbʌfɚ/]
bugaboo	US	[/ˈbʌɡəbuː/]
buildings	US	[/ˈbɪldɪŋz/]
bulkhead	US	[/ˈbʌlk.hɛd/]
bulky	US	[/ˈbʌlki/]
bull	US	[/ˈbʊl/]
bullets	US	[/ˈbʊl.ɪts/]
bullshot	US	[/ˈbʊlʃɒt/]
bullycide	US	[/ˈbʊ.li.saɪd/]
bulwark	US	[/ˈbʊl.wɚk/]
bumbershoot	US	[/ˈbʌmbəɹˌʃut/]
bumblebee	US	[/ˈbʌmbəlˌbiː/]
bumbo	US	[-ʌmbəʊ]
bumboclaat	US	[[bʌmbəklɑt]]
bummer	US	[-ʌmə(ɹ)]
bumper	US	[/ˈbʌmpəɹ/]
bumster	US	[/ˈbʌmstə/]
bunch	US	[/bʌnt͡ʃ/]
buncher	US	[-ʌntʃə(ɹ)]
Bundaberg	US	[/ˈbʌn.də.bɝɡ/]
bunkum	US	[/ˈbʌŋkəm/]
bur	US	[/bɝ/]
burden	US	[/ˈbɝdn̩/]
burette	US	[/bjʊˈɹɛt/]
burgeon	US	[/ˈbɝː.d͡ʒən/]
burgeoning	US	[/ˈbɝ.d͡ʒə.nɪŋ/]
burgess	US	[/ˈbɜːd͡ʒɪs/]
burglarize	US	[/ˈbɜː(ɹ)ɡləɹaɪz/]
burial	US	[/ˈbɛɹiəl/]
burial	US	[/ˈbɛɹiəl/]
burka	US	[-ɜː(ɹ)kə]
Burma	US	[/ˈbɝmə/]
Burmese	US	[/bɝˈmiz/]
burn	US	[/bɝn/]
burned	US	[/ˈbɝnd/]
burning	US	[/bɝnɪŋ/]
burr	US	[/bɝ/]
Burr	US	[/bɝ/]
bursiform	US	[/ˈbɝsɪfɔɹm/]
bursitis	US	[/bɝˈsaɪ.tɪs/]
burst	US	[/bɝst/]
bursting	US	[/ˈbɝstɪŋ/]
Burundi	US	[/bʊˈɹundi/]
bush	US	[/bʊʃ/]
bushes	US	[/ˈbʊʃɪz/]
bushido	US	[/buˈʃi.doʊ/]
busker	US	[/ˈbʌskɚ/]
buster	US	[-ʌstə(ɹ)]
but	US	[-ʌt]
butane	US	[/ˈbjuːteɪn/]
butler	US	[/ˈbʌt.lɚ/]
butter	US	[/ˈbʌtɚ/, [ˈbʌɾɚ]]
buttercup	US	[/ˈbʌt.ɚ.kʌp/]
buttered	US	[/ˈbʌtəɹd/]
butterface	US	[/ˈbʌ.təɹˌfeɪs/]
buttjob	US	[/ˈbʌt.dʒɑb/]
buttock	US	[/ˈbʌtək/, [ˈbʌɾək]]
buttocks	US	[/ˈbʌtəks/]
buxom	US	[/ˈbʌksəm/]
buyer	US	[/ˈbaɪ.ɚ/]
buzzword	US	[/ˈbʌzwɜɹd/]
caboodle	US	[-uːdəl]
caca	US	[/ˈkɑkə/]
cachalot	US	[/ˈkæ.ʃəˌlɑt/]
cachinnate	US	[/ˈkækɪneɪt/]
cacophonous	US	[/kəˈkɑfənəs/]
cacophony	US	[/kəˈkɑfəni/]
cacti	US	[/ˈkæktaɪ/]
cacti	US	[/ˈkæktaɪ/]
cactus	US	[/ˈkæktəs/]
cacuminal	US	[/kəˈkjuːmənəl/]
cadaver	US	[/kəˈdævɚ/]
cadenza	US	[/kəˈdɛnzə/]
caesium	US	[/ˈsiːzi.əm/]
caesura	US	[/səˈʒʊɹə/]
cager	US	[-eɪdʒə(ɹ)]
cahoots	US	[/kəˈhuts/]
cairn	US	[/kɛ(ə)ɹn/]
Cairo	US	[/ˈkaɪɹoʊ/]
cajole	US	[/kəˈd͡ʒoʊl/]
cakewalk	US	[/ˈkeɪk.wɔk/]
calamity	US	[/kəˈlæmɪti/]
calced	US	[/kælst/]
calcium	US	[/ˈkælsi.əm/]
calculator	US	[/kæl.kjə.leɪ.tɚ/, [ˈkʰæɫ.kjəˌleɪ̯.ɾɚ]]
calculus	US	[/ˈkæl.kjə.ləs/]
calefaction	US	[/ˌkælɪˈfækʃən/]
calendar	US	[/ˈkæl.ən.dɚ/, [ˈkʰæl.(ə)n.dɚ]]
calendrical	US	[/kəˈlɛndɹɪkl̩/]
calf	US	[/kæf/]
Californication	US	[/ˌkælɪˈfɔɹnɪˈkeɪʃən/]
calipee	US	[/ˈkælɪpiː/]
caliper	US	[/ˈkælɪpɚ/]
call	US	[/kɔl/, [kʰɔɫ]]
calligram	US	[/ˈkæl.ɪˌɡɹæm/]
calligraphic	US	[/ˌkælɪˈɡɹæfɪk/]
calling	US	[/ˈkɔlɪŋ/, [kʰɔlɪŋ]]
calls	US	[/kɔlz/]
calmly	US	[/ˈkɑː(ɹ)m.li/]
calorie	US	[/ˈkæləɹi/]
Calumet	US	[/ˌkæljʊˈmɛt/]
calumniate	US	[/kəˈlʌmni.eɪt/]
calves	US	[/kævz/]
camber	US	[/ˈkæm.bɚ/]
Cambodia	US	[[kæmˈboʊdi.ə]]
camel	US	[/ˈkæm(ə)l/]
cameo	US	[/ˈkæm.i.oʊ/]
camisole	US	[/ˈkamɪsəʊl/]
camogie	US	[/kəˈmoʊɡi/]
campaigner	US	[/kæmˈpeɪnə(ɹ)/]
camper	US	[/ˈkæmpɚ/]
campfire	US	[[ˈkʰɛə̯mpˌfaɪ̯ɚ]]
camphor	US	[/ˈkæmfɚ/]
campus	US	[/ˈkæmpəs/]
camshaft	US	[/ˈkæmʃæft/]
camwhore	US	[/ˈkæmhɔɹ/]
Canada	US	[/ˈkænədə/]
canard	US	[/kəˈnɑɹd/]
canary	US	[/kəˈnɛəɹi/]
cancer	US	[/ˈkænsɚ/]
candidly	US	[/ˈkændɪdli/]
candied	US	[/ˈkæn.diːd/]
candlelight	US	[/ˈkæn.dl̩ˌlaɪt/]
candles	US	[/ˈkændl̩z/]
cane	US	[[kʰẽːn], [kʰẽːn]]
cannabinoid	US	[/ˈkænəbəˌnɔɪd/]
cannabis	US	[/ˈkænəbɪs/]
cannibalism	US	[/ˈkanɪbəlɪz(ə)m/]
cannonball	US	[/ˈkænənˌbɔːl/]
cannula	US	[/ˈkænjʊlə/]
canoes	US	[/kəˈnuːz/]
canopy	US	[/ˈkæ.nə.pi/]
cantilevered	US	[/ˈkæntɪˌlivə(ɹ)d/]
Cantonese	US	[/kæn.təˈniz/]
cantor	US	[-æntə(ɹ)]
canvass	US	[/ˈkænvəs/]
capable	US	[[ˈkʰeɪ̯pəbl̩], [ˈkʰeɪ̯pəbl̩]]
capacitor	US	[/kəˈpæ.sə.tɚ/]
capacity	US	[/kəˈpæsɪti/]
caper	US	[/ˈkeɪpɚ/]
capillary	US	[/ˈkæpɪˌlɛɹi/]
capital	US	[/ˈkæpɪtəl/]
capitation	US	[/kapɪˈteɪʃən/]
capping	US	[/ˈkapɪŋ/]
Capricorn	US	[/ˈkæp.ɹɪˌkɔɹn/]
Capricornus	US	[/ˌkæpɹɪˈkɔːɹnəs/]
capsicum	US	[/ˈkæpsɪkəm/]
captivating	US	[/ˈkæptɪveɪtɪŋ/, [ˈkæptɪveɪɾɪŋ]]
captive	US	[/ˈkæptɪv/]
captor	US	[/ˈkæptɚ/]
car	US	[/kɑɹ/]
carbohydrate	US	[/kɑːɹboʊˈhaɪdɹeɪt/]
carbon	US	[/ˈkɑɹ.bən/]
carbonated	US	[/ˈkɑɹ.bəˌneɪ.təd/]
carbonize	US	[/ˈkɑɹ.bən.aɪz/]
carbuncle	US	[/ˈkɑɹˌbʌŋ.kl̩/]
carburetor	US	[/ˈkɑɹb(j)əˌɹeɪtɚ/]
carcass	US	[/ˈkɑɹkəs/]
card	US	[-ɑː(ɹ)d]
cardboard	US	[/ˈkɑɹdbɔɹd/]
carder	US	[/ˈkɑɹ.dɚ/]
carders	US	[/ˈkɑɹ.dɚz/]
cardiac	US	[/ˈkɑɹdiˌæk/]
cardial	US	[/ˈkɑɹ.di.əl/]
cardinality	US	[/kɑɹdɪnælɪti/]
cards	US	[/kɑɹdz/]
care	US	[/kɛɚ/, [kʰe(ə̯)ɹ], [kʰɛ(ə̯)ɹ]]
cared	US	[/kɛɹd/]
carefree	US	[/ˈkɛɹfɹi/]
careful	US	[/ˈkɛ(ə)ɹfəl/]
carefully	US	[/ˈkɛɹf(ə)li/]
carelessness	US	[/ˈkɛɹləsnəs/]
cares	US	[/kɛɹz/]
cargo	US	[/ˈkɑɹɡoʊ/]
carillon	US	[/ˈkɛɹɪˌlɑn/]
caring	US	[/ˈkɛɹ.ɪŋ/]
Carlos	US	[/ˈkɑɹloʊs/]
carnation	US	[/kɑɹˈneɪ.ʃən/]
carp	US	[/ˈkɑɹp/]
carpal	US	[/ˈkɑɹ.pəl/]
carpet	US	[/ˈkɑɹpət/]
carport	US	[/kɑː(ɹ).pɔːt/]
carrageenan	US	[/ˌkɛɹəˈɡinən/]
cars	US	[/ˈkɑɹz/]
carsick	US	[-ɑː(ɹ)sɪk]
carsickness	US	[/ˈkɑː(ɹ)ˌsɪk.nəs/]
cart	US	[/kɑɹt/]
cartographic	US	[/ˌkɑɹ.təˈɡɹæf.ɪk/]
cartography	US	[/kɑɹˈtɑɡɹəfi/]
cartoon	US	[/kɑɹˈtuːn/]
cartouche	US	[/kɑɹˈtuʃ/]
cartridge	US	[/ˈkɑɹtɹɪd͡ʒ/]
carts	US	[/kɑɹts/]
carve	US	[/kɑɹv/]
carved	US	[/kɑɹvd/]
carver	US	[/ˈkɑɹvɚ/]
carving	US	[/ˈkɑɹvɪŋ/]
casemate	US	[/ˈkeɪsmeɪt/]
cases	US	[/ˈkeɪsɪz/]
cask	US	[/kæsk/]
cassata	US	[/kəˈsɑtə/]
cast	US	[/kæst/]
castaway	US	[/ˈkæs.tə.weɪ/]
caste	US	[/kæst/]
Castilian	US	[/kəˈstɪljən/]
casting	US	[/ˈkæstɪŋ/]
castle	US	[-æsəl]
castling	US	[/ˈkæstlɪŋ/]
Castries	US	[/ˈkæstɹiːz/]
casualty	US	[/ˈkæʒjʊəlti/]
casuistry	US	[/ˈkæʒuːəstɹi/]
catalogue	US	[/ˈkæt.əˌlɔɡ/]
catalogue	US	[/ˈkæt.əˌlɔɡ/]
catalysis	US	[/kəˈtæləsɪs/]
catalyst	US	[/ˈkæt.ə.lɪst/]
catamenia	US	[/kætəˈmiːnɪə/]
catamenial	US	[/kætəˈmiːnɪəl/]
catastrophe	US	[/kəˈtæstɹəfi/]
catechism	US	[/ˈkætɪˌkɪzəm/]
catechize	US	[/ˈkætɪkaɪz/]
categories	US	[/ˈkætəˌɡɔɹiz/]
catenary	US	[/ˈkætəˌnɛɹi/]
cater	US	[/ˈkeɪɾɚ/]
catercorner	US	[/ˈkætəˌkɔɹnɚ/]
caterer	US	[/ˈkeɪtəɹɚ/]
caterwaul	US	[/ˈkæt.ɚ.wɔl/]
catfucker	US	[/ˈkætˌfʌkɚ/]
catgirl	US	[/ˈkætˌɡɜɹl/]
catharsis	US	[/kəˈθɑɹˌsɪs/]
cathartic	US	[-ɑː(ɹ)tɪk]
cathedral	US	[/kəˈθiː.dɹəl/]
catholic	US	[/ˈkæθ(ə)lɪk/]
catholic	US	[/ˈkæθ(ə)lɪk/]
Catilinarian	US	[/ˌkætɪlɪˈnɛəɹiən/]
catnip	US	[/ˈkætnɪp/]
cattle	US	[[ˈkʰæɾ(ə)ɫ]]
Caucasus	US	[/ˈkɔːkəsəs/]
caulk	US	[/kɔk/]
cause	US	[/kɔz/, [kʰɒːz̥]]
caused	US	[/kɔzd/, [kʰɒzd]]
causeway	US	[/ˈkɔːz.weɪ/]
caution	US	[/ˈkɔʃ(ə)n/]
cautionary	US	[/ˈkɔʃəˌnɛɹi/]
cautious	US	[/ˈkɔːʃəs/]
cavalry	US	[/ˈkævəlɹi/]
cavate	US	[/ˈkeɪ.veɪt/]
cavort	US	[/kəˈvɔɹt/]
caw	US	[/kɔ/]
caws	US	[/kɔz/]
CCCP	US	[/si.si.si.piː/]
ceaseless	US	[/ˈsiːsləs/]
cedar	US	[/ˈsi.dɚ/]
celebrate	US	[/ˈsɛl.ə.bɹeɪt/]
celebrated	US	[/ˈsɛl.ə.bɹeɪ.tɪd/]
celebratory	US	[/ˈsɛləbɹəˌtɔːɹi/]
celibate	US	[/ˈsɛləbət/]
cellist	US	[/ˈt͡ʃɛlɪst/]
cello	US	[/ˈt͡ʃɛloʊ/]
cement	US	[/səˈmɛnt/]
cenotaph	US	[/ˈsɛn.əˌtæf/]
censer	US	[/ˈsɛn.sɚ/]
censor	US	[/ˈsɛnsɚ/]
censorship	US	[/ˈsɛnsɚʃɪp/]
census	US	[/ˈsɛnsəs/]
centavo	US	[/sɛnˈtɑːvoʊ/]
centered	US	[/ˈsɛn.təɹd/]
centime	US	[-iːm]
centrality	US	[/sɛnˈtɹæl.ə.ti/, [sɛnˈtɹæl.ə.ɾi]]
centrally	US	[/ˈsɛnt.ɹə.li/]
centre	US	[/ˈsɛn.tɚ/, [ˈsɛ.ɾ̃ɚ]]
centred	US	[/ˈsɛn.təɹd/]
centuries	US	[/ˈsɛn.t͡ʃə.ɹiz/]
cephalad	US	[/ˈsɛfəlæd/]
cereal	US	[/ˈsɪɚ.i.əl/]
ceremonies	US	[/ˈsɛɹɪˌmoʊniz/]
ceremony	US	[/ˈsɛɹ.əˌmoʊ.ni/]
ceremony	US	[/ˈsɛɹ.əˌmoʊ.ni/]
Ceres	US	[/ˈsɪəɹiːz/]
certainty	US	[/ˈsɝtn̩ti/]
certification	US	[/ˌsɝtɪfɪˈkeɪʃən/, [ˌsɝɾɪfɪˈkeɪʃən]]
cervical	US	[/ˈsɝ.vɪk.l̩/]
cetaceous	US	[-eɪʃəs]
chafe	US	[/t͡ʃeɪf/]
chaffinch	US	[/ˈt͡ʃæfɪnt͡ʃ/]
chagrin	US	[/ʃəˈɡɹɪn/]
chair	US	[/t͡ʃɛɚ/]
chairman	US	[/ˈtʃɛɹ.mən/]
chairmanship	US	[/ˈtʃɛɹ.mənˌʃɪp/]
chairs	US	[/t͡ʃɛɹz/]
chalant	US	[/ʃəˈlɑnt/]
chalaza	US	[/kəˈleɪzə/]
chalkboard	US	[/t͡ʃɔk.bɔː(ɹ)d/]
challenged	US	[/ˈt͡ʃæl.ənd͡ʒd/]
chalupa	US	[/t͡ʃəˈluːpə/]
chamber	US	[/ˈt͡ʃeɪmbɚ/]
chambers	US	[/ˈt͡ʃeɪmbɚz/]
chamfer	US	[/ˈt͡ʃæm.fɚ/]
championship	US	[/ˈt͡ʃæmpi.ənʃɪp/]
championships	US	[/ˈt͡ʃæmpi.ənʃɪps/]
chance	US	[/t͡ʃæns/]
chancellery	US	[/ˈt͡ʃænt.slə.ɹi/]
chances	US	[/ˈt͡ʃænsɪz/]
chandelier	US	[/ˌʃæn.dəˈlɪɚ/]
changeling	US	[/ˈt͡ʃeɪnd͡ʒlɪŋ/]
changes	US	[/ˈt͡ʃeɪnd͡ʒɪz/]
changing	US	[/ˈt͡ʃeɪnd͡ʒɪŋ/]
chant	US	[/t͡ʃænt/]
chanteuse	US	[/ʃɑnˈtuːz/]
chaos	US	[/ˈkeɪ.ɑs/]
chaplain	US	[/ˈt͡ʃæp.lɪn/]
chapter	US	[/ˈt͡ʃæptɚ/]
chapters	US	[/ˈt͡ʃæptɚz/]
characteristics	US	[/ˌkɛɹəktəˈɹɪstɪks/]
characterized	US	[/ˈkɛɹəktəɹaɪzd/]
charcoal	US	[/ˈt͡ʃɑɹ.koʊl/]
charcuterie	US	[/ʃɑɹˈkutəɹi/, [ʃɑɹˈkuɾəɹi]]
chard	US	[/t͡ʃɑɹd/]
Chardonnay	US	[/ˌʃɑː(ɹ)dəˈneɪ/]
chardonnay	US	[/ˌʃɑɹ.dnˈeɪ/]
charge	US	[/t͡ʃɑɹd͡ʒ/]
charged	US	[/t͡ʃɑɹd͡ʒd/]
charges	US	[/ˈt͡ʃɑɹd͡ʒɪz/]
charging	US	[/ˈt͡ʃɑɹd͡ʒɪŋ/, [ˈt͡ʃaɹd͡ʒɪŋ]]
charioteer	US	[/ˌt͡ʃɛ.ɹi.əˈtɪɹ/]
charisma	US	[/kəˈɹɪzmə/]
charities	US	[/ˈt͡ʃɛɹətiz/]
Charlemagne	US	[/ˈʃɑɹləˌmeɪn/]
Charleston	US	[/ˈtʃɑɹlstən/]
Charlotte	US	[/ˈʃɑɹlət/]
charlotte	US	[/ˈʃɑɹlət/]
charm	US	[/t͡ʃɑɹm/]
charmed	US	[/t͡ʃɑɹmd/]
charms	US	[/t͡ʃɑɹmz/]
chart	US	[/t͡ʃɑɹt/]
chasm	US	[/ˈkæzəm/]
chatbot	US	[/ˈtʃætbɑt/]
chateau	US	[-əʊ]
cheapen	US	[/ˈtʃiːpən/]
checkitis	US	[/ˌt͡ʃɛkˈaɪt.əs/]
checkmate	US	[/ˈt͡ʃɛkmeɪt/]
cheer	US	[/t͡ʃɪɹ/]
cheerfully	US	[/ˈt͡ʃɪɹfəli/]
cheering	US	[/ˈt͡ʃɪɹɪŋ/]
cheerio	US	[/ˈt͡ʃɪəɹ.i.oʊ/, [ˈt͡ʃiɹi.oʊ̯]]
Cheerios	US	[/ˈt͡ʃɪɹ.i.oʊz/]
cheerleader	US	[/ˈtʃɪə(ɹ)ˌliːdə(ɹ)/]
cheerless	US	[-ɪə(ɹ)ləs]
cheers	US	[/t͡ʃɪɹz/]
cheese	US	[/t͡ʃiz/]
cheezburger	US	[-ɜː(ɹ)ɡə(ɹ)]
Cheka	US	[/ˈtʃɛkə/]
chelate	US	[/ˈtʃɪːˌleɪt/]
chelation	US	[/kiːˈleɪʃən/]
Chelmsford	US	[/t͡ʃɛlmzfəd/]
chemist	US	[/ˈkɛmɪst/]
chemistry	US	[/ˈkɛm.ɪ.stɹi/]
chemo	US	[/ˈkimoʊ/]
chemosterilant	US	[/ˈkɪiməʊ.stɛ.ɹɪlənt/]
chequer	US	[/ˈt͡ʃɛkə/]
chereme	US	[/ˈkɪəɹiːm/]
Cherokee	US	[/ˌt͡ʃɛ.ɹəˈkiː/]
chesticle	US	[/ˈt͡ʃɛs.tɪ.kl̩/]
chevon	US	[/ˈʃɛvən/]
chiasmus	US	[/kaɪˈæzməs/]
chicanery	US	[/ʃɪˈkeɪn(ə)ɹi/]
Chichewa	US	[/t͡ʃɪˈt͡ʃɛwə/]
chickpea	US	[/ˈt͡ʃɪkˌpiː/]
chiffchaff	US	[/ˈt͡ʃɪf.t͡ʃæf/]
childbed	US	[/ˈt͡ʃaɪl(d)bɛd/]
childishness	US	[/ˈt͡ʃaɪld.ɪʃ.nəs/]
children	US	[/ˈt͡ʃɪldɹən/]
chile	US	[/ˈt͡ʃɪli/]
chili	US	[/ˈt͡ʃɪli/]
chiliagon	US	[/ˈkɪliəɡən/]
chiliahedron	US	[/kɪlɪəˈhiːdɹən/]
china	US	[/ˈt͡ʃaɪnə/]
chinning	US	[/ˈt͡ʃɪnɪŋ/]
chlorine	US	[/ˈklɔɹin/]
chlorite	US	[/ˈklɔɹˌaɪt/]
chlorous	US	[-ɔːɹəs]
choad	US	[/tʃoʊd/]
chockablock	US	[/ˈt͡ʃɒkəˌblɒk/]
chocolate	US	[/ˈt͡ʃɔk(ə)lɪt/]
chocolatine	US	[-iːn]
chocolatini	US	[-iːni]
chode	US	[/tʃoʊd/]
choked	US	[/t͡ʃoʊkt/]
choking	US	[/ˈt͡ʃoʊkɪŋ/]
cholera	US	[/ˈkɑləɹə/]
chomp	US	[/t͡ʃɑmp/]
chonies	US	[/ˈtʃoʊ.nis/]
chop	US	[/t͡ʃɑp/]
chopped	US	[/t͡ʃɑpt/]
chopper	US	[/ˈt͡ʃɑ.pɚ/]
chopstick	US	[/ˈt͡ʃɑp.stɪk/]
chopsticks	US	[/ˈt͡ʃɑpstɪks/]
Chorasmian	US	[/kəˈɹæz.mi.ən/]
chord	US	[/kɔɹd/]
chorister	US	[/ˈkɔɹɪstɚ/]
chortle	US	[/ˈt͡ʃɔɹtəl/, [ˈt͡ʃɔɹɾɫ̩]]
chose	US	[/t͡ʃoʊz/]
chowder	US	[/ˈt͡ʃaʊdɚ/]
chowderhead	US	[/ˈt͡ʃaʊdɚhɛd/]
chrestomathy	US	[/kɹɛˈstɒməθi/]
Chrismahanukwanzakah	US	[/ˌkɹɪs.məˌhɑ.nəˈkwɑn.zə.kə/]
Chrismukkah	US	[/ˈkɹɪsmʊkə/]
Christianity	US	[/ˌkɹɪst͡ʃiˈænɪti/]
chromatid	US	[/ˈkɹəʊmətɪd/]
chrome	US	[/kɹoʊm/]
chromic	US	[-əʊmɪk]
chromium	US	[/ˈkɹoʊ.mi.əm/]
chronological	US	[/ˌkɹɒnəˈlɒd͡ʒɪkəl/]
chronometer	US	[/kɹəˈnɑ.mə.tɚ/, [kɹəˈnɑ.mə.ɾɚ]]
chrysopoeia	US	[/kɹɪsəˈpiːə/]
chthonophagia	US	[/ˌθɑn.oʊˈfeɪ.d͡ʒi.ə/]
chubby	US	[/ˈt͡ʃʌbi/]
chucklehead	US	[/ˈt͡ʃʌkl̩ˌhɛd/]
church	US	[/t͡ʃɝt͡ʃ/]
Church	US	[-ɜː(ɹ)tʃ]
churches	US	[/ˈt͡ʃɝt͡ʃɪz/]
churchyard	US	[/ˈt͡ʃɝt͡ʃ.jɑɹd/]
churl	US	[/t͡ʃɝl/]
churlish	US	[/ˈt͡ʃɝːlɪʃ/]
churn	US	[/t͡ʃɝn/]
churnalism	US	[/ˈtʃəːnəlɪzəm/]
chutzpah	US	[/ˈxʊts.pɑ/]
chymistry	US	[/ˈkɪ.mə.stɹi/]
chyron	US	[/ˈkaɪɹɑn/]
CIA	US	[/ˌsiːˌaɪˈeɪ/]
cichlid	US	[/ˈsɪklɪd/]
cider	US	[/ˈsaɪ̯.dɚ/]
cigar	US	[/sɪˈɡɑɹ/]
cinches	US	[-ɪntʃɪz]
cinema	US	[/ˈsɪn.ə.mə/]
cinque	US	[/sɪŋk/]
cinque	US	[/sæŋk/]
cipher	US	[/ˈsaɪfɚ/]
circa	US	[/ˈsɝkə/]
circle	US	[/ˈsɝkl̩/]
circles	US	[/ˈsɝkl̩z/]
circuit	US	[/ˈsɝ.kɪt/]
circular	US	[/ˈsɝ.kjə.lɚ/]
circulate	US	[/ˈsɚ.kjʊˌleɪt/]
circulation	US	[/ˌsɝkjʊˈleɪʃən/]
circumflex	US	[/ˈsɝ.kəmˌflɛks/]
circumlocutionary	US	[/ˌsɝːkəmləˈkjuːʃənɛɹi/]
circumnavigate	US	[/ˌsɝ.kəmˈnæv.ɪ.ɡeɪt/]
circumnavigation	US	[-eɪʃən]
circumpolar	US	[-əʊlə(ɹ)]
circumscribe	US	[/ˈsɝ.kəm.skɹaɪb/]
circumspect	US	[/ˈsɝ.kəm.spɛkt/]
circumstance	US	[/ˈsɝ.kəmˌstæns/]
circumstances	US	[/ˈsɝkəmstænsɪz/]
circus	US	[/ˈsɝkəs/]
cirrhosis	US	[/sɪˈɹoʊ.sɪs/]
cisgender	US	[/sɪsˈd͡ʒɛndɚ/]
cister	US	[/ˈsɪs.tɚ/]
cistern	US	[/ˈsɪs.tɚn/]
cisters	US	[/ˈsɪs.tɚz/]
citizens	US	[/ˈsɪt.ɪ.zənz/]
citizenship	US	[/sɪtɪzənʃɪp/]
citogenesis	US	[/ˌsaɪt.əʊˈdʒɛn.ə.sɪs/]
citrus	US	[/ˈsɪtɹəs/]
city	US	[/ˈsɪti/]
civilian	US	[/sɪˈvɪljən/]
civilisation	US	[/ˌsɪv.ɪ.lɪˈzeɪ.ʃən/]
civilised	US	[/ˈsɪv.ɪ.laɪzd/]
civilized	US	[/ˈsɪv.ɪ.laɪzd/]
civvies	US	[/ˈsɪv.is/]
clairvoyant	US	[/ˌklɛɹˈvɔɪ.ənt/]
clamor	US	[/ˈklæm.ɚ/]
clamour	US	[/ˈklæm.ɚ/]
clang	US	[-æŋ]
clapboard	US	[/ˈklæb(ə)ɹd/]
claps	US	[/klæps/]
claptrap	US	[/ˈklæpˌtɹæp/]
clash	US	[/klæʃ/]
clasp	US	[/klæsp/]
classes	US	[/ˈklæsɪz/]
classical	US	[/ˈklæsɪkl̩/]
classless	US	[/ˈklæsləs/]
classwork	US	[/ˈklæsˌwɝk/]
classy	US	[-ɑːsi, -æsi]
clathrate	US	[/ˈklæθɹeɪt/]
clause	US	[/klɔz/]
claustrophobia	US	[/ˌklɑː.strəˈfoʊ.bi.ə/]
claw	US	[/klɔ/]
claymore	US	[/ˈkleɪmɔːɹ/]
clean	US	[/klin/, [kʰl̥ĩn]]
cleansing	US	[/ˈklɛn.zɪŋ/]
clear	US	[/klɪɹ/]
cleared	US	[/klɪɹd/]
clearer	US	[/ˈklɪɹɚ/]
clearing	US	[/ˈklɪɹ.ɪŋ/]
clearly	US	[/ˈklɪɚli/]
clematis	US	[/ˈklɛmətɪs/]
clement	US	[/ˈklɛmənt/]
clergy	US	[/ˈklɝd͡ʒi/]
clerical	US	[/ˈklɛɹɪkəl/]
clerk	US	[/klɝk/]
clever	US	[/ˈklɛvɚ/]
cleverness	US	[/ˈklɛvɚnəs/]
cliche	US	[/kliˈʃeɪ/]
cliffhanger	US	[/ˌklɪfˈhæŋ.ə(ɹ)/]
cliffy	US	[-ɪfi]
climatology	US	[/klaɪ.mɪˈtɑ.lə.d͡ʒi/]
clingfilm	US	[/ˈklɪŋfɪlm/]
clingwrap	US	[/ˈklɪŋˌɹæp/]
clinicide	US	[/ˈklɪnɪˌsaɪd/]
clithrophobia	US	[/klɪθɹəˈfoʊbiə/]
cloaca	US	[/kloʊˈeɪkə/]
cloak	US	[/ˈkloʊk/]
clod	US	[/klɑd/]
clodhopper	US	[/ˈklɑdˌhɑpɚ/]
clogger	US	[-ɒɡə(ɹ)]
cloister	US	[/ˈklɔɪstɚ/]
clone	US	[-əʊn]
clong	US	[/ˈklɑŋ/]
clopper	US	[-ɒpə(ɹ)]
clopping	US	[-ɒpɪŋ]
close	US	[/kloʊz/]
closed	US	[/kloʊzd/]
closely	US	[/ˈkləʊsliː/]
closeness	US	[/ˈkloʊs.nəs/]
closer	US	[/ˈkloʊ.sɚ/]
closer	US	[/ˈkloʊ.sɚ/]
closes	US	[/ˈkloʊzɪz/]
closest	US	[/ˈkloʊ.sɪst/]
closet	US	[/ˈklɑzɪt/]
closing	US	[/ˈkloʊzɪŋ/]
closure	US	[-əʊʒə(ɹ)]
clothe	US	[/ˈkloʊð/]
clothed	US	[/ˈkloʊðd/]
clothes	US	[/kloʊ(ð)z/]
clothes	US	[/kloʊ(ð)z/]
clothier	US	[/ˈkloʊðiə(ɹ)/]
clothing	US	[/ˈkloʊðɪŋ/]
cloudy	US	[/ˈkɫaʊdi/]
clove	US	[/kloʊv/]
cloverleaf	US	[/ˈkloʊvɚliːf/]
cloze	US	[/kloʊz/]
club	US	[/klʌb/]
clumsiness	US	[/ˈklʌm.zi.nəs/]
clumsy	US	[/ˈklʌmzi/]
clunky	US	[-ʌŋki]
coach	US	[/koʊt͡ʃ/, [kʰoʊ̯t͡ʃ]]
coagulate	US	[/koʊˈæɡ.jə.leɪt/]
coaled	US	[/koʊld/]
coalesce	US	[/ˌkoʊ.əˈlɛs/]
coarse	US	[/koɹs/, [kʰo̞ɹs]]
coast	US	[/koʊst/]
coat	US	[/koʊt/]
coats	US	[/koʊts/]
coax	US	[/koʊks/]
coaxial	US	[/koʊˈæk.sɪi.əl/]
cob	US	[/kɑb/]
cobble	US	[/ˈkɑ.bəl/, [ˈkɑ.bl̩]]
cobbler	US	[/ˈkɑblɚ/]
cobbler	US	[/ˈkɑbəlɚ/]
cobblestone	US	[/ˈkɑbl̩ˌstoʊn/]
cobweb	US	[/ˈkɒbwɛb/]
cocainomaniac	US	[-eɪniæk]
coccyx	US	[/ˈkɑksɪks/]
cock	US	[/kɑk/]
cocksucker	US	[-ɒksʌkə(ɹ)]
cockwarm	US	[/ˈkɑkˌwoɹm/]
cockwarming	US	[/ˈkɑkˌwoɹ.mɪŋ/]
coco	US	[/ˈkoʊ.koʊ/]
cocoa	US	[/ˈkoʊ.koʊ/]
cod	US	[/kɑd/]
coda	US	[/ˈkoʊ.də/]
codeine	US	[/ˈkoʊˌdiːn/]
codes	US	[/koʊdz/]
codex	US	[/ˈkoʊdɛks/]
codomain	US	[/ˌkoʊ.doʊˈmeɪn/]
codpiece	US	[/ˈkɒdˌpiːs/]
coelacanth	US	[/ˈsiː.lə.kænθ/]
coerce	US	[/koʊˈɝs/]
coffeemaking	US	[/ˈkɒf.i.meɪkɪŋ/]
coffeetini	US	[/ˈkɔ.fiˈtini/]
coffer	US	[/ˈkɔfɚ/]
coffin	US	[/ˈkɔfɪn/]
coffle	US	[/ˈkɔfl̩/]
cogent	US	[/ˈkoʊd͡ʒn̩t/]
cogitable	US	[/ˈkɑd͡ʒɪtəbəl/]
cogitabund	US	[/ˈkɑd͡ʒɪtəˌbʌnd/]
cognomen	US	[/kɒɡˈnoʊ.mən/]
cohere	US	[/koʊˈhɪɚ/]
coherence	US	[/koʊˈhɪɹ.ən(t)s/]
cohesive	US	[/koʊˈhiː.sɪv/]
cohort	US	[/ˈkoʊ̯.hɔɹt/]
coincide	US	[/ˌkoʊɪnˈsaɪd/]
cola	US	[/ˈkoʊlə/]
cold	US	[/koʊld/]
coldly	US	[/ˈkoʊldli/]
coldness	US	[/ˈkoʊldnəs/]
coleus	US	[/ˈkəʊ.li.əs/]
collar	US	[/ˈkɑ.ləɹ/]
collared	US	[/ˈkɑ.ləɹd/]
collected	US	[/kəˈlɛktɪd/]
collecting	US	[/kəˈlɛktɪŋ/]
collections	US	[/kəˈlɛkʃənz/]
college	US	[/ˈkɑlɪd͡ʒ/]
colleges	US	[/ˈkɑləd͡ʒɪz/]
collimator	US	[-eɪtə(ɹ)]
colloidal	US	[-ɔɪdəl]
colloquy	US	[/ˈkɒ.lə.kwi/]
collusion	US	[/kəˈluːʒən/]
cologne	US	[/kəˈloʊn/]
Colombia	US	[/kəˈlʌm.bi.ə/]
colonel	US	[/ˈkɝnəl/]
colonelcy	US	[/ˈkɜɹnəlsi/, [ˈkʰɚnl̩si]]
colonists	US	[/ˈkɑlənɪsts/]
colonoscopy	US	[/kɑləˈnɑskəpi/]
colophon	US	[/ˈkɒləfən/]
color	US	[/ˈkʌl.ɚ/]
coloration	US	[-eɪʃən]
colored	US	[/ˈkʌləɹd/]
colorful	US	[/ˈkʌlɚfəl/]
coloring	US	[-ʌlə(ɹ)]
coloring	US	[-ʌlə(ɹ)]
colorization	US	[-eɪʃən]
colors	US	[/ˈkʌl.ɚz/]
colourless	US	[/ˈkʌlə(ɹ).ləs/]
colt	US	[/koʊlt/]
Columbus	US	[/kəˈlʌmbəs/]
columns	US	[/ˈkɑləmz/]
comb	US	[/koʊm/]
combat	US	[-æt]
combat	US	[-æt]
comber	US	[/ˈkoʊmɚ/]
combination	US	[/kɑmbɪˈneɪʃən/]
combinations	US	[/kɑmbɪˈneɪʃənz/]
combinator	US	[/ˈkɑm.bɪˌneɪ.tɚ/, [ˈkɑm.bɪˌneɪ.ɾɚ]]
combinatorial	US	[/ˌkɑm.bɪn.əˈtɔɹ.i.əl/]
combustible	US	[/kəmˈbʌstɪbəl/]
combustion	US	[/kəmˈbʌs.t͡ʃən/]
come	US	[/kʌm/, [kʰʌm]]
comedy	US	[/ˈkɑmədi/]
comfort	US	[/ˈkʌm.fɚt/, [ˈkʰʌɱ.fɚt]]
comic	US	[/ˈkɑmɪk/]
comical	US	[/ˈkɑmɪkəl/]
comically	US	[/ˈkɑmɪk(ə)li/]
comitology	US	[/ˌkɑm.ɪˈtɑl.ə.d͡ʒi/]
comma	US	[/ˈkɑ.mə ~ ˈkɑ.mʌ/]
command	US	[/kəˈmænd/]
commanded	US	[/kəˈmændɪd/]
commander	US	[/kəˈmændɚ/]
commanders	US	[/kəˈmændɚz/]
commanding	US	[/kəˈmændɪŋ/]
commandment	US	[/kəˈmændmənt/]
commands	US	[/kəˈmændz/]
commenced	US	[/kəˈmɛnst/]
commencement	US	[/kəˈmɛnsmənt/]
commendation	US	[/ˌkɑmənˈdeɪʃən/]
comment	US	[/ˈkɑmɛnt/, [ˈkʰɑmɛnt]]
comments	US	[/ˈkɑmɛnts/]
commercial	US	[/kəˈmɝʃəl/]
comminute	US	[/ˈkɑ.mɪ.njuːt/]
commissioned	US	[/kəˈmɪʃənd/]
commissioners	US	[/kəˈmɪʃənɚz/]
committed	US	[/kəˈmɪtɪd/, [kəˈmɪɾ.ɪd], [kəˈmɪɾ.əd]]
committing	US	[/kəˈmɪtɪŋ/]
commodify	US	[/kəˈmɒdɪfɑj/]
commodious	US	[/kəˈmoʊdi.əs/]
commodore	US	[/ˈkɔ.mə.doɹ/]
commonly	US	[/ˈkɑmənli/]
commonplace	US	[/ˈkɑmənˌpleɪs/]
commons	US	[/ˈkɑmənz/]
commonwealth	US	[/ˈkɑmənˌwɛlθ/]
commune	US	[/ˈkɑmjuːn/]
communicant	US	[/kəˈmjuːnɪkənt/]
communicate	US	[/kəˈmjuːnɪkeɪt/]
communicated	US	[/kəˈmjuːnɪkeɪtɪd/]
communications	US	[/kəˌmjuːnɪˈkeɪʃənz/]
communism	US	[[ˈkɑ.mju.nɪ.zm̩], [ˈkɑ.mjə.nɪ.zm̩]]
communities	US	[/kəˈmjuːnɪtiz/]
comorbidity	US	[/ˌkəʊmɔː(ɹ)ˈbɪdɪti/]
Comoros	US	[/ˈkɒm.ə.ɹoʊz/]
companies	US	[/ˈkʌmpəniz/]
companions	US	[/kəmˈpænjənz/]
company	US	[/ˈkʌmpəni/]
compare	US	[/kəmˈpɛɚ/, [kəmˈpɛɚ], [kəmˈpɛɹ], [kəmˈpeɚ], [kəmˈpeɹ]]
compared	US	[/kəmˈpɛɹd/]
comparing	US	[/kəmˈpɛɹ.ɪŋ/]
compartmentalization	US	[/(ˌ)kɑm.pɑɹtˌmɛn.təl.əˈzeɪ.ʃən/]
compellation	US	[/ˌkɑmpəˈleɪʃən/]
compelling	US	[/kəmˈpɛlɪŋ/]
compensate	US	[/ˈkɑm.pənˌseɪt/]
compensation	US	[/ˌkɑm.pənˈseɪ.ʃən/]
competed	US	[/kəmˈpiːtɪd/]
competent	US	[/ˈkɒmpətənt/]
competing	US	[/kəmˈpiːtɪŋ/]
competition	US	[/ˌkɑːmpəˈtɪʃən/]
competitive	US	[/kəmˈpɛtɪtɪv/]
competitively	US	[/kəmˈpɛtɪtɪvli/]
compilation	US	[/kɑmpɪˈleɪʃən/]
complacent	US	[/kəmˈpleɪsənt/]
complained	US	[/kəmˈpleɪnd/]
complainer	US	[/kəmˈpleɪnɚ/]
complaining	US	[/kəmˈpleɪnɪŋ/]
complaints	US	[/kəmˈpleɪnts/]
complement	US	[/ˈkɑmpləmənt/]
complete	US	[/kəmˈpliːt/]
completed	US	[/kəmˈpliːtɪd/]
completely	US	[/kəmˈpliːtli/]
complexion	US	[/kəmˈplɛkʃən/]
complexity	US	[/kəmˈplɛk.sɪ.ti/]
complicated	US	[/ˈkɑmplɪkeɪtɪd/]
compliment	US	[/ˈkɑmpləmənt/]
complimentary	US	[/ˌkɑmplɪˈmɛnt(ə)ɹi/]
compliments	US	[/ˈkɑmplɪmənts/]
component	US	[/kəmˈpoʊnənt/]
comportment	US	[/kəmˈpɔɹt.mənt/]
composed	US	[/kəmˈpoʊzd/]
composer	US	[/kəmˈpoʊzəɹ/]
composing	US	[/kəmˈpoʊzɪŋ/]
composite	US	[/kəmˈpɑzɪt/]
composition	US	[/ˌkɒmpəˈzɪʃən/]
compositional	US	[/ˌkɒm.pəzˈɪʃ.ən.əl/]
comprehend	US	[/ˌkɑmpɹɪˈhɛnd/]
comprehensible	US	[/kɒmpɹəˈhɛnsɪbəl/]
comprehensive	US	[/ˌkɑːm.pɹəˈhɛn.sɪv/]
computer	US	[/kəmˈpjutɚ/, [kəmˈpʰjuɾɚ]]
computerization	US	[/kəmˌpjuːtəɹaɪˈzeɪʃən/]
computers	US	[/kəmˈpjutɚz/]
computing	US	[/kəmˈpjuːtɪŋ/]
comrades	US	[/ˈkɑmɹædz/]
comune	US	[/kəˈmuːneɪ/]
con	US	[/kɑn/]
conceal	US	[/kənˈsil/]
concealment	US	[/kənˈsiːlmənt/]
conceivable	US	[/kənˈsiːvəbl̩/]
conceived	US	[/kənˈsiːvd/]
concentrated	US	[/ˈkɑnsəntɹeɪtɪd/]
concentration	US	[/ˌkɑnsənˈtɹeɪʃən/]
concentric	US	[-ɛntɹɪk]
concentrism	US	[/kənˈsɛnt̠͡ɹ̠ɪzm̩/]
conception	US	[/kənˈsɛpʃən/]
conceptional	US	[/kənˈsɛpʃənəl/]
concern	US	[/kənˈsɝn/]
concerned	US	[/kənˈsɝnd/]
concerning	US	[/kənˈsɝnɪŋ/]
concerns	US	[/kənˈsɝnz/]
concerti	US	[/kʌnˈt͡ʃɛɹˌti/]
concerto	US	[/kənˈt͡ʃɛɹtoʊ/]
conciliatory	US	[/kənˈsɪl.i.əˌtɔɹ.i/]
concluded	US	[/kənˈkluː.dɪd/]
concomitant	US	[/kənˈkɑːmətənt/]
Concorde	US	[/ˈkɑnkɔɹd/, [ˈkʰɑ̃ŋkɔɹd̥]]
concourse	US	[/ˈkɒŋkɔː(ɹ)s/]
concubine	US	[/ˈkɑŋkjəbaɪn/]
concubines	US	[/ˈkɑŋkjəbaɪnz/]
conculture	US	[/ˈkɑn.kʌl.t͡ʃɚ/]
condemnable	US	[/kənˈdɛm.nə.bəl/]
condescend	US	[/ˌkɑndəˈsɛnd/]
condescending	US	[/ˌkɑndəˈsɛndɪŋ/]
condition	US	[/kənˈdɪʃən/]
conditioning	US	[/kənˈdɪʃənɪŋ/]
conditions	US	[/kənˈdɪʃənz/]
condolence	US	[/kənˈdoʊləns/]
conducting	US	[/kənˈdʌktɪŋ/]
conductor	US	[/kənˈdʌktɚ/]
cone	US	[/ˈkoʊn/]
confabulate	US	[/kənˈfæbjʊleɪt/]
confection	US	[/kənˈfɛkʃən/]
conferred	US	[/kənˈfɝd/]
confessed	US	[/kənˈfɛst/]
confident	US	[/ˈkɑnfɪdənt/, [ˈkʰɑɱ.fə.dənt], [-dn̩t]]
confidential	US	[/ˌkɑːnfɪˈdɛnʃl/]
confidently	US	[/ˈkɑnfɪdəntli/]
confined	US	[/kənˈfaɪnd/]
confirm	US	[/kənˈfɝm/]
confirmed	US	[/kənˈfɝmd/]
confiscation	US	[-eɪʃən]
confiture	US	[/ˈkɑnfɪt͡ʃɚ/]
conflagrate	US	[/ˈkänfləˌɡrāt/]
conflagration	US	[-eɪʃən]
conflate	US	[/kənˈfleɪt/]
conflicted	US	[/kənˈflɪktɪd/]
conformance	US	[/kənˈfɔːm(ə)ns/]
conformity	US	[/kənˈfɔɹmɪti/]
confound	US	[-aʊnd]
confronted	US	[/kənˈfɹʌntɪd/]
confusing	US	[/kənˈfjuːzɪŋ/]
confusing	US	[/kənˈfjuːzɪŋ/]
congeries	US	[/ˈkɑːnd͡ʒəɹiːz/]
conglomeration	US	[/kənˈɡlɑm.əɹˌeɪ.ʃən/]
congregation	US	[/ˌkɑŋɡɹəˈɡeɪʃən/]
congruence	US	[/ˈkɔŋ.ɡɹʉ.əns/]
conic	US	[/ˈkɑ.nɪk/]
conical	US	[/ˈkɑnɪkəl/]
conjugation	US	[/ˌkɑnd͡ʒəˈɡeɪʃən/]
conjuncture	US	[/ˈkənd͡ʒʌŋkt͡ʃɚ/]
Conley	US	[/ˈkɒnli/]
connected	US	[/kəˈnɛktɪd/]
Connecticut	US	[/kəˈnɛt.ɪ.kət/, [kəˈnɛɾ.ɪ.kət]]
connections	US	[/kəˈnɛkʃənz/]
conniption	US	[/kəˈnɪp.ʃən/]
connote	US	[/kəˈnoʊt/]
conquer	US	[/ˈkɑŋkɚ/]
conquered	US	[/ˈkɑŋkɚd/]
conscience	US	[/ˈkɑn.ʃəns/]
conscientious	US	[/ˌkɑnʃiˈɛnʃəs/]
conscious	US	[/ˈkɑn.ʃəs/]
consciousness	US	[/ˈkɑnʃəsnəs/]
conscription	US	[/kənˈskɹɪpʃən/]
consensus	US	[/kənˈsɛnsəs/]
conservator	US	[/kənˈsɝ.və.tɚ/, [kənˈsɝ.və.ɾɚ]]
considerations	US	[/kənˌsɪdəˈɹeɪʃənz/]
considered	US	[/kənˈsɪdɚd/]
considering	US	[/kənˈsɪdəɹɪŋ/]
considers	US	[/kənˈsɪdɚz/]
consignation	US	[/ˌkɒnsɪɡˈneɪʃən/]
consistency	US	[/kənˈsɪstənsi/]
consists	US	[/kənˈsɪsts/]
consolation	US	[/ˌkɑn.səˈleɪ.ʃən/]
console	US	[/ˈkɑn.soʊl/]
consolidate	US	[/kənˈsɑ.lə.deɪt/]
consort	US	[-ɔː(ɹ)t]
consort	US	[-ɔː(ɹ)t]
consort	US	[-ɔː(ɹ)t]
conspicuous	US	[/kənˈspɪk.ju.əs/]
conspiracy	US	[/kənˈspɪɹəsi/]
conspirator	US	[/kənˈspɪɹətɚ/]
constant	US	[/ˈkɑnstənt/]
constantly	US	[/ˈkɑnstənʔli/]
constellationally	US	[/ˌkɑnstəˈleɪʃənəli/]
consternation	US	[/ˌkɑn.stɚˈneɪ.ʃən/]
constipated	US	[/ˈkɒnstəpeɪtəd/]
constitution	US	[/ˌkɑnstɪˈtuʃ(ə)n/]
constitutive	US	[/kənˈstɪt͡ʃuˌtɪv/]
constraints	US	[/kənˈstɹeɪnts/]
constrictor	US	[/kənˈstɹɪk.tɚ/]
construct	US	[/ˈkɑn.stɹʌkt/]
constructed	US	[/kənˈstɹʌktəd/]
construe	US	[/kənˈstɹuː/]
consul	US	[/ˈkɑn.səl/]
consul	US	[/ˈkɑn.səl/]
consult	US	[/ˈkɑnsʌlt/]
consultant	US	[/kənˈsʌl.tənt/]
consume	US	[/kənˈsum/]
consumerism	US	[/kənˈsumərɪzm̩/]
container	US	[/kənˈteɪnɚ/]
containing	US	[/kənˈteɪnɪŋ/]
contains	US	[/kənˈteɪnz/]
contaminant	US	[/kənˈtamɪnənt/]
contaminate	US	[/kənˈtæmɪneɪt/]
contemplate	US	[/ˈkɑn.təmˌpleɪt/]
contemplated	US	[/ˈkɑn.təmˌpleɪtɪd/]
contemplation	US	[/ˌkɑntəmˈpleɪʃən/]
contemporaneously	US	[/kənˌtɛmpəˈɹeɪni.əsli/]
contender	US	[/kənˈtɛn.dɚ/]
contented	US	[/kənˈtɛntɪd/]
contentment	US	[/kənˈtɛntmənt/]
contents	US	[/ˈkɑn.tɛnts/]
conterminous	US	[/kənˈtɝ.mɪ.nəs/]
contest	US	[/ˈkɑn.tɛst/]
contiguous	US	[/kənˈtɪɡ.ju.əs/]
contingent	US	[/kənˈtɪn.d͡ʒənt/]
continued	US	[/kənˈtɪnjuːd/]
continues	US	[/kənˈtɪnjuːz/]
continues	US	[/kənˈtɪnjuːz/]
continuing	US	[/kənˈtɪnjuːɪŋ/]
continuity	US	[/ˌkɑn.tɪˈn(j)u.ə.ti/, [ˌkɑn.tɪˈn(j)u.ə.ɾi]]
contra	US	[/ˈkɒntɹə/]
contrabass	US	[/ˈkɑn.tɹəˌbeɪs/]
contract	US	[/ˈkɑntɹækt/]
contracted	US	[/kənˈtɹæktɪd/]
contracts	US	[/ˈkɑːn.tɹækts/]
contrafibularities	US	[/ˌkɒntɹəˌfɪbjʊˈlæɹɪtiz/]
contraption	US	[/kənˈtɹæp.ʃən/]
contrarian	US	[/kənˈtɹɛɹi.ən/]
contrary	US	[/ˈkɑntɹɛɹi/]
contretemps	US	[/kɑːn.tɹə.tɑ̃/]
contribute	US	[/kənˈtɹɪb.jut/]
contribution	US	[/ˌkɑntɹɪˈbjuʃən/]
contributions	US	[/ˌkɑntɹɪˈbjuʃənz/]
contrivance	US	[/kənˈtɹaɪ.vəns/]
contrived	US	[/kənˈtɹaɪvd/]
control	US	[/kənˈtɹoʊl/]
controlled	US	[/kənˈtɹoʊld/]
controller	US	[/kənˈtɹoʊlɚ/]
controlling	US	[/kənˈtɹoʊlɪŋ/]
controls	US	[/kənˈtɹoʊlz/]
controls	US	[/kənˈtɹoʊlz/]
controversies	US	[/ˈkɑntɹəˌvɚsiz/]
controversy	US	[/ˈkɑntɹəˌvɝsi/]
conundrum	US	[/kəˈnʌn.dɹəm/]
conurbation	US	[-eɪʃən, /ˌkɑnɚˈbeɪʃən/]
conus	US	[/ˈkəʊnəs/]
convalesce	US	[/ˌkɑn.vəˈlɛs/]
convenient	US	[/kənˈvinjənt/]
conveniently	US	[/kənˈvinjəntli/]
convent	US	[/ˈkɑn.vɛnt/]
conventional	US	[/kənˈvɛnʃənəl/]
conversant	US	[/kənˈvɝsənt/]
conversate	US	[/ˈkɑːn.vɚˌseɪt/]
conversation	US	[/ˌkɑn.vəɹˈseɪ.ʃən/, [ˌkʰɑɱ.vɚˈseɪ.ʃn̩]]
conversion	US	[/kənˈvɝʒən/]
convert	US	[/ˈkɑn.vɚt/, [ˈkʰɑɱ.vɚt]]
converted	US	[/kənˈvɝtɪd/]
converter	US	[/kənˈvɝtɚ/]
conveyancing	US	[/kənˈveɪənsɪŋ/]
conveying	US	[/kənˈveɪ.ɪŋ/]
convicted	US	[/kənˈvɪktɪd/]
conviction	US	[/kənˈvɪkʃən/]
convinced	US	[/kənˈvɪnst/]
convincingly	US	[/kənˈvɪn.sɪŋ.li/]
convivial	US	[/kənˈvɪv.i.əl/]
convolute	US	[/ˌkɑːnvəˈluːt/]
convoy	US	[/ˈkɒn.vɔɪ/]
conworld	US	[/ˈkɑnwɚld/]
cook	US	[/kʊk/]
Cook	US	[/kʊk/]
cookbook	US	[/ˈkʊkˌbʊk/]
cooldown	US	[/kuːldaʊn/]
coolio	US	[/ˈkulioʊ/]
coolness	US	[/ˈkuːlnəs/]
coomer	US	[/ˈkumɚ/]
cooperation	US	[/koʊˌɑ.pəˈɹeɪ.ʃən/, [kɵwäpʰəˈɹe̞jʃɪn]]
copied	US	[/ˈkɑpid/]
copies	US	[/ˈkɑpiz/]
copious	US	[/ˈkoʊ.pi.əs/]
copra	US	[/ˈkɒ.pɹə/]
coprophilia	US	[-ɪliə]
Coptic	US	[/ˈkɑp.tɪk/]
copulate	US	[/ˈkɔ.pjə.leɪt/]
copy	US	[/ˈkɑpi/]
copying	US	[/ˈkɑpiɪŋ/]
copypasta	US	[/ˈkɑpiˌpɑstə/]
copyright	US	[/ˈkɑpiˌɹaɪt/]
copywrite	US	[/ˈkɑpiˌɹaɪt/]
coquetry	US	[/ˈkoʊkətɹi/]
coquette	US	[/koʊˈkɛt/]
coral	US	[/ˈkɔɚɹəl/]
cord	US	[/kɔɹd/]
cordless	US	[/ˈkɔɹd.lɪs/]
cords	US	[/kɔɹdz/]
corduroy	US	[/ˈkɔɹdəɹɔɪ/]
core	US	[/koɹ/, [kʰo̞ɹ]]
cork	US	[/kɔɹk/]
corkscrew	US	[/ˈkɔɹk.skɹu/]
corner	US	[/ˈkwoɹnɚ/]
cornet	US	[/kɔɹˈnɛt/]
cornflour	US	[/ˈkɔːn.flaʊə/]
cornflower	US	[/ˈkɔɹnˌflaʊ.ɚ/]
cornice	US	[/ˈkoɹnɪs/]
cornichon	US	[/kɔɹ.nɪ.ʃɔn/]
cornmeal	US	[/ˈkɔɹnˌmil/]
coronavirus	US	[/kəˈɹoʊnəˌvaɪɹəs/]
coroner	US	[/ˈkɔɹ.ə.nɚ/]
corporation	US	[/ˌkɔɹpəˈɹeɪʃən/]
corpulence	US	[/ˈkɔː(ɹ)pjʊləns/]
correspond	US	[/ˌkɔɹəˈspɑnd/]
correspondent	US	[/ˌkɔɹ.ɪˈspɑn.dənt/]
corresponding	US	[/ˌkɔɹəˈspɑndɪŋ/]
correspondingly	US	[/ˌkɔ.ɹəˈspɑn.dɪŋ.li/]
corroborate	US	[/kəˈɹɑbəɹeɪ̯t/]
corrosive	US	[/kəˈɹəʊsɪv/]
corsair	US	[/ˈkɔːɹsɛəɹ/]
Corsican	US	[/ˈkɔɹsəkən/]
cortege	US	[/ˈkɔɹ.tɛʒ/]
cos	US	[/kɑs/]
cosecant	US	[/ˈkoʊˌsiːkənt/]
cosign	US	[/ˈkoʊ.saɪn/]
cosine	US	[/ˈkoʊ.saɪn/]
cosmetic	US	[/kɑzˈmɛt.ɪk/, [kɑzˈmɛɾ.ɪk]]
cosmopolitan	US	[/ˌkɑz.məˈpɑl.ɪ.tən/]
costly	US	[/ˈkɒst.li/]
costs	US	[/ˈkɔsts/]
cosy	US	[/ˈkoʊzi/]
cot	US	[/kɑt/]
cotangent	US	[/ˈkoʊˌtænd͡ʒənt/]
cotton	US	[/ˈkɑt.ən/, [ˈkɑʔn̩]]
cottontail	US	[/ˈkɑt.n̩teɪl/]
cough	US	[/kɔf/]
coughy	US	[/ˈkɔfi/]
Coulter	US	[/ˈkoʊltər/]
counselor	US	[/ˈkaʊnsələ(ɹ)/]
countability	US	[/kaʊnt.əˈbɪ.lɪ.ti/]
counted	US	[/ˈkaʊntɪd/]
counterpart	US	[/ˈkaʊntɚˌpɑɹt/]
counterplot	US	[/ˈkaʊn.tɚ.plɑt/]
countess	US	[/ˈkaʊntɪs/]
countless	US	[/ˈkaʊntləs/]
countries	US	[/ˈkʌntɹiz/]
courses	US	[/ˈkɔɹsɪz/]
courseware	US	[/ˈkɔɹswɛɹ/]
courteous	US	[/ˈkɝti.əs/]
courtesy	US	[/ˈkɝɾəsi/]
courthouse	US	[/ˈkɔɹt.haʊs/]
courtiers	US	[/ˈkɔɹtiɚz/]
courtly	US	[/ˈkɔɹtli/]
courts	US	[/kɔɹts/]
courtyard	US	[/ˈkɔɹt.jɑɹd/]
couth	US	[/kuθ/]
cover	US	[/ˈkʌvɚ/]
coverage	US	[/ˈkʌv.(ə)ɹ.ɪdʒ/]
covered	US	[/ˈkʌvə(ɹ)d/]
covering	US	[/ˈkʌvəɹɪŋ/]
coverlet	US	[/ˈkʌvə(ɹ)lɪt/]
covers	US	[/ˈkʌvɚz/]
covertex	US	[-ɜː(ɹ)tɛks]
covetous	US	[/ˈkʌvətəs/]
covetousness	US	[/ˈkʌvətəsnəs/]
coward	US	[/ˈkaʊɚd/]
cowhide	US	[/ˈkaʊˌhaɪd/]
cowmilk	US	[-ɪlk]
coworker	US	[/ˈkoʊˈwɝ.kɚ/]
coxcomb	US	[/ˈkɒks.koʊm/]
coxswain	US	[/ˈkɑk.s(ə)n/]
crabapple	US	[/ˈkɹæbˌæpəl/]
crackling	US	[/ˈkɹæk(ə)lɪŋ/]
craft	US	[/kɹæft/, -æft]
craftsman	US	[/ˈkɹæftsmən/]
craftsmanship	US	[/ˈkɹæfts.mən.ʃɪp/]
crafty	US	[/ˈkɹæfti/]
craic	US	[/kɹæk/]
crappy	US	[/ˈkɹæpi/]
crawl	US	[/kɹɔl/]
crayfish	US	[/ˈkɹeɪˌfɪʃ/]
crayon	US	[/ˈkɹæn/, [ˈkɹeən]]
creakings	US	[/ˈkɹiːkɪŋz/]
created	US	[/kɹiˈeɪtɪd/]
creationism	US	[/kɹiˈeɪʃənɪzəm/]
creator	US	[/kɹiˈeɪtɚ/]
creature	US	[/ˈkɹit͡ʃɚ/]
creatures	US	[/ˈkɹit͡ʃɚz/]
creditable	US	[/ˈkɹɛdɪtəbəl/]
creed	US	[/kɹid/]
creepypasta	US	[/ˈkɹipiˌpɑstə/]
crenellation	US	[/ˌkɹɛnəˈleɪʃən/]
creole	US	[/ˈkɹioʊl/]
crepuscular	US	[/kɹɪˈpʌs.kjə.lɚ/]
crew	US	[/kɹu/]
Crimean	US	[/kɹaɪˈmi.ən/]
criminal	US	[/ˈkɹɪm.ɪ.nəl/]
crippled	US	[/ˈkɹɪpəld/]
criterion	US	[/kɹaɪˈtɪɹ.i.ən/]
critical	US	[/ˈkɹɪt.ɪ.kəl/, [ˈkɹɪɾ.ɪ.kəl]]
criticaster	US	[-æstə(ɹ)]
criticism	US	[/ˈkɹɪtɪsɪzəm/]
Croatian	US	[/ˌkɹoʊˈeɪ.ʃən/]
crochet	US	[/kɹoʊˈʃeɪ/]
crochet	US	[/kɹoʊˈʃeɪ/]
crockery	US	[/ˈkɹɑk(ə)ɹi/]
Croesus	US	[/ˈkɹiːsəs/]
crokinole	US	[/ˈkɹoʊ.kəˌnoʊl/]
crop	US	[/kɹɑp/]
crops	US	[/kɹɑps/]
crossbar	US	[/ˈkɹ̠ɑs.bɑɹ/]
crossed	US	[/kɹɔst/]
crosses	US	[/ˈkɹɔsɪz/]
crossfire	US	[/ˈkɹɔːsfaɪɹ/]
crossing	US	[/ˈkɹɔsɪŋ/]
crosswind	US	[/ˈkɹɑːs.wɪnd/]
crossword	US	[/ˈkɹɒswɜː(ɹ)d/]
crotch	US	[/kɹɑt͡ʃ/]
crotchety	US	[/ˈkɹɑ.t͡ʃɪ.ti/]
crouton	US	[/ˈkɹuːtɑːn/]
crow	US	[/kɹoʊ/]
Crowder	US	[/ˈkɹaʊdɚ/]
crowdie	US	[/ˈkɹaʊdi/]
crucible	US	[/ˈkɹuː.sɪ.bəl/]
crucifixion	US	[/ˌkɹuːsɪˈfɪkʃən/]
crudo	US	[/ˈkɹuːdəʊ/]
cruelty	US	[/ˈkɹuː(ə)lti/]
crumble	US	[/ˈkɹʌmbəl/, [ˈkɹʌmbɪ̈l], [ˈkɹʌmbl̩]]
crunode	US	[/ˈkɹuːnəʊd/]
Crux	US	[/kɹʌks/]
crwth	US	[/kɹuθ/]
crybaby	US	[/ˈkɹaɪˌbeɪbi/]
cryptocurrency	US	[/ˈkɹɪp.toʊˌkɝ.ən.si/]
cryptovirus	US	[/ˈkɹɪptoʊˌvaɪɹəs/]
crystalize	US	[/ˈkɹɪstəlaɪz/]
crystallization	US	[/ˌkɹ̠ɪstəlaɪˈzeɪʃən/]
crystallize	US	[/ˈkɹɪstəlaɪz/]
crystallography	US	[/ˌkɹɪstəˈlɑɡɹəfi/]
crystals	US	[/ˈkɹɪstəlz/]
CSS	US	[/ˌsi ˌɛs ˈɛs/]
cuapao	US	[/ˈkwaː.paʊ̯/]
cub	US	[/kʌb/]
cube	US	[/kjub/]
cubewano	US	[/ˌkjuːbiːˈwʌnoʊ/]
cubic	US	[/ˈkju.bɪk/]
Cubist	US	[/ˈkjubəst/]
cuboidal	US	[-ɔɪdəl]
cuckoo	US	[/ˈkuː.kuː/]
cucumber	US	[/ˈkjuːˌkʌmbər/]
cullion	US	[/ˈkʌl.jən/]
culminate	US	[/ˈkʌl.məˌneɪt/]
culmination	US	[/ˌkʌl.məˈneɪ.ʃən/]
culpable	US	[/ˈkʌlpəbəl/]
culprit	US	[/ˈkʌlpɹɪt/]
cultivate	US	[/ˈkʌltɪveɪt/]
cultivated	US	[/ˈkʌltɪveɪtɪd/]
cultural	US	[/ˈkʌlt͡ʃ(ə)ɹəl/]
culturati	US	[/ˌkʌlt͡ʃəˈɹɑti/]
culture	US	[/ˈkʌlt͡ʃɚ/]
cumberground	US	[/ˈkʌm.bɚ.ɡɹaʊnd/]
cummie	US	[/ˈkjuː.mi/]
cumshot	US	[/ˈkʌm.ʃɒt/]
cunctation	US	[/kʌŋkˈteɪʃən/]
cunnilingual	US	[/kʌnɪˈlɪŋɡwəl/]
cuntless	US	[/ˈkʌntləs/]
cuntwaffle	US	[/ˈkʌnt̚ˌwɔfəl/]
cuntzilla	US	[-ɪlə]
cupbearer	US	[/ˈkʌpˌbɛɹɚ/]
cupboard	US	[/ˈkʌb.ɚd/]
cupful	US	[/ˈkʌp̪fʊl/]
curdle	US	[/ˈkɝ.dəl/]
curl	US	[/kɜɹl/, [kʰɝɫ]]
curls	US	[-ɜː(ɹ)lz]
curmudgeon	US	[/kɚˈmʌd͡ʒən/]
curmudgeonly	US	[/kə(ɹ)ˈmʌdʒənli/]
curricula	US	[-ɪkjʊlə]
curse	US	[/kɝs/]
cursing	US	[/ˈkɝsɪŋ/]
cursive	US	[/ˈkɝsɪv/]
curtain	US	[/ˈkɜɹt(ə)n/, [ˈkʰɜɹʔn̩]]
curtains	US	[/ˈkɜː(ɹ).tənz/]
curvature	US	[/ˈkɝ.və.t͡ʃɚ/]
curve	US	[/kɚv/, [ˈkʰɚv]]
curved	US	[/kɝːvd/]
curves	US	[/kɚvz/]
custard	US	[/ˈkʌs.tɚd/]
custodial	US	[/kʌsˈtoʊ.di.əl/]
custom	US	[/ˈkʌstəm/]
customary	US	[/ˈkʌs.təˌmɛɹ.i/]
customs	US	[/ˈkʌs.təmz/]
cutesy	US	[/ˈkjutsi/]
cutlass	US	[/ˈkʌtləs/]
cutoff	US	[/kəˈtɔf/]
cutpurse	US	[/ˈkʌtˌpɝs/]
cuzzo	US	[/ˈkʌzoʊ/]
cyanic	US	[/saɪˈænɪk/]
cyanogen	US	[/sajˈæn.ə.d͡ʒɪn/]
cyberjargon	US	[/ˈsaɪbəˌdʒɑːɡən/]
cybernat	US	[/ˈsaɪbɚnæt/]
cybersynagogue	US	[/ˌsaɪbə(ɹ)ˈsɪnəɡɒɡ/]
cyborg	US	[/ˈsaɪ.boɹɡ/, [ˈsaɪ.bo̞ɹɡ]]
cycle	US	[/ˈsaɪ.kəl/, [ˈsaɪ.kl̩]]
cycling	US	[/ˈsaɪk(ə)lɪŋ/]
cyclone	US	[/ˈsaɪ.kloʊn/]
cygnet	US	[/ˈsɪɡ.nɪt/]
cylinder	US	[/ˈsɪləndɚ/, [ˈsɪlɪ̈ndɚ]]
cymotrichous	US	[/saɪˈmɑtɹɪkəs/]
cynegetic	US	[/ˌsɪniˈd͡ʒɛtɪk/]
cynical	US	[/ˈsɪnɪkəl/]
cynically	US	[/ˈsɪn.ɪk.(ə.)li/]
cynicism	US	[/ˈsɪn.ɪˌsɪzəm/]
cypress	US	[/ˈsaɪ.pɹəs/]
Cyprus	US	[/ˈsaɪ.pɹəs/]
cystectomy	US	[-ɛktəmi]
cystitis	US	[/sɪsˈtaɪtɪs/]
cytochrome	US	[/ˈsaɪtəkɹəʊm/]
cytology	US	[/saɪˈtɑləd͡ʒi/]
cytoplasm	US	[/ˈsaɪtoʊˌplæzəm/]
cytosine	US	[/ˈsaɪtəsiːn/]
dacoity	US	[/dəˈkɔɪti/]
dacryocystorhinostomy	US	[/ˌdæ.kɹi.oʊˌsɪs.toʊ.ɹaɪˈnɑs.tə.mi/]
dactylology	US	[/ˌdæktəlˈɑləd͡ʒi/]
dado	US	[/ˈdeɪdoʊ/]
daffodil	US	[/ˈdæfəˌdɪl/]
dailies	US	[/ˈdeɪliːz/]
daimyo	US	[/ˈdaɪ.mjoʊ/]
daintiness	US	[/ˈdeɪntɪnəs/]
dalgona	US	[/dælˈɡoʊnə/]
Dalmatia	US	[/dælˈmeɪʃə/]
Dalton	US	[/ˈdɔltən/]
dalton	US	[/ˈdɔltən/]
damaged	US	[/ˈdæmɪd͡ʒd/]
damages	US	[/ˈdæmɪd͡ʒɪz/]
damsel	US	[/ˈdæm.zəl/, [ˈdɛəm.zɫ̩]]
damsels	US	[/ˈdæmzəlz/]
dance	US	[/dɑːns/]
danced	US	[/dænst/, -ænst]
dancer	US	[/ˈdæns.ɚ/]
dancing	US	[/ˈdænsɪŋ/, [dɛənsɪŋ], [deənsɪŋ]]
dander	US	[/ˈdændə(ɹ)/]
dang	US	[/dæŋ/]
danger	US	[/ˈdeɪn.d͡ʒɚ/]
dangers	US	[/ˈdeɪnd͡ʒɚz/]
dangling	US	[/ˈdæŋɡəlɪŋ(ɡ)/]
dangly	US	[/ˈdæŋɡəli/]
Danish	US	[/ˈdeɪ.nɪʃ/]
Danite	US	[/ˈdæˌnaɪt/]
dankie	US	[-æŋki]
dankness	US	[/ˈdæŋk.nəs/]
dare	US	[/dɛ(ə)ɹ/]
dared	US	[/dɛɹd/]
dark	US	[/dɑɹk/]
darkness	US	[/ˈdɑɹknɪs/]
darkside	US	[/ˈdɑɹkˌsaɪd/]
darling	US	[/ˈdɑɹlɪŋ/]
darmstadtium	US	[/dɑːɹmˈʃtɑːtiəm/]
darn	US	[/dɑɹn/]
darnedest	US	[/ˈdɑɹnˌdɪst/]
dart	US	[/dɑɹt/]
dartboard	US	[/ˈdɑɹtbɔːɹd/]
darted	US	[/ˈdɑɹtɪd/]
darter	US	[-ɑː(ɹ)tə(ɹ)]
dastard	US	[/ˈdæstɚd/]
dasypygal	US	[/ˌdæsɪˈpaɪɡəl/]
database	US	[/ˈdætəˌbeɪs/]
daughters	US	[/ˈdɔ.tɚz/]
davenport	US	[/ˈdævɪnˌpɔɹt/]
David	US	[/ˈdeɪvɪd/]
daw	US	[/dɑː/]
dawn	US	[/dɔn/]
daybed	US	[/ˈdeɪˌbɛd/]
daycare	US	[/ˈdeɪkeə(ɹ)/]
daylight	US	[/ˈdeɪˌlaɪt/]
daywear	US	[/ˈdeɪweə(ɹ)/]
DD	US	[/ˌdiː ˈdiː/]
deadbeat	US	[/ˈdɛdbiːt/]
deadlock	US	[/ˈdɛdlɑk/]
deadwood	US	[/ˈdɛd.wʊd/]
deafly	US	[/ˈdɛfli/]
dear	US	[/dɪɹ/]
dearest	US	[/ˈdɪɹɪst/]
dearly	US	[/ˈdɪɹli/]
dearness	US	[/ˈdɪə(ɹ)nəs/]
dearth	US	[/dɝθ/]
deathbed	US	[/ˈdɛθˌbɛd/]
deathblow	US	[/ˈdɛθbləʊ/]
deb	US	[-ɛb]
debauchery	US	[/dɪˈbɑ.t͡ʃə.ɹi/]
debugger	US	[/diˈbʌɡəɹ/]
debuts	US	[/deɪˈbjuːz/]
decagram	US	[/ˈdɛkəɡɹæm/]
decanter	US	[/dɪˈkæntə(ɹ)/]
deceived	US	[/dɪˈsiːvd/]
deceiver	US	[/dɪˈsivɚ/]
deceives	US	[/dɪˈsiːvz/]
December	US	[/dɪˈsɛm.bɚ/]
decentralise	US	[/diːˈsɛntɹəlaɪz/]
decentralize	US	[/diːˈsɛntɹəlaɪz/]
deception	US	[/dɪˈsɛpʃən/]
deceptively	US	[/dɪˈsɛptɪvli/]
decidability	US	[/dɪˌsaɪdəˈbɪlɪti/]
decidable	US	[[dɪˈsaɪdəbəɫ]]
decidedly	US	[/dɪˈsaɪdɪdli/]
deciduous	US	[/dɪˈsɪd͡ʒ.u.əs/]
decimeter	US	[/ˈdɛ.sɪ.miːtɚ/]
decisiveness	US	[/dɪˈsaɪsɪvnəs/]
declared	US	[/dɪˈklɛɹd/]
declarer	US	[/dɪˈkleəɹə(ɹ)/]
declaring	US	[/dɪˈklɛɹɪŋ/]
declassify	US	[/diːˈklæsɪfaɪ/]
declinable	US	[/dɪˈklaɪnəbəɫ/]
declinism	US	[/dɪˈklaɪnɪzəm/]
declivity	US	[/dɪˈklɪvɪti/]
decomino	US	[/dɛkˈɑː.mɪˌnoʊ/]
decompile	US	[/diːkəmˈpaɪl/]
decompiler	US	[/diːkəmˈpaɪlə(ɹ)/]
decompression	US	[/ˌdiːkəmˈpɹɛʃən/]
deconflict	US	[/diːkənˈflɪkt/]
decorate	US	[/ˈdɛkəɹeɪt/]
decorated	US	[/ˈdɛkəɹeɪtɪd/]
decorations	US	[/ˌdɛkəˈɹeɪʃənz/]
decorticated	US	[/diːˈkɔːtɪkeɪtəd/]
decorticator	US	[/diːˈkɔːtɪkeɪtə(ɹ)/]
decoupage	US	[/ˌdeɪkuːˈpɑːʒ/]
decrepitude	US	[/dəˈkɹɛpɪˌtuːd/]
decrescendo	US	[/diːˌkɹɛˈʃɛndəʊ/]
dedicated	US	[/ˈdɛdɪkeɪtəd/]
deeper	US	[/ˈdipɚ/]
deepest	US	[/ˈdiːpɪst/]
deepness	US	[/ˈdiːpnəs/]
deer	US	[/dɪɹ/]
defamatory	US	[/dɪˈfæmətɔɹi/]
defatigable	US	[[dɪˈfætɪɡəbəɫ]]
defeated	US	[/dɪˈfiːtəd/]
defeatism	US	[/dɪˈfiːtɪzəm/]
defecate	US	[/ˈdɛfɪkeɪt/]
defect	US	[/ˈdiːfɛkt/]
defector	US	[/dɪˈfɛktə(ɹ)/]
defendant	US	[/dɪˈfɛnd.ənt/]
defenseless	US	[/dɪˈfɛnsləs/]
defenselessness	US	[/dɪˈfɛnsləsnəs/]
defensible	US	[/dɪˈfɛn.sɪ.bəl/, [dɪˈfɛn.sɪ.bɫ]]
deferential	US	[[ˌdɛfəˈɹɛnʃəɫ]]
deferment	US	[/dɪˈfɚ.mənt/]
deferral	US	[/dɪˈfɝəl/]
deferred	US	[/dɪˈfɝd/]
defiant	US	[/dɪˈfaɪənt/]
defibrillator	US	[/diːˈfɪbɹɪleɪtə(ɹ)/]
defilement	US	[/dɪˈfaɪəlmənt/]
defined	US	[/dɪˈfaɪnd/]
definiteness	US	[/ˈdɛfɪnɪtnəs/]
deflagrate	US	[/ˈdɛfləɡɹeɪt/]
defoliant	US	[/diːˈfəʊlɪənt/]
deformity	US	[/dɪˈfɔɹməti/]
defrauder	US	[/dɪˈfɹɔːdə(ɹ)/]
defriend	US	[-ɛnd]
defunction	US	[/dəˈfʌŋkʃən/]
degenerate	US	[/dɪˈd͡ʒɛnəɹɪt/]
degradatory	US	[/dəˈɡɹædəˌtɔɹi/]
dehumidifier	US	[/diːˌhjuːˈmɪdɪfaɪ(j)ə(ɹ)/]
dehydrate	US	[/diːˈhaɪdɹeɪt/]
dehydrated	US	[/dəˈhaɪdɹeɪtəd/, [dəˈhaɪd͡ʒɹeɪdəd]]
dejected	US	[/dɪˈdʒɛktəd/]
Delaware	US	[/ˈdɛləwɛɹ/]
deleterious	US	[/ˌdɛ.ləˈtɪɹ.i.əs/]
Deleuzoguattarian	US	[/dəˌluːzəʊɡwəˈtɑːɹiən/]
delicacy	US	[/ˈdɛlɪkəsi/]
delicate	US	[/ˈdɛlɪkət/]
delicately	US	[/ˈdɛlɪkətli/]
delighted	US	[/dɪˈlaɪtɪd/]
delightful	US	[/dəˈlaɪt.fəl/]
delinquent	US	[/dɪˈlɪŋkwənt/]
deliver	US	[/dɪˈlɪvɚ/]
deliverable	US	[/dɪˈlɪvɹəbəɫ/]
deliverance	US	[/dɪˈlɪvɹəns/]
delivered	US	[/dɪˈlɪv.ɚd/]
deltiology	US	[/ˌdɛltɪˈɒlədʒɪ/]
deltoid	US	[/ˈdɛɫtɔɪd/]
demanded	US	[/dɪˈmændɪd/]
demands	US	[/dɪˈmændz/]
dematerialize	US	[/ˌdi.məˈtɪɹ.i.ə.laɪz/]
demented	US	[/dɪˈmɛntɪd/]
demise	US	[-aɪz]
demobilization	US	[/diːˌməʊbɪlaɪˈzeɪʃən/]
democide	US	[/ˈdɛməsaɪd/]
democrat	US	[/ˈdɛməkɹæt/]
democratic	US	[/ˌdɛməˈkɹætɪk/, [-ɾɪk]]
demographic	US	[/ˌdɛm.əˈɡɹæf.ɪk/]
demographics	US	[/dɛməˈɡɹæfɪks/]
demolish	US	[/dəˈmɒl.ɪʃ/]
demonetize	US	[/diˈmɑnətaɪz/]
demonize	US	[/ˈdiːmənaɪz/]
demonomaniac	US	[-eɪniæk]
demonstrable	US	[/dɪˈmɑnstɹəbl̩/]
demonstrated	US	[/ˈdɛmənstɹeɪtɪd/]
demoralization	US	[/dɪˌmɒɹəlaɪˈzeɪʃən/]
demurrer	US	[/dɪˈmʌɹə/]
denationalize	US	[/diːˈnæʃ(ə)nəlaɪz/]
dendrology	US	[/dɛndˈɹɑlədʒi/]
deniability	US	[/dɪˌnaɪ(j)əˈbɪlɪti/]
denialist	US	[/dɪˈnaɪ(j)əlɪst/]
denied	US	[/dɪˈnaɪd/]
denigrate	US	[/ˈdɛn.ɪ.ɡɹeɪt/]
denim	US	[/ˈdɛnəm/]
denizen	US	[/ˈdɛn.ɪ.zən/]
Denmark	US	[/ˈdɛn.mɑɹk/]
denotation	US	[/ˌdiː.noʊˈteɪ.ʃən/]
denote	US	[/dɪˈnoʊt/]
denotes	US	[/dɪˈnoʊts/]
dentist	US	[/ˈdɛntɪst/]
denudation	US	[-eɪʃən]
Denver	US	[/ˈdɛnvɚ/]
deodorant	US	[/diˈoʊdəɹənt/]
depart	US	[/dɪˈpɑɹt/]
departed	US	[/dɪˈpɑɹtɪd/]
department	US	[/dɪˈpɑɹtmənt/]
dependable	US	[[dɪˈpɛndəbəɫ]]
dependant	US	[/dɪˈpɛndənt/]
dependency	US	[/dɪˈpɛndənsi/]
dependent	US	[/dɪˈpɛndənt/]
depends	US	[/dɪˈpɛndz/]
dephlogisticate	US	[/ˌdiflɑˈd͡ʒɪstɪˌke(ɪ)t/]
depilate	US	[/ˈdɛpɪleɪt/]
deplorable	US	[/dəˈplɔɹəb(ə)l/]
depopulation	US	[/diˌpɑ.pjəˈleɪ.ʃən/]
deport	US	[/dɪˈpɔɹt/]
deposit	US	[/dɪˈpɑzɪt/]
deposition	US	[/ˌdɛp.əˈzɪʃ.ən/]
depraved	US	[/dɪˈpɹeɪvd/]
deprehend	US	[/ˌdɛpɹəˈhɛnd/]
depression	US	[/dəˈpɹɛʃ(ə)n/]
depressor	US	[/dɪˈpɹɛs.ɚ/]
deranged	US	[/dɪˈɹeɪnd͡ʒd/]
derecho	US	[/dəˈɹeɪ.t͡ʃoʊ/]
deregulate	US	[/diːˈɹɛɡjəleɪt/]
derivable	US	[[dɪˈɹaɪvəbəɫ]]
derivative	US	[/dɪˈɹɪvətɪv/]
dernier	US	[/ˈdɚnjeɪ/]
descendants	US	[/dɪˈsɛndənts/]
descended	US	[/dɪˈsɛndɪd/]
describable	US	[/dɪˈskɹaɪbəbl̩/]
desert	US	[/ˈdɛz.ɚt/]
deserter	US	[/ˈdəzɚtɚ/]
desertification	US	[/dɪˌzɝ.tɪ.fɪˈkeɪ.ʃən/]
deserved	US	[/dɪˈzɝvd/]
desirably	US	[/dɪˈzaɪ(j)əɹəbli/]
desired	US	[/dɪˈzaɪɹd/]
desires	US	[/dɪˈzaɪɹz/]
desolate	US	[/ˈdɛsələt/]
despair	US	[/dɪˈspɛɚ/]
despairingly	US	[/dɪˈspɛəɹ.ɪŋ.li/]
despawn	US	[/diːˈspɔːn/]
desperado	US	[/dɛspəˈɹɑːdəʊ/]
desperate	US	[/ˈdɛsp(ə)ɹət/]
desperately	US	[/ˈdɛsp(ə)ɹətli/]
despondency	US	[/dɪˈspɒndənsi/]
despotic	US	[/dɛsˈpɑt.ɪk/]
despotism	US	[/ˈdɛspətɪzəm/]
dessert	US	[/dɪˈzɝt/]
destined	US	[/ˈdɛstɪnd/]
destiny	US	[/ˈdɛs.tɪ.ni/]
destitute	US	[/ˈdɛstɪtuːt/]
destructible	US	[/dɪˈstɹʌktɪbəl/]
desysop	US	[/diːˈsɪsɔp/]
detachment	US	[/dɪˈtæt͡ʃmənt/]
detained	US	[/dɪˈteɪnd/]
detainee	US	[/ˌdɪteɪˈniː/]
deter	US	[/dɪˈtɝ/]
determine	US	[/dɪˈtɝmɪn/]
determined	US	[/dɪˈtɝmɪnd/]
determinism	US	[/dɪˈtɜːmɪnɪzəm/]
detraction	US	[-ækʃən]
detriment	US	[/ˈdɛtɹɪmənt/]
deuce	US	[/dus/]
Deutsch	US	[/ˈdɔɪt͡ʃ/]
Deutschland	US	[/ˈdoɪtʃ.lænd/]
Devanagari	US	[/ˌdeɪvəˈnɑɡəɹi/]
devastate	US	[/ˈdɛv.ə.steɪt/]
developed	US	[/dɪˈvɛləpt/]
devote	US	[/dɪˈvoʊt/]
devoted	US	[/dɪˈvəʊtəd/]
devotion	US	[/dɪˈvoʊʃən/]
devour	US	[/dɪˈvaʊɚ/]
dexterously	US	[/ˈdɛkst(ə)ɹəsli/]
dextrous	US	[-ɛkstɹəs]
diabolo	US	[/dɪˈæbələʊ/]
diacritic	US	[/ˌdaɪəˈkɹɪtɪk/, [ˌdaɪəˈkɹɪɾɪk]]
dialect	US	[/ˈdaɪ.əˌlɛkt/]
dialectics	US	[/daɪəˈlɛktɪks/]
dialog	US	[/ˈdaɪəlɑɡ/]
dialogue	US	[/ˈdaɪəˌlɔɡ/]
diamonds	US	[/ˈdaɪ(ə)məndz/]
diaper	US	[/ˈdaɪ(ə)pɚ/]
diaphanous	US	[/daɪˈæf.ən.əs/]
diatom	US	[/ˈdaɪ.əˌtɔm/]
diatomic	US	[/daɪəˈtɒmɪk/]
diazepam	US	[/daɪˈæz.əˌpæm/]
dibasic	US	[-eɪsɪk]
dichloride	US	[/daɪˈklɔːɹaɪd/]
dichotomic	US	[/daɪkəˈtɒmɪk/]
dichotomous	US	[/daɪˈkɑ.tə.məs/, [daɪˈkɑ.ɾə.məs]]
dichromate	US	[/daɪˈkɹəʊmeɪt/]
Dickens	US	[/ˈdɪkɪnz/]
Dickensian	US	[/dəˈkɛn.zi.ən/]
dicker	US	[/ˈdɪkɚ/]
dickey	US	[-ɪki]
dickpic	US	[/ˈdɪkˌpɪk/]
dictator	US	[/ˈdɪkˌteɪtəɹ/, [-ɾəɹ]]
die	US	[/daɪ/]
dieded	US	[/ˈdaɪ.dɪd/]
dietitian	US	[/daɪəˈtɪʃən/]
differ	US	[/ˈdɪfɚ/]
difference	US	[/ˈdɪf(ə)ɹəns/]
differences	US	[/ˈdɪf(ə)ɹənsɪz/]
differentiable	US	[/ˌdɪf.ə(ɹ)ˈɛn.ʃə.bəl/]
differential	US	[[dɪfəˈɹənʃəɫ]]
differentiate	US	[/ˌdɪf.əˈɹɛn.ʃi.eɪt/]
difficult	US	[/ˈdɪfɪkəlt/]
difficulties	US	[/ˈdɪfɪkəltiz/]
difficulty	US	[/ˈdɪfɪkəlti/]
diffident	US	[/ˈdɪfɪdənt/]
diffidently	US	[/ˈdɪf.ɪ.dənt.li/]
diffraction	US	[/dɪˈfɹækʃən/]
diffuse	US	[/dɪˈfjuz/]
digerati	US	[/dɪdʒɪˈɹɑːti/]
digestible	US	[/daɪˈdʒɛstəbəɫ/]
dighi	US	[/dɪɡi/]
digital	US	[/ˈdɪd͡ʒɪtl̩/]
dignify	US	[/ˈdɪɡnɪfaɪ/]
dignity	US	[/ˈdɪɡnɪti/]
dihedral	US	[/daɪˈhiːdɹəl/]
dihedron	US	[/daɪˈhiːdɹɒn/]
dihydric	US	[/daɪˈhaɪdɹɪk/]
dilapidated	US	[/dɪˈlæpɪdeɪtəd/]
diligent	US	[/ˈdɪlɪdʒənt/]
dilithium	US	[/daɪˈlɪθiəm/]
dimer	US	[/ˈdaɪmə(ɹ)/]
dimethylamidophenyldimethylpyrazolon	US	[/ˌdaɪˌmɛθələˌmɪdoʊˌfɛnəlˌdaɪˌmɛθəlˌpaɪˈɹæzəˌlɒn/]
dimethyltryptamine	US	[/ˌdaɪmɛθəlˈtɹɪptəmiːn/]
dimorphism	US	[/daɪˈmɔːfɪzəm/]
dingbat	US	[/ˈdɪŋbæt/]
dinghy	US	[/ˈdɪŋ.i/]
dinginess	US	[/ˈdɪndʒɪnəs/]
dinner	US	[/ˈdɪnəɹ/, [ˈdɪnɚ]]
dinomania	US	[/daɪnəʊˈmeɪnɪə/]
dinomaniac	US	[-eɪniæk]
diode	US	[/ˈdaɪ.oʊd/]
diphone	US	[/ˈdaɪ.fəʊn/]
diplomatic	US	[/ˌdɪpləˈmætɪk/]
diplomatically	US	[/ˌdɪ.pləˈmæt.ɪk(.ə)li/, [ˌdɪ.pləˈmæɾ.ɪk(.ə)li]]
dipolar	US	[-əʊlə(ɹ)]
dipole	US	[/ˈdaɪˌpoʊl/]
directions	US	[/d(a)ɪˈɹɛk.ʃənz/]
directors	US	[/dɪˈɹɛktɚz/]
dirge	US	[/dɝd͡ʒ/]
dirigent	US	[/ˈdɪɹ.ɪ.d͡ʒənt/]
dirigible	US	[/ˈdɪɹ.ə.d͡ʒə.bəl/]
dirigibles	US	[/ˈdɪɹ.ə.d͡ʒə.bəlz/]
dirigisme	US	[/ˈdiɚɹɪʒɪz(ə)m/]
dirigist	US	[/ˌdɪɹɪˈʒɪst/]
dirndl	US	[/ˈdɜɹnd(ə)l/, [ˈdɚndɫ̩]]
dirt	US	[/dɝt/]
dirty	US	[/ˈdɝti/, [ˈdɝɾi]]
disabled	US	[[dɪsˈeɪbəɫd]]
disagreeable	US	[[dɪsəˈɡɹi.əbəɫ]]
disagreement	US	[/dɪsəˈɡɹiːmənt/]
disappear	US	[/dɪsəˈpɪɹ/]
disappeared	US	[/dɪsəˈpɪɹd/]
disappoint	US	[/ˌdɪsəˈpɔɪnt/]
disappointed	US	[/ˌdɪsəˈpɔɪntɪd/]
disappointing	US	[-ɔɪntɪŋ]
disappointment	US	[/ˌdɪsəˈpɔɪntmənt/]
disapproval	US	[/dɪsəˈpɹuvəl/]
disassembly	US	[/dɪsəˈsɛmbli/]
disaster	US	[/dɪˈzæs.tɚ/]
disastrous	US	[/dɪˈzæs.tɹəs/]
disastrously	US	[/dɪˈzæs.tɹəs.li/]
discaire	US	[/dɪsˈkɛɚ/]
discectomy	US	[-ɛktəmi]
discerned	US	[/dɪˈsɝnd/]
discharged	US	[/dɪsˈt͡ʃɑɹd͡ʒd/]
disciples	US	[/dɪˈsaɪpl̩z/]
disciplinary	US	[/ˈdɪs.ə.pləˌnɛɹi/]
disclaimer	US	[/dɪsˈkleɪm.ɚ/]
disclaimers	US	[/dɪsˈkleɪm.ɚz/]
disclosure	US	[/dɪsˈkloʊʒɚ/]
discographies	US	[/dɪskɒɡɹəfɪz/]
discography	US	[/ˌdɪsˈkɑɡɹəfi/]
discoloration	US	[-eɪʃən]
discombobulate	US	[/ˌdɪs.kəmˈbɒb.jəˌleɪt/]
disconcerted	US	[/ˌdɪskənˈsɜːtəd/]
disconcerting	US	[/ˌdɪskənˈsɝtɪŋ/]
discontented	US	[/ˌdɪskənˈtɛntɛd/]
discontentment	US	[/dɪskənˈtɛntmənt/]
discontinuation	US	[-eɪʃən]
discontinue	US	[/dɪskənˈtɪnju/]
discontinued	US	[/ˌdɪskənˈtɪnjuːd/]
discontinuity	US	[/ˌdɪs.kɑn.tɪˈnuːɪ.ti/]
discord	US	[/ˈdɪskɔɹd/]
Discord	US	[/ˈdɪskɔɹd/]
discount	US	[-aʊnt]
discourage	US	[/dɪsˈkɝɪd͡ʒ/]
discouraged	US	[/dɪsˈkɝɪd͡ʒd/]
discovered	US	[/dɪsˈkʌvɚd/]
discoveries	US	[/dɪsˈkʌvəɹiz/]
discovery	US	[/dɪsˈkʌv(ə)ɹi/]
discredit	US	[/dɪsˈkɹɛd.ɪt/]
discrepancy	US	[/dɪsˈkɹɛpənsi/]
discrete	US	[/dɪˈskɹiːt/]
discretion	US	[/dɪˈskɹɛʃən/]
discus	US	[/ˈdɪs.kəs/]
discuss	US	[/dɪˈskʌs/]
discussing	US	[/dɪˈskʌsɪŋ/]
discussions	US	[/dɪˈskʌʃənz/]
diseased	US	[/dɪˈzizd/]
diseases	US	[/dɪˈzizɪz/]
diseases	US	[/dɪˈzizɪz/]
disembark	US	[/ˌdɪs.ɪmˈbɑɹk/]
disembarkation	US	[/ˌdɪsɪmbɑːˈkeɪʃən/]
disembodied	US	[/dɪsɪmˈbɒdiːd/]
disembogue	US	[/ˌdɪs.ɪmˈboʊɡ/]
disenfranchise	US	[/ˌdɪs.ɪnˈfɹæn.t͡ʃaɪz/]
disfigurement	US	[/dɪsˈfɪɡ.jɚ.mənt/]
disgrace	US	[/dɪsˈɡɹeɪs/]
dishearten	US	[/dɪsˈhɑɹ.tən/]
dishonor	US	[/dɪsˈɑnəɹ/]
dishwasher	US	[/ˈdɪʃˌwɑʃɚ/]
disinfectant	US	[/dɪs.ɪnˈfɛktənt/]
disingenuous	US	[/ˌdɪs.ɪnˈd͡ʒɛn.ju.əs/]
disingenuously	US	[/ˌdɪs.ɪnˈd͡ʒɛn.ju.əs.li/]
disintegrate	US	[/dɪsˈɪntɪɡɹeɪt/]
disintegration	US	[/dɪsˌɪd.əˈɡɹeɪ.ʃən/, [dɪsˌɪn.əˈɡɹeɪ.ʃən]]
disinterest	US	[/dɪsˈɪntɹɛst/]
disjointed	US	[/dɪsˈdʒɔɪn.tɪd/]
disjunctive	US	[/dɪsˈd͡ʒʌŋktɪv/]
dismount	US	[-aʊnt]
disobedient	US	[/dɪs.əˈbiː.dɪənt/]
disorder	US	[/dɪsˈɔːɹdɚ/]
disorganized	US	[/dɪsˈɔːɡənaɪzd/]
dispersal	US	[-ɜː(ɹ)səl]
dispersed	US	[/dɪˈspɝst/]
dispersion	US	[/dɪˈspɝʒən/]
dispirited	US	[/dɪˈspɪɹɪtəd/]
dispiriting	US	[/dɪˈspɪɹɪtɪŋ/]
displeased	US	[/dɪsˈpliːzd/]
disposable	US	[/dɪsˈpoʊzəbl̩/]
dispose	US	[/dɪsˈpoʊz/]
disposed	US	[/dɪˈspoʊzd/]
dispossession	US	[/dɪspəˈzɛʃn̩/]
disproportionate	US	[/ˌdɪs.pɹəˈpɔɹ.ʃə.nət/]
disproportionately	US	[/ˈdɪs.pɹəˌpɔɹ.ʃən.ət.li/]
disputable	US	[/dɪˈspju.tə.bəɫ/]
disputed	US	[/dɪsˈpjuːtɪd/]
disquaire	US	[/dɪsˈkɛɚ/]
disrespectful	US	[[dɪsɹɪˈspɛktfəɫ]]
dissatisfied	US	[/dɪsˈsætɪsˌfaɪd/]
dissimilar	US	[/dɪˈsɪmɪlə(ɹ)/]
dissipated	US	[/ˈdɪsɪpeɪtɪd/]
dissipated	US	[/ˈdɪsɪpeɪtɪd/]
dissolution	US	[/ˌdɪsəˈluʃən/]
dissolved	US	[/dɪˈzɑlvd/]
dissuasion	US	[/dɪˈsweɪʒən/]
distancing	US	[/ˈdɪstənsɪŋ/]
distich	US	[/ˈdɪstɪk/]
distillation	US	[/ˌdɪstɪˈleɪʃən/]
distinction	US	[/dɪˈstɪŋkʃən/]
distinctive	US	[/dɪˈstɪŋktɪv/]
distinctness	US	[/ˌdɪˈstɪŋkt.nəs/]
distinguished	US	[/dɪˈstɪŋ.ɡwɪʃt/]
distorted	US	[/dɪsˈtɔɹtɪd/]
distribute	US	[/dɪˈstɹɪbjut/]
distribution	US	[/ˌdɪstɹəˈbjuːʃən/]
districts	US	[/ˈdɪstɹɪk(t)s/]
disturb	US	[/dɪˈstɝb/]
disturbance	US	[/dɪˈstɝbn̩s/]
disturbed	US	[/dɪsˈtɜːbd/]
dither	US	[/ˈdɪðɚ/]
ditto	US	[/ˈdɪtoʊ/, [ˈdɪɾoʊ]]
diurnal	US	[/daɪˈɝ.nəl/]
dividend	US	[/ˈdɪvɪdɛnd/]
divinity	US	[/dɪˈvɪnɪti/]
divisibility	US	[/dɪˈvɪzɪbɪlɪti/]
divisions	US	[/dɪˈvɪʒənz/]
dixie	US	[/ˈdɪk.si/]
do	US	[/duː/]
do	US	[/də/]
doc	US	[/dɑk/]
Doc	US	[/dɑk/]
docetaxel	US	[/ˌdoʊ.səˈtæk.sl̩/]
dock	US	[/dɑk/]
docker	US	[/ˈdɑkɚ/]
Docker	US	[/ˈdɑkɚ/]
docket	US	[/ˈdɑ.kɪt/]
doctor	US	[/ˈdɑktɚ/]
doctored	US	[/ˈdɒktə(ɹ)d/]
doctors	US	[/ˈdɑktɚz/]
doctrine	US	[/ˈdɑk.tɹɪn/]
doctrines	US	[/ˈdɑktɹɪnz/]
dodecahedra	US	[/dəʊˌdɛkəˈhiːdɹə/]
dodge	US	[/dɑd͡ʒ/]
dog	US	[/dɔɡ/]
dogecoin	US	[/ˈdəʊd͡ʒkɔɪn/]
doggie	US	[-ɒɡi]
dogging	US	[/ˈdɔɡɪŋ/]
doggone	US	[/ˈdɑɡ.ɑn/]
dogleg	US	[/ˈdɔɡˌlɛɡ/]
dogs	US	[/dɔɡz/]
dogwood	US	[/ˈdɒɡwʊd/]
doh	US	[/doʊ/]
doldrums	US	[/ˈdɑldɹəmz/]
dollars	US	[/ˈdɑlɚz/]
dolour	US	[/ˈdoʊlɚ/]
dolphin	US	[/ˈdɑlf.ɪn/, [ˈdɑl̥fɪn]]
dominator	US	[-eɪtə(ɹ)]
dominatrices	US	[/ˌdɒmɪˈneɪtɹɪsiːz/]
dominions	US	[/dəˈmɪnjənz/]
domino	US	[/ˈdɑmɪnoʊ/]
dominoes	US	[/ˈdɑmɪnoʊz/]
dominoes	US	[/ˈdɑmɪnoʊz/]
dompt	US	[/dɑm(p)t/]
don	US	[/dɑn/]
donation	US	[/doʊˈneɪʃən/]
donations	US	[/doʊˈneɪʃənz/]
donator	US	[-eɪtə(ɹ)]
Done	US	[/dən/]
dongle	US	[/ˈdɑŋɡl̩/]
donna	US	[/ˈdɑ.nə/]
Donner	US	[-ɒnə(ɹ)]
donor	US	[/ˈdoʊnɚ/]
doo	US	[/du/]
doodle	US	[/ˈdud(ə)l/]
doodlebug	US	[/ˈduːdl̩ˌbʌɡ/]
doofer	US	[/ˈduːfɚ/]
doohickey	US	[/ˈduhɪki/]
doomsayer	US	[/ˈdumˌseɪ.ɚ/]
door	US	[/doɹ/]
doorknob	US	[/ˈdɔɹ.nɑb/]
doorman	US	[-ɔː(ɹ)mən]
doors	US	[/dɔɹz/]
doorway	US	[/ˈdɔɹweɪ/]
dopamine	US	[/ˈdoʊ.pəˌmin/]
dormition	US	[/dɔːˈmɪʃ(ə)n/]
dosage	US	[/ˈdəʊsɪd͡ʒ/]
dose	US	[/doʊs/]
dot	US	[/dɑt/]
dotted	US	[/ˈdɑtɪd/]
double	US	[/ˈdʌb(ə)l/, [ˈdʌb.ɫ]]
doubtful	US	[/ˈdaʊtfəl/]
dough	US	[/doʊ/]
Dougie	US	[-ʌɡi, -uːɡi]
doujinshi	US	[/doʊˈd͡ʒɪnʃi/]
Douyin	US	[/ˈdoʊ.jɪn/]
dovecote	US	[/ˈdʌvkɑt/]
downblend	US	[/ˈdaʊn.blɛnd/]
downflood	US	[/ˈdaʊn.flʌd/]
downflooding	US	[/ˈdaʊnflʌdˌɪŋ/]
download	US	[/ˈdaʊnˌloʊd/]
downright	US	[/ˈdaʊnˌɹaɪt/]
downside	US	[/ˈdaʊnˌsaɪd/]
downsize	US	[/ˈdaʊnsaɪz/]
downstairs	US	[/daʊnˈstɛɹz/]
downtown	US	[-aʊn]
downward	US	[/ˈdaʊnwɚd/]
doxx	US	[/dɑks/]
doyenne	US	[-ɛn]
draft	US	[/dɹæft/, -æft]
dragonfly	US	[/ˈdɹæɡənˌflaɪ/]
drain	US	[/dɹeɪn/, [d̥ɹẽːn]]
dram	US	[/dɹæm/]
drama	US	[/ˈdɹɑmə/]
dramatic	US	[/dɹəˈmætɪk/]
draught	US	[/dɹæft/, -æft]
draughts	US	[/dɹæfts/]
draughty	US	[/dɹɑːfti/]
draw	US	[/dɹɔ/, [d͡ʒɹɔ], [d͡ʒɹɔɹ]]
drawn	US	[-ɔːn]
dreadful	US	[/ˈdɹɛd.fʊl/]
dreich	US	[/dɹik/]
dresses	US	[/ˈdɹɛsɪz/]
dressmaker	US	[/ˈdɹɛsˌmeɪkɚ/]
drifter	US	[/ˈdɹɪftɚ/]
drinker	US	[/ˈdɹɪŋkɚ/]
drinking	US	[/ˈdɹɪŋkɪŋ/]
driver	US	[/ˈdɹaɪvɚ/]
dromedary	US	[/ˈdɹɑməˌdɛɹi/]
drooping	US	[-uːpɪŋ]
drop	US	[/dɹɑp/, [d͡ʒɹɑp]]
dropped	US	[/dɹɑpt/, [d͡ʒɹɑpt]]
dropping	US	[/ˈdɹɑpɪŋ/]
drops	US	[/dɹɑps/, [d͡ʒɹɑps]]
drove	US	[/dɹoʊv/]
druthers	US	[/ˈdɹʌðɚz/]
dryer	US	[/ˈdɹaɪɚ/, [ˈd͡ʒɹaɪɚ]]
drygulch	US	[/ˈdɹaɪ.ɡʌlt͡ʃ/]
dubcon	US	[/ˈdʌbˌkɑn/]
dubious	US	[/ˈdu.bi.əs/]
Dubya	US	[/ˈdʌb.jə/]
duck	US	[/dʌk/]
duckburger	US	[/ˈdʌkbɝɡɚ/]
duckfucker	US	[/ˈdʌkˌfʌkə(ɹ)/]
duckie	US	[-ʌki]
ductility	US	[/dʌkˈtɪlɪdi/]
dude	US	[/duːd/, [dʉːwd]]
duderus	US	[/ˈduːdərəs/]
due	US	[/du/]
duel	US	[/ˈd(j)uəl/]
duffer	US	[/ˈdʌfɚ/]
dugout	US	[/ˈdʌɡaʊt/]
duh	US	[/dʌ/]
duke	US	[/d(j)uːk/]
duly	US	[/ˈduli/]
dumbfound	US	[/ˈdʌm.faʊnd/]
dumbledore	US	[/ˈdʌm.bəl.dɔːɹ/]
dummies	US	[/ˈdʌmiz/]
dumper	US	[/ˈdʌmpɚ/]
dun	US	[/dʌn/]
dunderhead	US	[/ˈdʌn.dɚ.hɛd/]
dunzo	US	[/ˈdʌnzoʊ/]
duodecimate	US	[/ˌdjuːəʊˈdɛsɪmət/]
duopoly	US	[/duˈɑpəli/]
duplicate	US	[/ˈd(j)uː.plɪ.kət/]
dusk	US	[/dʌsk/]
dustpan	US	[/ˈdʌstpæn/]
Dutch	US	[/dʌt͡ʃ/]
Dutchwoman	US	[/dʌt͡ʃˌwʊmən/]
duties	US	[/duːtiz/]
duty	US	[/ˈdu.ti/, [ˈdu.ɾi]]
dwarf	US	[/dwɔɹf/]
dwarfism	US	[/ˈdwɔɹfɪzəm/]
dwell	US	[/dwɛl/]
dyer	US	[/ˈdaɪɚ/]
dynamometer	US	[/ˌdaɪnəˈmɒmɪtə(ɹ)/]
dynasty	US	[/ˈdaɪnəsti/]
dyspepsia	US	[/dɪsˈpɛp.si.ə/]
dysphoric	US	[-ɒɹɪk]
dyspnea	US	[/ˈdɪsp.ni.ə/]
each	US	[/it͡ʃ/]
eager	US	[/ˈiɡɚ/]
eagerly	US	[/ˈiɡɚli/]
eagerness	US	[/ˈiɡɚnəs/]
eagle	US	[/ˈiːɡəl/]
earache	US	[/ˈiɹeɪk/]
eardrum	US	[/ˈiɚˌdɹʌm/]
eargasmic	US	[-æzmɪk]
earldom	US	[/ˈəɹldəm/]
earlier	US	[/ˈɝliɚ/]
earliest	US	[/ˈɝ.li.ɪst/]
early	US	[/ˈɝ.li/]
earn	US	[/ɝn/]
earnest	US	[/ˈɝ.nɪst/]
earnestly	US	[/ˈɝnɪstli/]
earnestness	US	[/ˈɝnɪstnəs/]
earns	US	[/ɝnz/]
earpiece	US	[/ˈɪɹpiːs/]
earshot	US	[/ˈɪɹˌʃɑt/]
earth	US	[/ɝθ/]
earthly	US	[/ˈəːθli/]
earthquake	US	[/ˈɝθkweɪk/]
earths	US	[/ɝθs/]
earthwork	US	[/ˈɝθwɝk/]
earthworm	US	[/ˈɜː(ɹ)θˌwɜː(ɹ)m/]
ease	US	[/iz/]
easier	US	[/ˈi.zi.ɚ/]
easily	US	[/ˈi.zə.li/]
Easter	US	[/ˈistɚ/]
easter	US	[/ˈi.stəɹ/]
eastern	US	[/ˈi.stɚn/]
eastward	US	[/ˈist.wɚd/]
easy	US	[/ˈizi/]
eat	US	[/it/]
eating	US	[/ˈitɪŋ/, [ˈiɾɪŋ]]
eavesdrop	US	[/ˈivzˌdɹɑp/]
eavesdropper	US	[/ˈiːvzˌdɹɒpə(ɹ)/]
eccentric	US	[/ɛkˈsɛntɹɪk/]
eccentricity	US	[/ˌɛk.sɛnˈtɹɪs.ɪ.ti/, [ˌɛk.sənˈtɹɪs.ə.ɾi]]
ecchymosis	US	[/ˌɛk.ɪˈmoʊ.sɪs/]
ecdysiast	US	[/ɛkˈdɪz.i.æst/]
echidna	US	[/əˈkɪdnə/]
echoed	US	[/ˈɛkoʊd/]
echolalia	US	[/ˌɛkoʊˈleɪliə/]
ecocide	US	[/ˈiːkəʊsaɪd/]
economical	US	[/ˌɛkəˈnɑmɪkəl/]
ecosystem	US	[/ˈikoʊˌsɪstəm/]
ecotone	US	[/ˈiːkətəʊn/]
ecstasy	US	[/ˈɛk.stə.si/]
ecstatic	US	[/ɛkˈstætɪk/]
Ecuador	US	[/ˈɛk.wə.dɔɹ/]
ecumenical	US	[/ˌɛk.jʊˈmɛ.nɪ.kəl/]
ecumenicism	US	[/ˌɛk.jʊˈmɛ.nɪ.sɪzm/]
ed	US	[-ɛd]
edamame	US	[/ˌɛdəˈmɑːmeɪ/]
eddish	US	[/ˈɛdɪʃ/]
edelweiss	US	[/ˈeɪdəlvaɪs/]
edgings	US	[/ˈɛd͡ʒɪŋz/]
edifice	US	[/ˈɛd.ɪ.fɪs/]
edified	US	[/ˈɛdɪfaɪd/]
editing	US	[/ˈɛdɪtɪŋ/]
edition	US	[/ɪˈdɪʃən/, [ɪˈdɪʃ.n̩]]
editor	US	[/ˈɛd.ɪ.tə/]
editorial	US	[/ˌɛdɪˈtɔɹiəl/]
Edomite	US	[[ˈiɾɪ̈mʌɪ̯t̚]]
educator	US	[/ˈɛd͡ʒəkeɪtɚ/]
eerie	US	[/ˈɪɹi/]
eerily	US	[/ˈɪəɹɪli/]
Eeyore	US	[/ˈiː.jɔː(ɹ)/]
effected	US	[/ɪˈfɛktɪd/]
effectiveness	US	[/ɪˈfɛk.tɪv.nɪs/]
effects	US	[/ɪˈfɛkts/]
effervescent	US	[/ˌɛfɚˈvɛsənt/]
effigy	US	[/ˈɛfəd͡ʒi/]
efflagitate	US	[/əˈflæd͡ʒ.ɪ.teɪt/]
effort	US	[/ˈɛfɚt/]
effortlessly	US	[/ˈɛf.ɚt.ləs.li/]
efforts	US	[/ˈɛfɚts/]
effusion	US	[-uːʒən]
EFTA	US	[/ɛf.tɑː/]
egalitarian	US	[/ɪˌɡæl.ɪˈtɛɹ.i.ən/]
egging	US	[/ˈɛɡɪŋ/]
eggnog	US	[/ˈɛɡ.nɑɡ/]
egomania	US	[-eɪniə]
egotistic	US	[/ˌi.ɡoʊˈtɪs.tɪk/]
egotistical	US	[/ˌi.ɡoʊˈtɪs.tɪk.(ə)l/]
egregiously	US	[/ɪˈɡɹid͡ʒəsli/]
egress	US	[/ˈiːɡɹɛs/]
Egypt	US	[/ˈi.d͡ʒɪpt/]
Egyptian	US	[/ɪˈd͡ʒɪp.ʃən/]
Egyptologist	US	[/ˌid͡ʒɪpˈtɑləd͡ʒɪst/]
Egyptology	US	[/ˌid͡ʒɪpˈtɑləd͡ʒi/]
Eiffel	US	[/ˈaɪfl̩/]
eigenvalue	US	[/ˈaɪɡənˌvæljuː/]
eightieth	US	[/ˈeɪ.ti.əθ/]
eighty	US	[[ˈ(ʔ)eɪ̯ɾi]]
eisteddfod	US	[/aɪˈstɛðvɒd/]
ekstasis	US	[/ˈɛkstəsɪs/]
elaborate	US	[/ɪˈlæbəɹət/]
elaboration	US	[-eɪʃən]
Elagabalus	US	[/ˌɛləˈɡæbələs/]
elbow	US	[/ˈɛlboʊ/, [ˈɛɫboʊ]]
elderberry	US	[/ˈɛldə(ɹ)ˌbɛɹi/]
elderly	US	[/ˈɛldɚli/]
elders	US	[/ˈɛldɚz/]
elected	US	[/ɪˈlɛktɪd/]
elective	US	[-ɛktɪv]
electrical	US	[/ɪˈlɛktɹɪkəl/]
electroencephalography	US	[-ɒɡɹəfi]
electron	US	[/ɪˈlɛk.tɹɑn/]
electrotango	US	[/əˈlɛktɹoʊˌtæŋɡəʊ/]
electrovore	US	[/ɪˈlɛktɹəvɔː(ɹ)/]
electrum	US	[/ɪˈlɛktɹəm/]
elephant	US	[/ˈɛləfənt/]
elicit	US	[-ɪsɪt]
ellipsis	US	[/ɪˈlɪpsɪs/]
elliptize	US	[/ɪˈlɪp.taɪz/]
Elmo	US	[/ˈɛlmoʊ/]
elongation	US	[-eɪʃən]
elopement	US	[/ɪˈloʊpmənt/]
eloquence	US	[/ˈɛl.ə.kwəns/]
elsewise	US	[/ˈɛlswaɪz/]
elumbated	US	[/ɪˈlʌmbeɪtɪd/]
Emacs	US	[/ˈiːmæks/]
email	US	[/ˈiˌmeɪl/]
emanate	US	[/ˈɛm.əˌneɪt/]
emancipator	US	[/ɪˈmænsɪpeɪtɚ/]
embarrassment	US	[/ɪmˈbæɹəsmənt/]
embassy	US	[/ˈɛmbəsi/]
embed	US	[/ˈɛm.bɛd/]
embellishment	US	[/ɪmˈbɛlɪʃmənt/]
ember	US	[/ˈɛm.bɚ/]
emblem	US	[/ˈɛmbləm/]
emblematic	US	[/ˌɛmbləˈmatɪk/]
embrittlement	US	[/ɛmˈbɹɪtl̩mənt/]
embroider	US	[/ɪmˈbɹɔɪdɚ/]
embroidered	US	[/ɪmˈbɹɔɪdɚd/]
embroidery	US	[/ɪmˈbɹɔɪdəɹi/]
emerged	US	[/iˈmɝd͡ʒd/]
emigre	US	[/ˈɛmɪɡɹeɪ/]
eminent	US	[/ˈɛmɪnənt/]
eminently	US	[/ˈɛmɪnəntli/]
emma	US	[/ˈɛmə/]
emollient	US	[/ɪˈmɑl.jənt/]
empath	US	[/ˈɛm.pæθ/]
empathogen	US	[/ɛmˈpæθəd͡ʒn̩/]
empirical	US	[/ɪmˈpɪɹɪkəl/]
empress	US	[/ˈɛmpɹəs/]
empyreal	US	[/ɛmˈpɪɹ.i.əl/]
emulator	US	[/ˈɛmjəˌleɪtəɹ/]
enamor	US	[/ɪˈnæmɚ/]
encapsulation	US	[-eɪʃən]
enchanting	US	[/ɪnˈt͡ʃæntɪŋ/]
enchorial	US	[/ɛnˈkoɹ.i.əl/]
encompassing	US	[/ɪŋˈkʌmpəsɪŋ/]
encouraging	US	[/ɪnˈkɝɹɪd͡ʒɪŋ/]
encyclopedia	US	[/ɪnˌsaɪ.kləˈpi(ː).di.ə/]
endearing	US	[/ɪnˈdɪɹɪŋ/]
endeavored	US	[/ɪnˈdɛvɚd/]
endeavour	US	[/ɪnˈdɛv.ɚ/]
endgame	US	[/ɛnd.ɡeɪm/]
endodontics	US	[/ˌɛndəʊˈdɒntɪks/]
endothelium	US	[-iːliəm]
enema	US	[/ˈɛn.ə.mə/]
enemies	US	[/ˈɛnəmiz/]
enemy	US	[/ˈɛnəmi/]
energetic	US	[/ˌɛnɚˈd͡ʒɛtɪk/]
energies	US	[/ˈɛnɚd͡ʒiz/]
energize	US	[/ˈɛnəd͡ʒʌɪz/]
energy	US	[/ˈɛn.ɚ.d͡ʒi/]
enfleurage	US	[/ˌɑ̃.fluˈɹɑʒ/]
engagement	US	[/ɪnˈɡeɪd͡ʒ.mənt/]
engelang	US	[/ˈɛnd͡ʒˌlæŋ/]
engine	US	[/ˈɛnd͡ʒɪn/]
engineer	US	[/ˌɛnd͡ʒɪˈnɪ(ə)ɹ/]
engineering	US	[/ˌɛn.d͡ʒɪˈnɪ(ə)ɹ.ɪŋ/]
engineers	US	[/ˌɛnd͡ʒɪˈnɪɹz/]
english	US	[/ˈɪŋ.ɡlɪʃ/]
engraved	US	[/ɪnˈɡɹeɪvd/]
engrossed	US	[/ɛnˈɡɹoʊst/]
enlace	US	[-eɪs]
enlarge	US	[/ɪnˈlɑɹd͡ʒ/]
enlarged	US	[/ɪnˈlɑɹd͡ʒd/]
enlightened	US	[/ɪnˈlaɪtənd/]
ennui	US	[/ɑnˈwi/]
enriched	US	[-ɪtʃt]
ensconce	US	[/ɛnˈskɑns/]
entactogen	US	[/ɛnˈtæktəd͡ʒn̩/]
entailment	US	[/ɛnˈteɪl.mənt/]
entente	US	[/ɑnˈtɑnt/]
enter	US	[/ˈɛntɚ/, [ˈɛɾ̃ɚ], [ˈɪɾ̃ɚ]]
entered	US	[/ˈɛntə(ɹ)d/]
entering	US	[/ˈɛn.təɹ.ɪŋ/]
enterprise	US	[/ˈɛntɚˌpɹaɪz/]
entertain	US	[/ˌɛntɚˈteɪn/, [ˌɛɾ̃ɚˈtʰeɪn]]
entertained	US	[/ˌɛntɚˈteɪnd/]
entertaining	US	[-eɪnɪŋ]
entertainment	US	[/ˌɛn.tɚˈteɪn.mənt/]
entertainment	US	[/ˌɛn.tɚˈteɪn.mənt/]
enthalpy	US	[/ˈɛn.θəl.piː/]
enticing	US	[/ɛnˈtaɪsɪŋ/]
entirely	US	[/ɪnˈtaɪɹli/]
entitled	US	[/ɪnˈtaɪtl̩d/]
entitlement	US	[/ənˈtaɪtəlmənt/]
entity	US	[/ˈɛn.tɪ.ti/]
entomologist	US	[-ɒlədʒɪst]
entrain	US	[-eɪn]
entrepreneurial	US	[/ˌɑn.tɹə.prəˈnɝ.i.əl/]
entropy	US	[/ˈɛntɹəpi/]
entrusted	US	[/ɪnˈtɹʌstɪd/]
Enumclaw	US	[/ˈi.nʌmˌklɔ/]
enunciate	US	[/ɪˈnʌnsiˌeɪt/]
enunciation	US	[/ɪˌnʌn.siˈeɪ.ʃən/]
envelop	US	[/ɛnˈvɛləp/]
enviable	US	[/ˈɛnvi.əbl̩/]
envied	US	[/ˈɛnvid/]
envious	US	[/ˈɛnviːəs/]
enzootic	US	[/ɛn.zoʊˈɑt.ɪk/]
epenthesis	US	[/ɪˈpɛn.θə.sɪs/]
ephebophilia	US	[-ɪliə]
ephemerides	US	[/ˌɛfəˈmɛɹədiz/]
ephemeris	US	[/ɪˈfɛməɹəs/]
epicede	US	[/ˈɛpɪsiːd/]
epicenter	US	[/ˈɛpɪˌsɛntɚ/]
epicentre	US	[/ˈɛpɪˌsɛntɚ/]
epicure	US	[/ˈɛpɪkjʊɹ/]
epicycle	US	[/ˈɛpɪˌsaɪkəl/]
epidural	US	[/ɛp.əˈd(j)ʊɹ.əl/]
epigram	US	[/ˈɛpɪɡɹæm/]
epinephrine	US	[/ˌɛp.ɪˈnɛ.fɹɪn/]
epiphenomenal	US	[/ˌɛpɪfɪˈnɒmɪnəl/]
episode	US	[/ˈɛp.ə.soʊd/]
epistle	US	[/ɪˈpɪs(ə)l/]
epistocracy	US	[/ˌɛpɪˈstɑkɹəsi/]
epitaph	US	[/ˈɛp.ɪˌtæf/]
epizeuxis	US	[/ˌɛpɪˈz(j)uːksɪs/]
eponym	US	[/ˈɛpənɪm/]
epoxy	US	[/ɪˈpɑk.si/]
equable	US	[/ˈɛk.wə.bəl/]
equals	US	[/ˈiːkwəlz/]
equidistant	US	[/ˌi.kwəˈdɪs.tənt/]
equilateral	US	[-ætəɹəl]
equipment	US	[/ɪˈkwɪpmənt/]
equipoise	US	[/ˈɛkwɪpɔɪz/]
equitably	US	[/ˈɛk.wɪ.tə.bli/]
equivalence	US	[/ɪˈkwɪv.ə.ləns/]
equivalent	US	[/ɪˈkwɪvələnt/]
equivocate	US	[/ɪˈkwɪvəˌkeɪt/]
eradicate	US	[/ɪˈɹæd.ɪ.keɪt/]
erase	US	[/ɪˈɹeɪs/]
erasure	US	[/ɪˈɹeɪʃɚ/]
erected	US	[/ɪˈɹɛktɪd/]
erectile	US	[/əˈɹɛktaɪl/]
eremite	US	[/ˈɛɹ.əˌmaɪt/]
erf	US	[-ɜː(ɹ)f]
Erie	US	[/ˈɪɹi/]
erm	US	[/ɝm/]
erne	US	[/ɝːn/]
ernes	US	[/ɝːnz/]
Ernest	US	[/ˈɜː(ɹ)nɪst/]
erosion	US	[/əˈɹoʊʒən/]
erotic	US	[/ɪˈɹɑtɪk/]
erotica	US	[/ɪˈɹɒt.ɪkə/]
errata	US	[/ɛˈɹɑtə/, [ɛˈɹɑɾə]]
erratically	US	[/ɪˈɹæt.ɪk.li/]
errhine	US	[/ˈɛɹ.aɪn/]
errors	US	[/ˈɛɹɚz/]
erstwhile	US	[/ˈɝst.waɪl/]
erythrocyte	US	[/əˈɹɪθɹəˌsaɪt/]
escapement	US	[/ɪˈskeɪpmənt/]
escargot	US	[/ˌɛskɑɹˈɡoʊ/]
escarpment	US	[/ɪˈskɑɹp.mənt/]
escritoire	US	[/ˌɛskɹɪˈtwɑːɹ/]
ese	US	[/ˈɛˌseɪ/]
esquivalience	US	[/ˌɛs.kwiˈveɪ.li.əns/]
essayist	US	[/ˈɛ.seɪ.ɪst/]
esse	US	[/ˈɛsi/]
essentially	US	[/ɪˈsɛnʃəli/]
establish	US	[/ɪˈstæb.lɪʃ/]
established	US	[/ɪˈstæb.lɪʃt/]
establishing	US	[/ɪˈstæblɪʃɪŋ/]
establishment	US	[/ɪˈstæblɪʃmənt/]
estate	US	[/ɪˈsteɪt/]
estimation	US	[/ˌɛs.təˈmeɪ.ʃən/]
estrangement	US	[/ɪsˈtɹeɪnd͡ʒmənt/]
estrogen	US	[/ˈɛstɹəd͡ʒən/]
estuary	US	[/ˈɛst͡ʃuˌɛɹi/]
eta	US	[/ˈeɪtə/]
etc	US	[/ˌɛt ˈsɛt(ə)ɹə/]
ethane	US	[/ˈɛθeɪn/]
ethanol	US	[/ˈɛθ.ə.nɑl/]
ethel	US	[/ˈɛθ.əl/]
ether	US	[/ˈi.θɚ/]
ethereal	US	[/ɪˈθɪɚ.i.əl/]
ethical	US	[/ˈɛθɪkəl/]
Ethiopia	US	[/ˌi.θiˈoʊ.pi.ə/]
ethnography	US	[/ɛθˈnɑɡɹəfi/]
ethyl	US	[/ˈɛθəl/]
etiology	US	[-ɒlədʒi]
etymologies	US	[/ˌɛt.ɪˈmɒl.ə.d͡ʒiːz/]
etymology	US	[/ˌɛtəˈmɑləd͡ʒi/, [ˌɛɾəˈmɑləd͡ʒi]]
Eudora	US	[/juːˈdɔərə/]
EULA	US	[/ˈjuːlə/]
euphemism	US	[/ˈjuː.fəˌmɪz.əm/]
euphoria	US	[/juˈfo.ɹi.ə/]
eutectic	US	[/juˈtɛk.tɪk/]
euthanasia	US	[/juːθəˈneɪʒə/]
evaluate	US	[/ɪ̈ˈvaljəˌweɪt/]
evaporate	US	[/ɪˈvæp.ə.ɹeɪt/]
evaporation	US	[-eɪʃən]
evaporator	US	[/ɪˈvæp.ə.ɹeɪt.ɚ/, [ɪˈvæp.ə.ɹeɪɾ.ɚ]]
even	US	[/ˈivən/, [ˈivn̩]]
evening	US	[/ˈivnɪŋ/]
eventide	US	[/ˈiːvənˌtaɪd/]
ever	US	[/ˈɛvɚ/]
everlasting	US	[/ˌɛvɚˈlæstɪŋ/]
everything	US	[/ˈɛvɹiθɪŋ/]
everywhere	US	[/ɛv.ɹi.(h)wɛɹ/]
evidence	US	[[ˈɛv.ɪ.ɾəns], [ˈɛv.ə.ɾəns]]
evident	US	[/ˈɛv.ə.dənt/]
evil	US	[/ˈivl̩/]
evoke	US	[/ɪˈvoʊk/]
exabyte	US	[/ˈɛksəbaɪt/]
exacerbate	US	[/ɪɡˈzæsɚˌbeɪt/]
exactly	US	[/ɪɡˈzæk(t)li/]
exalted	US	[/ɪɡˈzɔːltɪd/]
examine	US	[/ɪɡˈzæmɪn/]
examined	US	[/ɪɡˈzæmɪnd/]
examining	US	[/ɪɡˈzæmɪnɪŋ/]
example	US	[/ɪɡˈzæm.pəl/, [ɪɡˈzɛəmpəɫ]]
exasperated	US	[/ɪɡˈzæspəɹeɪtɪd/]
exceedingly	US	[/ɪkˈsiːdɪŋli/]
excellent	US	[/ˈɛksələnt/]
except	US	[/ɪkˈsɛpt/]
exceptional	US	[/ɪkˈsɛpʃənəl/]
excessively	US	[/ɪkˈsɛsɪvli/]
exchanged	US	[/ɛksˈt͡ʃeɪnd͡ʒd/]
excited	US	[/ɪkˈsaɪtɪd/]
excitement	US	[/ɪkˈsaɪtmənt/]
exclaimed	US	[/ɛkskleɪmd/]
exclave	US	[/ˈɛkskleɪv/]
excommunicate	US	[/ˌɛkskəˈmjunəkeɪt/]
exculpation	US	[-eɪʃən]
excursion	US	[/ɛkˈskɝ.ʒən/]
execute	US	[/ˈɛksɪˌkjuːt/]
executive	US	[/ɪɡˈzɛkjətɪv/]
executrix	US	[/ɪɡˈzɛkjətɹɪks/]
exemplification	US	[-eɪʃən]
exequy	US	[/ˈɛksɪkwi/]
exercise	US	[/ˈɛk.sɚ.saɪz/]
exergue	US	[/ɪɡˈzɜː(ɹ)ɡ/]
exert	US	[/ɪɡˈzɝt/]
exertion	US	[/əɡˈzɝʃən/]
exertions	US	[/əɡˈzɝʃən/]
exfoliate	US	[/ɛksˈfoʊlieɪt/]
exhalation	US	[-eɪʃən]
exhaust	US	[/ɪɡˈzɔst/]
exhausted	US	[/ɪɡˈzɔstɪd/]
exhaustively	US	[/ɛɡˈzɑ.stɪv.li/]
exhibited	US	[/ɪɡˈzɪbɪtɪd/]
exhilaration	US	[-eɪʃən]
exists	US	[/ɪɡˈzɪsts/]
Exodus	US	[/ˈɛksədəs/]
exoneration	US	[-eɪʃən]
exordium	US	[/ɛɡˈzɔɹdɪəm/]
exoteric	US	[/ˌɛksəˈtɛɹɪk/]
expanded	US	[/ɛkˈspændɪd/]
expanse	US	[-æns]
expansion	US	[/ɪkˈspænʃən/]
expat	US	[/ˈɛksˌpæt/]
expectation	US	[/ˌɛk.spɛkˈteɪ.ʃən/]
expectations	US	[/ɛkspɛkˈteɪʃənz/]
expected	US	[/ɪkˈspɛk.tɪd/]
expectorate	US	[/ɪkˈspɛktəɹeɪt/]
expedient	US	[/ɪkˈspiːdi.ənt/]
expedite	US	[/ˈɛk.spɪˌdaɪt/]
expeditiously	US	[/ɛks.pəˈdɪʃ.əs.li/]
expenses	US	[/ɪkˈspɛnsɪz/]
expensively	US	[/ɛkˈspɛn.sɪv.li/]
experience	US	[/ɪkˈspɪɹ.i.əns/]
experienced	US	[/ɪkˈspɪɹ.i.ənst/]
experiences	US	[/ɪkˈspɪɹ.i.ən.sɪz/]
expertly	US	[/ˈɛk.spɝt.li/]
expiate	US	[/ˈɛk.spi.eɪt/]
explained	US	[/ɪkˈspleɪnd/]
explanations	US	[/ˌɛkspləˈneɪʃənz/]
explication	US	[-eɪʃən]
explode	US	[/ɪkˈsploʊd/]
exploit	US	[/ɪksˈplɔɪt/]
exploitation	US	[-eɪʃən]
exploration	US	[/ˌɛkspləˈɹeɪʃən/]
explore	US	[/ɪkˈsploɹ/]
explornography	US	[-ɒɡɹəfi]
exponentially	US	[/ɛkspə(ʊ)ˈnɛnʃəli/]
exponentiation	US	[/ˌɛk.spoʊˌnɛn.ʃiˈeɪ.ʃən/]
expostulate	US	[/ɛksˈpɑstjʊleɪt/]
expressive	US	[/ɛkˈspɹɛsɪv/]
expressly	US	[/ɪkˈspɹɛsli/]
expressway	US	[/eksˈpɹɛs.weɪ/]
expurgate	US	[/ˈɛks.pɚ.ɡeɪt/]
exsanguinate	US	[/ɪkˈsæŋɡwəˌneɪt/]
extemporise	US	[/əkˈstɛmpəɹaɪz/]
extensibility	US	[/ɛkˌstɛn.səˈbɪ.lə.ti/]
extenuate	US	[/ɪkˈstɛnjəˌweɪt/]
extermination	US	[-eɪʃən]
extinctionism	US	[/ɪkˈstɪŋkʃ(ə)nɪzəm/]
extinguish	US	[/ɪkˈstɪŋ.ɡwɪʃ/]
extirpate	US	[/ˈɛkstɚpeɪt/]
extra	US	[/ˈɛkstɹə/]
extractor	US	[/ɪkˈstɹæktɚ/]
extraterrestrial	US	[/ˌɛk.stɹə.təˈɹɛs.tɹi.əl/]
extravagance	US	[/ɪkˈstɹævəɡəns/]
extravaganza	US	[/ɪkˌstɹæv.əˈɡæn.zə/]
extreme	US	[/ɪkˈstɹim/]
extremely	US	[/ɪksˈtɹiːmli/]
extremes	US	[/ɪkˈstɹimz/]
extricate	US	[/ˈɛks.tɹɪ.keɪt/]
extrovert	US	[/ˈɛkstɹəˌvəɹt/]
exuberant	US	[/ɪɡˈzuːbəɹənt/]
eyeball	US	[/ˈaɪbɔːl/]
eyebrow	US	[/ˈaɪˌbɹaʊ/]
eyeglass	US	[/ˈaɪˌɡlæs/]
eyeglasses	US	[/ˈaɪ.ɡlæsɪz/]
fabric	US	[/ˈfæb.ɹɪk/]
fabulously	US	[/ˈfæb.jʊ.lɪs.li/]
facepalm	US	[/ˈfeɪsˌpɑː(l)m/]
faceplant	US	[/ˈfeɪsˌplænt/]
facetiously	US	[/fəˈsiːʃəsli/]
facile	US	[/ˈfæs.əl/, [ˈfæs.ɫ̩]]
facinorous	US	[/fəˈsɪnəɹəs/]
facsimile	US	[/fækˈsɪm.ə.li/]
factor	US	[/ˈfæk.tɚ/]
factotum	US	[/fækˈtoʊ.təm/]
factual	US	[/ˈfæk.tʃ(u)əl/]
facultative	US	[/ˈfæ.kəlˌteɪ.tɪv/]
faded	US	[/ˈfeɪdɪd/]
failing	US	[/ˈfeɪ.lɪŋ/]
failing	US	[/ˈfeɪ.lɪŋ/]
faintest	US	[/ˈfeɪntəst/]
faintly	US	[/ˈfeɪntli/]
fair	US	[/fɛɚ/]
fairground	US	[/ˈfɛə(ɹ)ɡɹaʊnd/]
fairly	US	[/ˈfɛɹ.li/]
fairness	US	[/fɛɚ.nəs/]
faithful	US	[/ˈfeɪθ.fəl/]
faithfully	US	[/ˈfeɪθfəli/]
falciform	US	[/ˈfæl.sɪ.fɔɹm/]
falconer	US	[/ˈfælkənɚ/]
fallacy	US	[/ˈfæl.ə.si/]
fallen	US	[/ˈfɔlən/]
falling	US	[/ˈfɔlɪŋ/]
falls	US	[/fɔlz/]
falsehood	US	[/ˈfɒlsˌhʊd/]
fanatically	US	[/fəˈnæt.ɪk(.ə)li/, [fəˈnæɾ.ɪk(.ə)li]]
fanaticism	US	[/fəˈnæt.ɪ.sɪ.zəm/]
fancied	US	[/ˈfænsɪd/]
fancies	US	[/ˈfæn.siz/]
fanciful	US	[/ˈfænsɪfəl/]
fancruft	US	[/ˈfænˌkrʌft/]
fandub	US	[/ˈfændʌb/]
fanfare	US	[/ˈfænfɛɹ/, [ˈfɛənfɛɹ]]
fansign	US	[/ˈfænsaɪn/]
fanzine	US	[/ˈfænˌziːn/]
fapkin	US	[/ˈfæp.kɪn/]
far	US	[/fɑɹ/]
farce	US	[/fɑɹs/]
fare	US	[/fɛɹ/]
farewell	US	[/fɛɚˈwɛl/]
farfalle	US	[/fɑɹˈfɑleɪ/]
farmer	US	[/ˈfɑɹ.mɚ/]
farmers	US	[/ˈfɑɹmɚz/]
farming	US	[/ˈfɑɹmɪŋ/]
farmland	US	[/ˈfɑːɹmlænd/]
farms	US	[/fɑɹmz/]
farther	US	[/ˈfɑɹðɚ/]
farthest	US	[/ˈfɑɹðɪst/]
fartlek	US	[/ˈfɑɹtlək/]
farts	US	[/fɑːɹts/]
fascicle	US	[/ˈfæs.ɪ.kəl/]
fascinated	US	[/ˈfæsɪneɪtɪd/]
fascinating	US	[/ˈfæsɪˌneɪtɪŋ/]
fascism	US	[/ˈfæʃɪz(ə)m/]
fascist	US	[/ˈfæʃɪst/]
fashionable	US	[/ˈfæʃənəbl̩/]
fast	US	[/fæst/]
fastened	US	[/ˈfæsn̩d/]
faster	US	[/ˈfæstɚ/]
fasting	US	[/ˈfæstɪŋ/]
fatal	US	[/ˈfeɪ.təl/]
fatalist	US	[/ˈfeɪtəlɪst/]
fatally	US	[/ˈfeɪtəli/, [ˈfeɪ̯ɾl̩i]]
fathead	US	[/ˈfæt.hɛd/]
father	US	[/ˈfɑðɚ/]
fathers	US	[/ˈfɑðɚz/]
fathom	US	[/ˈfæðəm/]
fatigues	US	[/fəˈtiːɡz/]
fatuity	US	[/fəˈtuːɪti/, [fəˈtuː.ɨ.ɾi]]
fatuously	US	[/ˈfæt͡ʃ.u.əs.li/]
faucet	US	[/ˈfɔsɪt/]
fault	US	[/fɔlt/]
fauxlex	US	[/ˈfəʊlɛks/]
favor	US	[/ˈfeɪvɚ/]
favor	US	[/ˈfeɪvɚ/]
favorable	US	[/ˈfeɪ.vɚ.əbl/]
favors	US	[/ˈfeɪvɚz/]
favourable	US	[/ˈfeɪv(ə)ɹəbəl/]
favoured	US	[/ˈfeɪ.vɚd/]
favourite	US	[/ˈfeɪv.ɹɪt/]
favours	US	[/ˈfeɪ.vɚz/]
fazed	US	[/ˈfeɪzd/]
FBI	US	[/ˈɛf.biː.aɪ/]
feared	US	[/fɪɹd/]
fearfully	US	[/ˈfɪɹfəli/]
fearlessness	US	[/ˈfɪəlɪsnɪs/]
fears	US	[/fɪɹz/]
feasible	US	[/ˈfi.zə.bəl/, [ˈfi.zə.bɫ̩]]
feather	US	[/ˈfɛð.ɚ/]
feathery	US	[/ˈfɛ.ðəɹ.i/]
feature	US	[/ˈfi.t͡ʃɚ/]
featured	US	[/ˈfiːt͡ʃə(ɹ)d/]
featureless	US	[/ˈfi.t͡ʃɚ.ləs/]
features	US	[/ˈfit͡ʃɚz/]
fecundity	US	[/fɪˈkʌndɪtɪ/]
feeler	US	[/ˈfiːləɹ/]
feeling	US	[/ˈfilɪŋ/]
feelings	US	[/ˈfiːlɪŋz/]
felicity	US	[/fəˈlɪsəti/, [-ɾi]]
fellatio	US	[/fəˈleɪ.ʃi.oʊ/]
fellatrix	US	[/fəˈleɪtɹɪks/]
fellow	US	[/ˈfɛloʊ/]
fellows	US	[/ˈfɛloʊz/]
felonious	US	[-əʊniəs]
felony	US	[/ˈfɛ.lə.ni/]
females	US	[/ˈfiː.meɪlz/]
fembot	US	[/ˈfɛmbɑt/]
femboy	US	[/ˈfɛmboɪ/]
femboydom	US	[/ˈfɛm.bɔɪˌdɑm/]
femcunt	US	[/ˈfɛmkʌnt/]
femdom	US	[/ˈfɛmˌdɑm/]
feminism	US	[/ˈfɛmɪnɪz(ə)m/]
fentanyl	US	[/ˈfɛn.tə.nɪl/, [ˈfɛnʔ.nɪɫ]]
feoffer	US	[/ˈfɛfə(ɹ)/]
fere	US	[/fɪɹ/]
fermata	US	[/ˌfɜːɹˈmɑtə/]
fermium	US	[/ˈfɜːɹmiəm/]
fern	US	[/fɝn/]
Fern	US	[/fɝːn/]
fernet	US	[/fə(ɹ)ˈnɛt/]
ferocity	US	[/fəˈɹɑsɪti/]
ferrite	US	[/ˈfɛɹaɪt/]
ferrule	US	[/ˈfɛɹəl/]
ferry	US	[/ˈfɛɹi/]
ferryboat	US	[/ˈfɛɹiˌboʊt/]
fertilize	US	[/ˈfɜː(ɹ)tɪlaɪz/]
fervency	US	[/ˈfɝ.vən.si/]
fervent	US	[/ˈfɝ.vənt/]
fervid	US	[/ˈfɝ.vɪd/]
fervor	US	[/ˈfɝvɚ/]
festival	US	[/ˈfɛstəv(ə)l/]
fetishist	US	[/ˈfɛtɪʃɪst/]
fetter	US	[/ˈfɛt.ɚ/]
fettuccini	US	[/ˌfɛtəˈt͡ʃini/, [ˌfɛɾəˈt͡ʃʰini]]
feudal	US	[/ˈfjudəl/, [ˈfju.ɾɫ̩]]
fever	US	[/ˈfivɚ/]
feverish	US	[/ˈfi.vɚ.ɪʃ/]
fewer	US	[/ˈfjuː.ɚ/]
fiance	US	[/fiˈɑnseɪ/]
fiasco	US	[/fiˈæs.kəʊ/]
fiber	US	[/ˈfaɪ.bɚ/]
fibrosis	US	[/faɪˈbɹoʊsɪs/]
fibrous	US	[/ˈfaɪbɹəs/]
fiction	US	[/ˈfɪk.ʃən/]
fiddle	US	[/ˈfɪdl̩/, [ˈfɪɾl̩]]
fiduciary	US	[/fəˈduːʃ.i.eɹ.i/]
field	US	[/fild/]
fiend	US	[/fiːnd/]
fierce	US	[/fɪɹs/]
fiercely	US	[/fɪɹsli/]
fifth	US	[/fɪfθ/]
fifths	US	[/fɪfθs/]
fiftieth	US	[/ˈfɪf.ti.əθ/]
fighting	US	[/ˈfaɪtɪŋ/]
figurative	US	[/ˈfɪɡəɹətɪv/]
figures	US	[/ˈfɪɡjɚz/]
Fiji	US	[/ˈfi.d͡ʒi/]
filename	US	[/ˈfaɪ.əl.neɪm/]
filer	US	[/ˈfaɪlɚ/]
filibuster	US	[/ˈfɪləbʌstɚ/]
fillet	US	[/fɪˈleɪ/]
filling	US	[/ˈfɪlɪŋ/]
filter	US	[/ˈfɪltɚ/]
filthy	US	[/ˈfɪlθi/]
finagle	US	[/fɪˈneɪ.ɡəl/]
final	US	[/ˈfaɪn(ə)l/, [-nəɫ]]
finalize	US	[/ˈfaɪ.nə.laɪz/]
finely	US	[/ˈfaɪnli/]
finest	US	[/ˈfaɪnɪst/]
finfluencer	US	[/ˈfɪnflu.ənsə(ɹ)/]
finger	US	[/ˈfɪŋɡəɹ/]
fingernail	US	[/ˈfɪŋɡɚˌneɪl/]
fingerprint	US	[/ˈfɪŋɡɚˌpɹɪnt/]
fingers	US	[/ˈfɪŋɡɚz/]
fingersmith	US	[/ˈfɪŋɡɚˌsmɪθ/]
fingertip	US	[/ˈfɪŋɡɚˌtɪp/]
finished	US	[/ˈfɪnɪʃt/]
finisher	US	[/ˈfɪnɪʃɚ/]
finsta	US	[/fɪnstə/]
fiqh	US	[/fik/]
fir	US	[/fɝ/]
firebrand	US	[/ˈfaɪɚ.bɹænd/]
fired	US	[/ˈfaɪ(ə)ɹd/]
Firefox	US	[/ˈfaɪɚfɑks/]
fireplace	US	[/ˈfaɪɹpleɪs/]
fireplug	US	[/faɪ(ə)plʌɡ/]
fires	US	[/ˈfaɪ̯ɚz/]
firing	US	[/ˈfaɪ.ɚ.ɪŋ/]
firm	US	[/fɜɹm/, [fɝm]]
firmament	US	[/ˈfɝməmənt/]
firmly	US	[/fɝmli/]
firmness	US	[/ˈfɝmnəs/]
first	US	[/fɝst/]
firsthand	US	[-ænd]
fisher	US	[/ˈfɪʃɚ/]
fishery	US	[/ˈfɪʃəɹi/]
fishhook	US	[/ˈfɪʃˌhʊk/]
fishnet	US	[/ˈfɪʃ.nɛt/]
fishtail	US	[/ˈfɪʃteɪl/]
fissiparous	US	[/fɪˈsɪpəɹəs/]
fister	US	[/fɪstɚ/]
fistfight	US	[/ˈfɪstˌfaɪt/]
fistful	US	[/ˈfɪstfʊl/]
fisticuffs	US	[/ˈfɪs.tɪ.kʌfs/]
fitful	US	[/ˈfɪtf(ə)l/]
fixate	US	[/ˈfɪkseɪt/]
fixture	US	[/ˈfɪks.t͡ʃɚ/]
flabbergast	US	[/ˈflæbɚˌɡæst/]
flabbergasted	US	[/ˈflæbɚˌɡæstəd/]
flagitious	US	[/fləˈdʒɪʃəs/]
flagpole	US	[/ˈflæɡˌpoʊl/]
flagship	US	[/ˈflæɡʃɪp/]
flagstaff	US	[/ˈflæɡstæf/]
Flagstaff	US	[/ˈflæɡstæf/]
flair	US	[/flɛɚ̯/]
flair	US	[/flɛɚ̯/]
flamboyant	US	[/flæmˈbɔɪ.(j)ənt/]
flamenco	US	[/fləˈmɛŋkəʊ/]
flamethrower	US	[/ˈfleɪmˌθɹoʊ.ɚ/]
flamy	US	[/ˈfleɪmi/]
flanker	US	[/ˈflæŋkə(ɹ)/]
flapjack	US	[/ˈflæpd͡ʒæk/]
flapper	US	[/ˈflæpɚ/]
flared	US	[/flɛɹd/]
flares	US	[/flɛɚ̯z/]
flashbulb	US	[/ˈflæʃbʌlb/]
flashy	US	[-æʃi]
flask	US	[/ˈflæsk/]
flasks	US	[/flæsks/]
flatcest	US	[/ˈflæt.sɛst/]
flatter	US	[/ˈflætɚ/, [ˈflæɾɚ]]
flattering	US	[/ˈflætəɹɪŋ/]
flattery	US	[/ˈflæt.ɚ.i/]
flaunt	US	[/flɔnt/]
flautist	US	[/ˈflaʊtɪst/]
flavor	US	[/ˈfleɪvɚ/]
flavor	US	[/ˈfleɪvɚ/]
flaw	US	[/flɔ/]
flawless	US	[/ˈflɔləs/]
flea	US	[/fliː/]
fleckless	US	[/ˈflɛkləs/]
fledgling	US	[/ˈflɛd͡ʒ.lɪŋ/]
flee	US	[-iː]
fleer	US	[/flɪɚ/]
fleet	US	[/flit/]
flexes	US	[/ˈflɛksɪz/]
flexibility	US	[-ɪlɪti]
flibbertigibbet	US	[/ˈflɪbɚtiˌd͡ʒɪbɪt/]
flick	US	[-ɪk]
flimsy	US	[/ˈflɪmzi/]
flirt	US	[/flɝt/]
float	US	[/floʊt/]
floated	US	[/ˈfloʊtɪd/]
floating	US	[/ˈfloʊtɪŋ/]
floaty	US	[/ˈfloʊti/, [-ɾi]]
floccinaucinihilipilification	US	[/ˌflɒksɪˌnɑsɪˌn(a)ɪhɪlɪˌpɪlɪfɪˈkeɪʃən/]
flocculent	US	[/ˈflɑk.jə.lənt/]
flock	US	[/flɑk/]
flocks	US	[/flɔks/]
flooder	US	[-ʌdə(ɹ)]
flooding	US	[/ˈflʌdɪŋ/]
floor	US	[/floɹ/, [flo̞ɹ]]
floordrobe	US	[/ˈflɔɹdɹoʊb/]
flooring	US	[/ˈflɔːrɪŋ/]
Floridian	US	[/flɔˈɹɪdi.ən/]
floss	US	[/flɔs/]
flounder	US	[/ˈflaʊndɚ/]
flour	US	[/ˈflaʊ̯.ɚ/]
flowering	US	[/ˈflaʊəɹɪŋ/]
flowerpot	US	[/ˈflaʊɚˌpɑt/]
flowers	US	[/ˈflaʊ.ɚz/]
flowing	US	[/ˈfloʊ.ɪŋ/]
flown	US	[/ˈfloʊn/]
flows	US	[/floʊz/]
flub	US	[/flʌb/]
fluency	US	[/ˈfluːənsi/]
fluent	US	[/ˈfluənt/]
fluke	US	[/fluk/]
flummery	US	[/ˈflʌməɹi/]
fluoric	US	[-ɒɹɪk]
fluoridation	US	[-eɪʃən]
fluorination	US	[-eɪʃən]
fluoronium	US	[-əʊniəm]
fluster	US	[/ˈflʌstəɹ/]
flutter	US	[/ˈflʌtɚ/, [-ɾɚ]]
fluttery	US	[/ˈflʌtəɹi/]
flyblown	US	[/ˈflaɪˌbloʊn/]
flyleaf	US	[/ˈflaɪˌlif/]
fnord	US	[/fnɔːrd/]
foal	US	[/foʊl/, [foɫ]]
foaled	US	[/foʊld/]
foam	US	[/foʊm/]
focus	US	[/ˈfoʊ.kəs/]
fodder	US	[/ˈfɑdɚ/]
foe	US	[/foʊ/]
foggetaboutit	US	[/fəˈɡɛdəˌbaʊ.dɪt/]
fold	US	[/foʊld/]
folded	US	[/ˈfoʊldɪd/]
folder	US	[/ˈfoʊɫdɚ/]
folding	US	[/ˈfoʊldɪŋ/]
folds	US	[/foʊldz/]
folklorist	US	[/ˈfoʊklɔɹɪst/]
follicle	US	[/ˈfɒlɪk(ə)l/]
follow	US	[/ˈfɑloʊ/]
followed	US	[/ˈfɑloʊd/]
following	US	[/ˈfɑloʊɪŋ/]
follows	US	[/ˈfɑloʊz/]
folly	US	[/ˈfɑli/]
FOMO	US	[/ˈfoʊmoʊ/]
fond	US	[/fɑnd/]
fontange	US	[/fɔnˈtɑnʒ/]
food	US	[/fud/]
foodstuff	US	[/ˈfuːdˌstʌf/]
foofaraw	US	[/ˈfu.fəˌɹɔ/]
foolhardiness	US	[/ˈfulˌhɑɹ.di.nəs/]
foolhardy	US	[/ˈfulˌhɑɹdi/]
foolishness	US	[/ˈfuːlɪʃnəs/]
foot	US	[/fʊt/, [fʊt]]
footnote	US	[/ˈfʊtˌnoʊt/]
footstep	US	[/ˈfʊtstɛp/]
footsteps	US	[/ˈfʊtstɛps/]
footstool	US	[/ˈfʊtˌstuːl/]
footwork	US	[/ˈfʊt.wɜːk/]
fopdoodle	US	[/ˈfɑpdudəl/]
forage	US	[/ˈfoɹɪd͡ʒ/, [ˈfo̞ɹɪd͡ʒ]]
forager	US	[/ˈfoɹ.ɪd͡ʒɚ/, [ˈfo̞ɹ.ɪd͡ʒɚ]]
forages	US	[/ˈfoɹ.ɪd͡ʒ.ɪz/, [ˈfo̞ɹ.ɪd͡ʒ.ɪz]]
forbear	US	[/fɔɹˈbɛɚ/]
forbearance	US	[/fɔɹˈbɛɹ.ən(t)s/]
forbid	US	[/fɚˈbɪd/]
forbidden	US	[/fɚˈbɪdn̩/]
forbidding	US	[/fɚˈbɪdɪŋ/]
force	US	[/foɹs/, [fo̞ɹs]]
forced	US	[/fɔɹst/]
forcefem	US	[/ˈfɔɹs.fɛm/]
forcefulness	US	[/ˈfɔː(ɹ)sfəlnəs/]
forces	US	[/ˈfɔɹ.sɪz/]
forcing	US	[/ˈfɔɹ.sɪŋ/]
ford	US	[/fɔɹd/]
fore	US	[/foɹ/]
forecaster	US	[/ˈfɔɹkæstəɹ/, [ˈfɔɹ.kæs.tɚ]]
forefathers	US	[/ˈfɔɹˌfɑːðɚz/]
forefront	US	[/ˈfɔɹfɹʌnt/]
foreground	US	[/ˈfɔː(ɹ)ˌɡɹaʊnd/]
foreigners	US	[/ˈfɔɹ.ɪ.nɚz/]
forenoon	US	[/ˈfɔɹnun/]
foresaw	US	[/fɔɹˈsɔ/]
foresee	US	[/fɔɹˈsi/]
foresight	US	[/ˈfɔɹsaɪt/]
forests	US	[/ˈfɔɹɪsts/]
foretell	US	[/fɔɹˈtɛl/]
forever	US	[/fəˈɹɛvɚ/, [fəˈɹɛvɚ], [fɚˈɛvɚ], [fɔɹˈɛvɚ]]
forevermore	US	[/fɔːɹˈɛv.ɚ.mɔːɹ/]
forfeit	US	[/ˈfɔɹ.fɪt/]
forfeiture	US	[/ˈfɔɹfɪt͡ʃɚ/]
forfend	US	[/fɔɹˈfɛnd/]
forgave	US	[/fɚˈɡeɪv/]
forgery	US	[/ˈfɔːɹ.d͡ʒəɹ.ɪ/]
forgetfulness	US	[/fəˈɡɛtfʊlnɪs/]
forgetting	US	[/fɚˈɡɛtɪŋ/]
forgiven	US	[/fɚˈɡɪv.ən/]
forgiveness	US	[/fɚˈɡɪvnəs/]
forgot	US	[/fɚˈɡɑt/]
forgotten	US	[/fɚˈɡɑ.tn̩/, [fɚˈɡɑ.ʔn̩]]
fork	US	[/foɹk/, [fo̞ɹk]]
form	US	[/fɔɹm/, [fo̞ɹm]]
formal	US	[/ˈfɔɹməl/]
formalist	US	[/ˈfɔɹml̩ˌɪst/]
formant	US	[/ˈfɔː(ɹ)mənt/]
format	US	[/ˈfɔːɹ.mæt/]
formats	US	[/ˈfɔɹ.mæts/]
formatting	US	[/ˈfɔɹ.mæt.iŋ/, [ˈfɔɹ.mæɾ.iŋ]]
formed	US	[/fɔɹmd/]
former	US	[/ˈfɔɹmɚ/]
formerly	US	[/ˈfɔɹmɚli/]
forming	US	[/ˈfɔɹmɪŋ/]
forms	US	[/fɔɹmz/]
formulate	US	[/ˈfɔː(ɹ)mjʊleɪt/]
forsook	US	[/fɔɹˈsʊk/]
forsworn	US	[/fɔɹˈswɔɹn/]
fort	US	[/fɔɹt/]
Fortaleza	US	[/fɔɹtəˈleɪzə/]
forth	US	[/fɔɹθ/]
forthcoming	US	[/fɔɹθˈkʌmɪŋ/]
fortieth	US	[/ˈfɔɹ.ti.əθ/]
fortified	US	[/ˈfɔɹtɪfaɪd/]
fortis	US	[/ˈfɔː(ɹ)tɪs/]
fortnight	US	[/ˈfɔɹt.naɪt/]
fortnite	US	[/ˈfɔɹt.naɪt/]
fortunes	US	[/fɔː(ɹ).tjuːn/]
forty	US	[/ˈfɔɹti/, [ˈfɔɹɾi]]
fossil	US	[/ˈfɑsl̩/]
foster	US	[/ˈfɔstɚ/]
foudroyant	US	[/fuˈdɹɔɪənt/]
fought	US	[/fɔt/]
fouler	US	[/ˈfaʊl.ɚ/]
founder	US	[/ˈfaʊn.dɚ/]
foundings	US	[/ˈfaʊndɪŋz/]
fountain	US	[[ˈfaʊn.ʔn̩]]
fourfold	US	[/ˈfɔɹ.foʊld/]
fourscore	US	[/ˈfɔɹskoɹ/]
fourteenth	US	[/ˌfɔɹˈtiːnθ/]
fourth	US	[/fɔɹθ/]
fox	US	[/fɑks/]
foxgirl	US	[/ˈfɔksˌɡɜɹl/]
frabjous	US	[/ˈfɹæbd͡ʒəs/]
fractional	US	[/ˈfɹæk.ʃən.əl/]
fractionate	US	[/ˈfɹæk.ʃəneɪt/]
fracture	US	[/ˈfɹæk.t͡ʃɚ/]
fragile	US	[/ˈfɹæd͡ʒəl/]
fragrance	US	[/ˈfɹeɪɡɹəns/]
frailty	US	[/ˈfɹeɪ(ə)lti/]
France	US	[/fɹænts/]
Francophobe	US	[/ˈfɹæŋkəfoʊb/]
Francophobia	US	[/ˈfɹæŋ.kəˈfoʊ.bi.ə/]
frankenfood	US	[/ˈfɹæŋk(ə)nˌfuːd/]
franklin	US	[/ˈfɹæŋk.lɪn/]
frankly	US	[/ˈfɹæŋkli/]
fraternize	US	[/ˈfɹætɚnɑɪz/]
freeboot	US	[/ˈfɹiːbuːt/]
freebooter	US	[/ˈfɹiːbuːtə(ɹ)/]
freedom	US	[/ˈfɹidəm/]
freeload	US	[/ˈfɹiːloʊd/]
freely	US	[/ˈfɹili/]
freestone	US	[/ˈfɹiːstoʊn/]
freewheeling	US	[/ˈfɹiˌ(h)wilɪŋ/]
frenchify	US	[/ˈfɹɛnt͡ʃɪfaɪ/]
Frenchism	US	[/ˈfɹɛnt͡ʃɪzəm/]
Frenchly	US	[/ˈfɹɛn(t)ʃli/]
frenzy	US	[/ˈfɹɛnzi/]
frequent	US	[/ˈfɹiː.kwənt/]
frequently	US	[/ˈfɹiː.kwənt.li/]
freshwater	US	[/ˈfɹɛʃˌwɔːtə(ɹ)/]
friendship	US	[/ˈfɹɛn(d)ʃɪp/]
frightful	US	[/ˈfɹaɪtfəl/]
frightfully	US	[/ˈfɹaɪtfəli/]
frippery	US	[/ˈfɹɪpəɹi/]
Frisco	US	[/ˈfɹɪskoʊ/]
fritter	US	[/ˈfɹɪtɚ/, [ˈfɹɪɾɚ]]
frolic	US	[/ˈfɹɑlɪk/]
froth	US	[/fɹɔθ/]
froward	US	[/ˈfɹoʊ.ɚd/]
frowsty	US	[/ˈfraʊsti/]
froze	US	[/ˈfɹoʊz/]
frozen	US	[/ˈfɹoʊzən/]
fruit	US	[/fɹut/]
fruitcake	US	[/ˈfɹuːt.keɪk/]
frumple	US	[/ˈfɹʌmpəl/]
frumpy	US	[/ˈfɹʌm.pi/]
FTP	US	[/ˌɛf tiː ˈpiː/]
FUBAR	US	[/ˈfuːbɑːɹ/]
fugu	US	[/ˈfuː.ɡuː/]
fujoshi	US	[/fuˈd͡ʒoʊ.ʃi/]
fulgurous	US	[/ˈfʊl.ɡɪə.ɹəs/]
fullness	US	[/ˈfʊlnəs/]
fumble	US	[-ʌmbəl]
fumfer	US	[/ˈfəmfər/]
Funafuti	US	[/ˌfuːnəˈfuːti/]
function	US	[/ˈfʌŋkʃən/, [ˈfʌŋkʃɪ̈n], [ˈfʌŋkʃn̩]]
functionalism	US	[/ˈfʌŋkʃənəlɪzəm/]
functions	US	[/ˈfʌŋkʃənz/]
functor	US	[/ˈfʌŋktə/]
fundamental	US	[/ˌfʌndəˈmɛntəl/]
funded	US	[/ˈfʌndɪd/]
fundraising	US	[/ˈfʌndˌɹeɪzɪŋ/]
funeral	US	[/ˈfjunəɹəl/]
funerary	US	[/ˈfjuːn(ə)ɹəɹi/]
fungasm	US	[/ˈfʌn.ɡæ.zəm/]
funicular	US	[-ɪkjʊlə(ɹ)]
funny	US	[/ˈfʌni/]
fur	US	[/fɜɹ/]
furbish	US	[/ˈfɝbɪʃ/]
furfag	US	[/ˈfɜɹ.fæɡ/]
furiously	US	[/ˈfjʊə̯ɹi.ə̯sli/]
furl	US	[/fɝl/]
furlough	US	[/ˈfɝ.loʊ/]
furnace	US	[/ˈfɝnɪs/]
furnish	US	[/ˈfɝnɪʃ/]
furnished	US	[/ˈfɝnɪʃt/]
furniture	US	[/ˈfɝnɪt͡ʃɚ/]
furriery	US	[/ˈfɜɹ.i.əɹ.i/]
furs	US	[/fɝz/]
fursona	US	[/fɝˈsoʊnə/]
fursuit	US	[/ˈfɜɹˌsuːt/]
further	US	[/ˈfɝ.ðɚ/]
furtherance	US	[/ˈfɝðɚəns/]
furthermore	US	[/ˈfɝ.ðɚˌmoɹ/]
furthest	US	[/ˈfɜː(ɹ)ðɪst/]
furtive	US	[/ˈfɝtɪv/, [-ɾɪv]]
fuscous	US	[/ˈfʌskəs/]
fussbudget	US	[/ˈfʌsˌbʌd͡ʒɪt/]
fustian	US	[/ˈfʌs.t͡ʃən/]
futadom	US	[/ˈfu.təˌdɑm/]
futanari	US	[/ˌfu.təˈnɑ.ɹi/]
future	US	[/ˈfju.t͡ʃɚ/]
Gad	US	[/ɡæd/]
gadget	US	[/ɡæd͡ʒət/]
Gadite	US	[/ˈɡæ.daɪt/]
Gaelic	US	[/ˈɡeɪlɪk/]
galamander	US	[/ˈɡæləˌmændəɹ/]
galangal	US	[/ɡəˈlæŋɡəl/]
galaxy	US	[/ˈɡæl.ək.si/]
gallantly	US	[/ˈɡæl.ənt.li/]
gallize	US	[/ˈɡælaɪz/]
gallows	US	[/ˈɡæloʊz/]
galore	US	[/ɡəˈloɹ/]
galosh	US	[/ɡəˈlɒʃ/]
galoshes	US	[/ɡəˈlɒʃɪz/]
galoshes	US	[/ɡəˈlɒʃɪz/]
galvanize	US	[/ˈɡælvənaɪ̯z/]
gamahuche	US	[/ˈɡæməhuːʃ/]
Gambia	US	[/ˈɡæm.bi.ə/]
gambit	US	[/ˈɡæmbɪt/]
gambrel	US	[/ˈɡæmbɹəl/]
gameboard	US	[/ˈɡeɪm.bɔɹd/]
gamepad	US	[/ˈɡeɪm.pæd/]
gameplay	US	[/ˈɡeɪmˌpleɪ/]
gamer	US	[/ˈɡeɪmɚ/]
Gamergate	US	[/ˈɡeɪməɹˌɡeɪt/]
gamings	US	[/ˈɡeɪmɪŋz/]
gamomania	US	[/ɡæmə(ʊ)ˈmeɪnɪə/]
Ganges	US	[/ˈɡænd͡ʒiz/]
ganglia	US	[/ˈɡæŋɡ.li.ə/]
gangsteress	US	[/ˌɡæŋstəˈɹɛs/]
Gangtok	US	[[ˈɡæŋ.tɒk]]
gaps	US	[/ɡæps/]
garage	US	[/ɡ(ə)ˈɹɑ(d)ʒ/]
garbage	US	[/ˈɡɑɹbɪd͡ʒ/]
gardens	US	[/ˈɡɑɹdn̩z/]
gargantuan	US	[/ɡɑɹˈɡæn.t͡ʃu.ən/]
gargoyle	US	[/ˈɡɑɹ.ɡɔɪl/]
garish	US	[/ˈɡɛəɹɪʃ/]
garment	US	[/ˈɡɑɹ.mənt/]
garments	US	[/ˈɡɑɹ.mənts/]
garner	US	[/ˈɡɑːɹ.nɚ/]
gasket	US	[/ˈɡæs.kɪt/]
gaskin	US	[/ˈɡæskɪn/]
gaslight	US	[/ˈɡæsˌlaɪt/]
gasped	US	[/ɡæspt/]
gatekeeper	US	[/ˈɡeɪt.ki.pɚ/]
gateleg	US	[/ˈɡeɪtlɛɡ/]
gateway	US	[/ˈɡeɪtˌweɪ/]
gather	US	[/ˈɡæðɚ/]
gathered	US	[/ˈɡæðɚd/]
gathering	US	[/ˈɡæð.ɚ.ɪŋ/]
gaunt	US	[/ɡɔnt/]
gauss	US	[/ɡaʊs/]
Gaussian	US	[/ˈɡaʊs.i.ən/]
gavel	US	[/ˈɡæ.vəl/]
gazing	US	[/ˈɡeɪzɪŋ/]
gazpacho	US	[-ɑːtʃəʊ]
gear	US	[/ɡɪɚ/]
gegagedigedagedago	US	[[ɡə˨.dæː˥.ɡə˨.diː˥ɡə˨.dæː˥ɡə˨.dæː˥.ʔɔː˨˦]]
gelati	US	[/d͡ʒəˈlɑːti/]
gelid	US	[/ˈd͡ʒɛl.əd/]
gemmule	US	[/ˈd͡ʒɛˌm(j)ul/]
gemstone	US	[/ˈd͡ʒɛmˌstoʊn/]
gender	US	[/ˈd͡ʒɛndɚ/]
genealogist	US	[/ˈdʒiː.niːˌæl.ə.dʒɪst/]
genera	US	[/ˈd͡ʒɛnəɹə/]
general	US	[/ˈd͡ʒɛn.(ə.)ɹəl/]
generalisation	US	[-eɪʃən]
generality	US	[/ˌd͡ʒɛn.əˈɹæl.ə.ti/, [ˌd͡ʒɛn.əˈɹæl.ə.ɾi]]
generalization	US	[-eɪʃən]
generals	US	[/ˈd͡ʒɛn(ə)ɹəlz/]
generant	US	[/ˈd͡ʒɛnəɹənt/]
generate	US	[/ˈd͡ʒɛn.ɚ.eɪt/]
generations	US	[/ˌd͡ʒɛnəˈɹeɪʃənz/]
generically	US	[/dʒəˈnɛɹɪkli/]
generous	US	[/ˈd͡ʒɛn(ə)ɹəs/]
genin	US	[/ˈd͡ʒɛ.nɪn/]
geniting	US	[/ˈd͡ʒɛnɪtɪŋ/]
genoa	US	[/ˈd͡ʒɛn.oʊ.ə/]
genre	US	[/ˈ(d)ʒɑnɹə/]
gentility	US	[[ˌd͡ʒɛnˈtɪl.ə.ɾi]]
gentle	US	[/ˈd͡ʒɛntl̩/, [ˈd͡ʒɛ̃ɾ̃l̩]]
gentleman	US	[[ˈd͡ʒɛɾ̃.ɫ̩.mən]]
gentlewoman	US	[/ˈd͡ʒɛn.təlˌwʊm.ən/]
gently	US	[/ˈd͡ʒɛntli/, [ˈd͡ʒɛ̃ɾ̃li], [ˈd͡ʒɛnli]]
gentrify	US	[/ˈd͡ʒɛn.tɹɪ.faɪ/]
genuinfluencer	US	[/ˌdʒɛnjuˈɪnflu.ənsə(ɹ)/]
genus	US	[/ˈd͡ʒiːnəs/]
geoglyph	US	[/ˈd͡ʒiːəɡlɪf/]
geography	US	[/d͡ʒiˈɑɡɹəfi/]
geometer	US	[/d͡ʒiˈɑm.ə.tɚ/]
geometrography	US	[-ɒɡɹəfi]
geometry	US	[/d͡ʒiˈɑ.mə.tɹi/]
geophysics	US	[/ˌdʒiː.əʊˈfɪz.ɪks/]
geophysics	US	[/ˌdʒiː.əʊˈfɪz.ɪks/]
Gerber	US	[/ˈɡɝbɚ/]
germ	US	[/d͡ʒɝm/]
German	US	[/ˈd͡ʒɝ.mən/]
germane	US	[/d͡ʒɝˈmeɪn/]
Germany	US	[/ˈd͡ʒɝ.mə.ni/]
geronimo	US	[/d͡ʒəˈɹɑnɪmoʊ/]
gerontic	US	[/d͡ʒɛˈɹɑːnt.ɪk/]
gerontology	US	[-ɒlədʒi]
gerrymander	US	[/ˈd͡ʒɛɹiˌmændɚ/]
Gesamtkunstwerk	US	[/ɡəˈsɑmtkʊnstˌvɚk/]
gestatory	US	[/ˈdʒɛstətɔɹi/]
gesticulate	US	[/d͡ʒɛsˈtɪkjəleɪt/]
ghastly	US	[/ˈɡæs(t).li/]
ghost	US	[/ɡoʊst/]
ghostly	US	[/ˈɡoʊstli/]
ghosts	US	[/ɡoʊsts/]
ghosty	US	[/ˈɡoʊ.sti/]
GIF	US	[/ɡɪf/]
GIF	US	[/d͡ʒɪf/]
gilded	US	[/ˈɡɪldɪd/]
gimel	US	[/ˈɡɪ.məl/]
gingerbread	US	[/ˈd͡ʒɪn.d͡ʒɚˌbɹɛd/]
gingham	US	[/ˈɡɪŋ.əm/]
gingivitis	US	[/ˌd͡ʒɪnd͡ʒɪˈvaɪtəs/]
giraffe	US	[/d͡ʒəˈɹæf/]
gird	US	[/ɡɝd/]
girl	US	[/ˈɡɜɹl/, [ˈɡɝəɫ]]
girlfriend	US	[/ˈɡɝlfɹɛnd/]
girlish	US	[/ˈɡɝ.lɪʃ/]
girlmoder	US	[/ˈɡɜɹl.moʊ.dəɹ/]
girls	US	[/ɡɝlz/]
girlypop	US	[/ɡɚlipɑp/]
gizmo	US	[/ˈɡɪzmoʊ/]
glabrous	US	[/ˈɡleɪbɹəs/]
glacier	US	[/ˈɡleɪ.ʃɚ/]
gladiator	US	[/ˈɡlædiˌeɪtɚ/]
gladiolus	US	[/ɡlædɪˈoʊləs/]
Glagolitic	US	[/ˌɡlæɡəˈlɪtɪk/]
glance	US	[/ɡlæns/]
glanced	US	[/ɡlænst/]
glances	US	[/ˈɡlænsɪz/]
glaringly	US	[/ˈɡlɛɹɪŋli/]
Glasgow	US	[/ˈɡlæz.ɡoʊ/]
glass	US	[[ɡlæs], [ɡlɛəs], [ɡleəs]]
gleam	US	[/ɡlim/]
glider	US	[/ˈɡlaɪdɚ/]
glimmer	US	[/ˈɡlɪmɚ/]
glitter	US	[/ˈɡlɪtɚ/, [ˈɡlɪɾɚ]]
glittering	US	[/ˈɡlɪtəɹɪŋ/]
gloaming	US	[/ˈɡloʊ.mɪŋ/]
glob	US	[/ɡlɑb/]
globally	US	[/ˈɡloʊbəli/]
globs	US	[-ɒbz]
gloom	US	[/ɡlum/]
gloomies	US	[/ˈɡlumiz/]
gloomy	US	[/ˈɡlumi/]
glorification	US	[-eɪʃən]
glorious	US	[/ˈɡlɔɹ.i.əs/]
gloss	US	[/ɡlɔs/]
glossary	US	[/ˈɡlɑ.sə.ɹi/]
glossy	US	[/ˈɡlɔsi/]
glover	US	[/ˈɡlʌvɚ/]
glow	US	[/ɡloʊ/]
glower	US	[/ˈɡlaʊə(ɹ)/]
glowie	US	[/ˈɡloʊ.i/]
glutton	US	[-ʌtən]
glycerine	US	[/ˈɡlɪsəɹɪn/]
gnaw	US	[/nɔ/]
goal	US	[/ɡoʊl/, [ɡoɫ]]
goals	US	[/ɡoʊlz/]
goat	US	[/ɡoʊt/, [ɡoʊʔt̚]]
goatse	US	[/ˈɡoʊt.si/]
gob	US	[/ɡɑb/]
gobble	US	[/ˈɡɑbl̩/]
goblet	US	[/ˈɡɒblət/]
goblin	US	[/ˈɡɑb.lɪn/]
god	US	[-ɒd]
God	US	[/ɡɑd/]
godfather	US	[/ˈɡɑdfɑðɚ/]
godforsaken	US	[/ˌɡɒd.fə(ɹ)ˈseɪ.kɪn/]
godlike	US	[/ˈɡɑdlaɪk/]
godly	US	[/ˈɡɑdli/]
gods	US	[/ɡɑdz/]
godsend	US	[/ˈɡɑdˌsɛnd/]
Godspeed	US	[/ˌɡɑdˈspid/]
Godzilla	US	[/ɡɑdˈzɪlə/]
Godzone	US	[/ˈɡɑdˌzoʊn/]
goes	US	[/ɡoʊz/]
goggles	US	[/ˈɡɑ.ɡəlz/]
goiter	US	[/ˈɡɔɪtɚ/, [ˈɡɔɪɾɚ]]
goitre	US	[/ˈɡɔɪ.tɚ/]
gold	US	[/ɡoʊld/]
Gomorrah	US	[/ɡəˈmɔɹ.ə/]
Gomorrite	US	[/ɡəˈmɔɹˌaɪt/]
gonorrhea	US	[/ˌɡɑn.əˈɹi.ə/]
goober	US	[/ˈɡubɚ/]
gooey	US	[[ˈɡʉu̯.ii̯], [ˈɡʉu̯.ii̯]]
goofball	US	[/ˈɡufˌbɔl/]
Googie	US	[/ˈɡuːɡi/]
google	US	[/ˈɡuː.ɡəl/]
Goomba	US	[/ɡuːmbə/]
gooner	US	[/ˈɡu.nəɹ/]
goonette	US	[/ɡuˈnɛt/]
goose	US	[/ˈɡus/]
gooseberry	US	[/ˈɡusˌbɛɹi/]
goretastic	US	[/ɡɔɹˈtæs.tɪk/]
Goretober	US	[/ˌɡoɹˈtoʊ.bəɹ/]
gorge	US	[/ɡɔɹd͡ʒ/]
gorged	US	[/ɡɔːɹd͡ʒd/]
gorgeous	US	[/ˈɡɔɹd͡ʒəs/]
gorgonzola	US	[-əʊlə]
gorilla	US	[/ɡəˈɹɪl.ə/]
gorillion	US	[-ɪljən]
gory	US	[/ˈɡɔɹ.i/]
gosh	US	[/ɡɑːʃ/]
gossip	US	[/ˈɡɑs.ɪp/]
gossiping	US	[/ˈɡɑs.ɪ.pɪŋ/]
got	US	[-ɒt]
gotcha	US	[/ˈɡɑ.tʃə/]
Gothenburg	US	[/ˈɡɑθn̩bɝɡ/]
gotta	US	[/ˈɡɑtə/, [ˈɡɑɾə]]
gotten	US	[/ˈɡɑtn̩/, [ˈɡɑʔn̩], [ˈɡɑt̚n̩]]
Goucher	US	[/ˈɡaʊt͡ʃə(ɹ)/]
gouging	US	[-aʊdʒɪŋ]
gout	US	[/ɡaʊt/]
govern	US	[/ˈɡʌvɚn/]
governance	US	[/ˈɡʌvəɹnəns/]
Governator	US	[/ˈɡʌvɚneɪtɚ/]
governed	US	[/ˈɡəvɚnd/]
governess	US	[/ˈɡʌvɚnəs/]
governing	US	[/ˈɡʌvɚnɪŋ/]
government	US	[/ˈɡəvɚ(n)mənt/]
governmental	US	[/ˌɡʌv(ə)nˈmɛnt(ə)l/]
goy	US	[/ɡɔɪ/]
grabby	US	[/ˈɡɹæbi/]
graceful	US	[/ˈɡɹeɪsfʊl/]
graces	US	[/ˈɡɹeɪsɪz/]
gracias	US	[/ˈɡɹɑ.si.əs/]
graciously	US	[/ˈɡɹeɪʃəsli/]
grader	US	[/ˈɡɹeɪdɚ/]
gradually	US	[/ˈɡɹæd͡ʒuəli/]
grammatical	US	[/ɡɹəˈmætɪkəl/]
grammaticaster	US	[-æstə(ɹ)]
gramophone	US	[[ˈɡɹæ.məˌfoʊn]]
grand	US	[[ɡɹɛ̃ə̯̃nd̥], [ɡɹɛ̃ə̯̃nd̥]]
grandfather	US	[/ˈɡɹæn(d)ˌfɑðɚ/, [ˈɡɹ̠(ʷ)ẽˑə̯̃n(d)ˌfɑˑðɚ]]
grandiloquent	US	[/ɡɹænˈdɪl.ə.kwənt/]
grandmillennial	US	[/ˌɡɹændmɪˈlɛniəl/]
grandmother	US	[/ˈɡɹæn(d)ˌmʌðɚ/]
grandstand	US	[/ɡɹændˌstænd/]
granita	US	[/ɡɹəˈniːtə/]
granola	US	[/ɡɹəˈnoʊlə/]
grans	US	[/ɡɹænz/]
grant	US	[/ɡɹænt/]
Grant	US	[/ɡɹænt/]
granted	US	[/ˈɡɹæntɪd/]
granular	US	[/ˈɡɹæn.jə.lə(ɹ)/]
granularity	US	[/ˌɡɹæn.jəˈlɝ.ə.ti/]
granulation	US	[-eɪʃən]
grapefruit	US	[/ˈɡɹeɪpfɹut/]
graphite	US	[/ˈɡɹæfaɪt/]
grasp	US	[/ɡɹæsp/]
grasped	US	[/ɡɹæspt/]
grass	US	[/ɡɹæs/]
grasshopper	US	[/ˈɡɹæsˌhɑpəɹ/]
gratefully	US	[/ˈɡɹeɪtfəli/]
grater	US	[/ˈɡɹeɪtɚ/]
gratifying	US	[/ˈɡrætɪfaɪ.ɪŋ/]
gratitude	US	[/ˈɡɹætɪt(j)ud/]
gratuitous	US	[/ɡɹəˈtu.ɪt.əs/]
gratuity	US	[/ɡɹəˈtuːətɪ/]
gratuity	US	[/ɡɹəˈtuːətɪ/]
grave	US	[/ɡɹeɪv/]
gravely	US	[/ˈɡɹeɪvli/]
graveyard	US	[/ˈɡɹeɪvˌjɑɹd/]
gravid	US	[/ˈɡɹævɪd/]
gravitas	US	[/ˈɡɹævɪtɑs/]
gravitate	US	[/ˈɡɹævɪteɪt/]
graviton	US	[/ˈɡɹavɪtɒn/]
graysexuality	US	[/ˌɡɹeɪ.sɛk.ʃuˈæ.lə.ti/]
grazings	US	[/ˈɡɹeɪzɪŋz/]
grease	US	[/ɡɹis/]
greasepaint	US	[/ˈɡriːs.peɪnt/]
great	US	[-eɪt]
greatbow	US	[/ɡɹeɪtbəʊ/]
greater	US	[/ˈɡɹeɪ.tɚ/, [ˈɡɹeɪ.ɾɚ]]
greatness	US	[/ˈɡɹeɪtnəs/]
greatshield	US	[/ɡɹeɪt.ʃiːld/]
greeble	US	[/ˈɡɹiːbliː/]
greediness	US	[/ˈɡɹiːdinɪs/]
greengage	US	[/ˈɡɹiːnɡeɪd͡ʒ/]
greenish	US	[/ˈɡɹiːnɪʃ/]
Greenlandic	US	[-ændɪk]
Greensboro	US	[/ˈɡriːnzbʌroʊ/]
greensward	US	[/ˈɡɹiːnswɔːd/]
greentext	US	[/ˈɡɹiːn.tɛkst/]
greetings	US	[/ˈɡɹiːtɪŋz/]
gregarious	US	[/ɡɹɪˈɡɛɚ.i.əs/]
gremlin	US	[/ˈɡɹɛmlən/]
grenadine	US	[/ˈɡɹɛnədiːn/]
gridlock	US	[/ˈɡɹɪdˌlɑk/]
griefer	US	[/ˈɡɹifɚ/]
grievances	US	[/ˈɡɹiː.vən.sɪz/]
grimdark	US	[/ˈɡɹɪmˌdɑɹk/]
grimoire	US	[/ˈɡɹɪmˌwɑːɹ/]
grinded	US	[/ˈɡɹaɪndɪd/]
grinder	US	[/ˈɡɹaɪndəɹ/]
grindstone	US	[/ˈɡɹaɪn(d)ˌstoʊn/]
griping	US	[-aɪpɪŋ]
groan	US	[/ɡɹoʊn/]
groaned	US	[/ɡɹoʊnd/]
groaner	US	[/ˈɡɹəʊnə(ɹ)/]
groaning	US	[/ˈɡɹoʊnɪŋ/]
groans	US	[/ɡɹoʊnz/]
groggy	US	[/ˈɡɹɑ.ɡi/]
groomzilla	US	[-ɪlə]
gross	US	[/ɡɹoʊs/]
grossly	US	[/ˈɡɹoʊsli/]
grotesque	US	[/ɡɹoʊˈtɛsk/]
grotto	US	[/ˈɡɹɑ.toʊ/]
groundbreaking	US	[/ˈɡɹaʊndbɹeɪkɪŋ/]
grove	US	[/ɡɹoʊv/]
grow	US	[/ɡɹoʊ/, [ˈɡ̊ɻʷoʊ̯]]
growing	US	[/ˈɡɹoʊɪŋ/]
growl	US	[/ɡɹaʊl/]
growlf	US	[/ɡɹaʊlf/]
grown	US	[/ɡɹoʊn/]
grows	US	[/ɡɹoʊz/, [ɡɹoʊ̯z]]
growth	US	[/ɡɹoʊθ/]
grub	US	[/ɡɹʌb/]
grunting	US	[/ˈɡɹʌntɪŋ/]
Gryffindor	US	[/ˈɡɹɪfɪnˌdɔɹ/]
Guam	US	[/ɡwɑm/]
guanines	US	[/ˈɡwɑː.niːnz/]
guard	US	[/ɡɑɹd/]
guarded	US	[/ˈɡɑɹdɪd/]
guardian	US	[/ˈɡɑɹ.di.ən/]
Guatemala	US	[/ˌɡwɑː.təˈmɑː.lə/]
gubernatorial	US	[/ˌɡ(j)u.bɚ.nəˈtɔɹ.i.əl/]
guerdon	US	[/ˈɡɝ.dən/]
guided	US	[/ˈɡaɪdɪd/]
guidepost	US	[-əʊst]
guiltless	US	[/ˈɡɪltləs/]
Guirl	US	[/ˈɡɝl/]
guitar	US	[/ɡɪˈtɑɹ/]
Gujarati	US	[[ˌɡʊu̯d̠͡ʒəˈɻʷɑɾi], [ˌɡʊu̯d̠͡ʒəˈɻʷɑɾi]]
gular	US	[/ˈɡ(j)ulɚ/]
gumdrop	US	[/ˈɡʌm.dɹɑːp/]
gumshoe	US	[/ˈɡʌm.ʃuː/]
gunnery	US	[/ˈɡʌn.əɹ.i/]
gurgitation	US	[/ˌɡɝ.d͡ʒəˈteɪ.ʃən/]
gurgitator	US	[/ˈɡɝ.d͡ʒə.teɪ.tɚ/]
gushes	US	[/ˈɡʌʃɪz/]
guttle	US	[/ˈɡʌt(ə)l/, [-ɾ(ə)l]]
guttural	US	[/ˈɡʌtəɹəl/]
guy	US	[/ɡaɪ/]
gymlet	US	[/ˈd͡ʒɪm.lət/]
gymnasium	US	[/d͡ʒɪmˈneɪ.zi.əm/]
gymnastics	US	[/d͡ʒɪmˈnæs.tɪks/]
gynaecologist	US	[/ˌɡaɪ.nəˈkɑː.lə.dʒɪst/]
gyrfalcon	US	[/ˈd͡ʒɝˌfælkən/]
haar	US	[/hɑɹ/]
haberdasher	US	[/ˈhæb.ə(ɹ)ˌdæʃ.ə(ɹ)/]
habitat	US	[/ˈhæbɪtæt/, [ˈhæbɪtæʔ]]
habits	US	[/ˈhæbɪts/]
hackles	US	[/ˈhækəlz/]
Hadley	US	[/ˈhædli/]
hadron	US	[/ˈhæd.ɹɑn/]
haematology	US	[/ˌhiməˈtɑləd͡ʒi/]
hafnium	US	[/ˈhæfniəm/]
hai	US	[/ˈhaɪ̯/]
haircut	US	[/ˈhɛə(ɹ)kʌt/]
hairline	US	[/ˈhɛɹˌlaɪn/]
hairpin	US	[/ˈhɛɚ.pɪn/]
hairshirt	US	[/ˈhɛɹʃɝt/]
hairy	US	[/ˈhɛɚ.i/]
haiya	US	[/ˌhaɪ̯˨ ˈjaː/]
halal	US	[/həˈlɑːl/]
halfway	US	[/hæfweɪ/]
hall	US	[/hɔl/]
hallelujah	US	[/ˌhæl.əˈl(j)uː.jə/]
hallucinatory	US	[/həˈluː.sɪ.nə.tɔːr.i/]
halma	US	[/ˈhalmə/]
Hamburg	US	[/ˈhæmbɝɡ/]
Hamburger	US	[/ˈhæmbɝɡɚ/]
hammer	US	[/ˈhæm.ɚ/]
hammers	US	[-æmə(ɹ)z]
hand	US	[[hɛənd], [heənd], [hɛːnd]]
handcuff	US	[/ˈhændˌkʌf/]
handed	US	[/ˈhændəd/]
handi	US	[/ˈhɑːndi/]
handiwork	US	[/ˈhændiˌwɝk/]
handled	US	[/ˈhændl̩d/]
Handley	US	[/ˈhændli/]
handsomely	US	[/ˈhæn(d).səm.li/]
handwriting	US	[/ˈhændɹaɪtɪŋ/]
handyman	US	[/ˈhændimæn/]
hangar	US	[/ˈhæŋɚ/]
hangover	US	[/ˈhæŋoʊvɚ/]
hapless	US	[/ˈhæpləs/]
happened	US	[/ˈhæpənd/]
happens	US	[/ˈhæpənz/]
happiest	US	[/ˈhæpiɪst/]
happily	US	[/ˈhæpəli/]
har	US	[/hɑɹ/]
harbinger	US	[/ˈhɑɹbɪnd͡ʒəɹ/]
harbor	US	[/ˈhɑɹbɚ/]
hard	US	[/hɑɹd/]
hardly	US	[/ˈhɑɹdli/]
hardness	US	[/ˈhɑɹdnəs/]
hardscrabble	US	[/ˈhɑɹdˌskɹæbəl/]
hardware	US	[/ˈhɑɹdˌwɛɹ/]
hardy	US	[/ˈhɑɹdi/]
hare	US	[/hɛɚ/]
harlot	US	[/ˈhɑɹlət/]
harm	US	[/hɑɹm/]
harmful	US	[/ˈhɑɹmfl̩/]
harmless	US	[/ˈhɑɹmləs/]
harmonic	US	[-ɒnɪk]
harmonious	US	[/hɑɹˈmoʊni.əs/]
harmony	US	[/ˈhɑɹ.mə.ni/]
harness	US	[/ˈhɑɹ.nəs/]
harpist	US	[/ˈhɑɹpɪst/]
harpsichord	US	[/ˈhɑɹp.sɪˌkɔɹd/]
hart	US	[/hɑɹt/]
harumph	US	[/həˈɹʌm(p)f/]
hashtag	US	[/ˈhæʃˌtæɡ/]
hastened	US	[/ˈheɪsn̩d/]
hastily	US	[/ˈheɪstɪli/]
hat	US	[/hæt/]
Hatfield	US	[/ˈhætfild/]
hatless	US	[/ˈhætləs/]
haught	US	[/hɔt/]
Hausa	US	[/ˈhaʊsə/]
have	US	[/hæv/]
haveing	US	[/ˈhæviŋ/]
having	US	[/ˈhævɪŋ/]
hawk	US	[/hɔk/]
hawthorn	US	[/ˈhɔ.θɔɹn/]
Hawthorne	US	[/ˈhɔːθɔːn/]
haystack	US	[/ˈheɪˌstæk/]
haywire	US	[/ˈheɪ.waɪɚ/]
hazard	US	[/ˈhæ.zɚd/]
hazelnut	US	[/ˈheɪzəlˌnʌt/]
HBO	US	[/ˌeɪtʃ ˌbiː ˈoʊ/]
he	US	[/ˈhiː/]
headband	US	[/ˈhɛdˌbænd/]
headbutt	US	[/ˈhɛdbʌt/]
headdesk	US	[/ˈhɛd.dɛsk/]
header	US	[/ˈhɛdɚ/]
headland	US	[/ˈhɛdlənd/]
headlong	US	[/ˈhɛd.lɔŋ/]
headphone	US	[/ˈhɛdfoʊn/]
headquarters	US	[/ˈhɛdˌkwɔɹ.tɚz/]
headset	US	[/ˈhɛdsɛt/]
headwaters	US	[/ˈhɛdˌwɑtɝz/]
healer	US	[/ˈhilɚ/]
health	US	[/hɛlθ/, [hɛl̪θ]]
healthcare	US	[/ˈhɛlθkɛɚ/]
healthspan	US	[/ˈhɛlθˌspæn/]
healthy	US	[/ˈhɛl.θi/]
hear	US	[/hɪəɹ/]
heard	US	[/ˈhɚd/]
hears	US	[/hɪɹz/]
hearsay	US	[/hɪərseɪ/]
heartbeat	US	[/ˈhɑɹtˌbit/, [ˈhɑɹʔbiʔ]]
heartbreak	US	[/hɑɹt.bɹeɪk/]
heartbreaker	US	[/hɑɹt.bɹeɪ.kɚ/]
heartfelt	US	[/ˈhɑːɹt.fɛlt/]
hearth	US	[/hɑɹθ/]
heartily	US	[/ˈhɑɹtɪli/]
heartless	US	[/ˈhɑɹt.lɪs/]
heartlessness	US	[/ˈhɑɹtləsnəs/]
heartmate	US	[/ˈhɑɹt.meɪt/]
hearts	US	[/hɑɹts/]
heartstrings	US	[/ˈhɑɹtˌstɹɪŋz/]
hearty	US	[/ˈhɑɹti/]
heat	US	[/hit/, [çit]]
heated	US	[/ˈhiːtɪd/]
heater	US	[/ˈhitɚ/]
heaumes	US	[/həʊmz/]
heavenly	US	[/ˈhɛvənli/]
heavier	US	[/ˈhɛviɚ/]
heavily	US	[/ˈhɛvɪli/]
Hebrew	US	[/ˈhiːbɹuː/]
hecatonicosachoron	US	[/hɛkətɔnaɪkoʊsɪˈkoʊɹɔn/]
heckuva	US	[/ˈhɛkəvə/]
hector	US	[/ˈhɛktɚ/]
Hector	US	[/ˈhɛktɚ/]
hedonism	US	[/ˈhiːdənɪzəm/]
hehe	US	[/hɛhɛ~hihi/]
heinie	US	[/ˈhaɪni/]
heir	US	[/ɛɚ/]
heirs	US	[-ɛə(ɹ)z]
Helene	US	[/hɛlˈiːn/]
heliocentric	US	[/ˌhiːlioʊˈsɛntɹɪk/]
heliopause	US	[/ˈhi.li.əˌpɔz/]
helium	US	[/ˈhiː.li.əm/]
helper	US	[/ˈhɛlpɚ/]
helpfully	US	[/ˈhɛlp.fəl.i/]
helpless	US	[/ˈhɛlplɪs/]
helplessly	US	[/ˈhɛlpləsli/]
Helsinki	US	[/hɛlˈsɪŋ.ki/]
hematoma	US	[/ˌhiməˈtoʊmə/]
hematophagy	US	[/ˌhi.məˈtɑf.ə.d͡ʒi/]
hemisphere	US	[/ˈhɛmɪsfɪəɹ/]
hemlock	US	[/ˈhɛmˌlɒk/]
hemorrhage	US	[/ˈhɛm(ə)ɹɪd͡ʒ/]
hemorrhoids	US	[/ˈhɛm(ə)ɹɔɪdz/]
hendecagon	US	[/hɛnˈdɛkəɡ(ə)n/]
hendiadys	US	[/hɛnˈdaɪ.ədɪs/]
henpecked	US	[/ˈhɛnpɛkt/]
hepatitis	US	[/ˌhɛpəˈtaɪ̯tɪs/]
heptabasic	US	[-eɪsɪk]
heptagon	US	[/ˈhɛp.tə.ɡɒn/]
heptalogy	US	[/hɛpˈtæləd͡ʒi/]
herbal	US	[/ˈɝbəl/]
herbivore	US	[/ˈ(h)ɜːɹbɪvɔːɹ/]
herd	US	[/hɚd/]
hereafter	US	[/hɪɹˈæftɚ/]
hereby	US	[/hɪɹˈbaɪ/]
hereditary	US	[/həˈɹɛdɪˌtɛɹi/]
heredity	US	[/həˈɹɛdəti/]
hereinafter	US	[/ˈhɪɹɪnˈæftɚ/]
hereof	US	[/hɪɹˈʌv/]
hereto	US	[/ˌhɪɹˈtuː/]
heritage	US	[/ˈhɛɹ.ɪ.tɪd͡ʒ/]
Hermaphroditus	US	[/hɚˌmæf.ɹəˈdaɪ.təs/]
hermeneutical	US	[/hɝməˈn(j)uːtɪkəl/]
hermeneutics	US	[/hɜːɹməˈnjuːtɪks/]
Hermes	US	[/ˈhɝmiːz/]
hermetically	US	[/hɚˈmɛt.ɪk(.ə)li/, [hɚˈmɛɾ.ɪk(.ə)li]]
hermit	US	[/ˈhɝmɪt/]
heroic	US	[/hɪˈɹoʊ.ɪk/]
heroinomaniac	US	[-eɪniæk]
herptile	US	[/ˈhɝp.taɪl/]
herstory	US	[/ˈhɝst(ə)ɹi/]
hertz	US	[/hɝts/]
hesitated	US	[/ˈhɛzɪteɪtɪd/]
hesternal	US	[/hɛsˈtɝn(ə)l/]
heterodoxy	US	[/ˈhɛtɛɹədɒksi/]
heterolysis	US	[-ɒlɪsɪs]
heterophenomenology	US	[/ˈhɛt.ɹəʊ.fə.nɒm.ənˌɒl.ə.dʒi/]
heteroplastic	US	[-æstɪk]
hexabasic	US	[-eɪsɪk]
hexad	US	[/ˈhɛksæd/]
hexadecimal	US	[/ˌhɛksəˈdɛsɪməl/]
hexahectaenneacontakaiheptagon	US	[/ˌhɛksəˌhɛktəˌɛni.əˌkɑntəkaɪˈhɛptəˌɡɑn/]
hexecontahedron	US	[/ˌhɛksəˌkɒntəˈhiːdɹən/]
hiatus	US	[/haɪˈeɪtəs/]
hideaway	US	[/ˈhaɪdəˌweɪ/]
hierarchic	US	[/haɪˈɹɑɹ.kɪk/]
hierarchical	US	[/ˌhaɪˈɹɑːɹkɪkəl/]
highest	US	[/ˈhaɪ.ɪst/]
highlight	US	[/ˈhaɪˌlaɪt/]
highlighter	US	[/ˈhaɪ.laɪt.ɚ/, [ˈhaɪ.laɪɾ.ɚ]]
hightail	US	[/ˈhaɪ.teɪl/]
highway	US	[-aɪweɪ]
hijack	US	[/ˈhaɪ.dʒæk/]
hijacker	US	[/ˈhaɪˌd͡ʒækəɹ/]
hijackers	US	[/ˈhaɪˌd͡ʒækəɹs/]
hijra	US	[/ˈhɪd͡ʒɹə/]
Hillary	US	[/ˈhɪ.lə.ɹi/]
hillbilly	US	[/ˈhɪlˌbɪli/]
hinder	US	[/ˈhɪndɚ/]
hipper	US	[/ˈhɪpɚ/]
hippies	US	[/ˈhɪpiz/]
Hippodamia	US	[/ˌhɪpɒdəˈmaɪə/]
hippopotamus	US	[/ˌhɪp.əˈpɑ.tə.məs/, [ˌhɪp.əˈpɑ.ɾə.məs]]
hirsute	US	[/hɚˈsut/]
histology	US	[/hɪsˈtɒləd͡ʒi/]
historic	US	[/(h)ɪˈstɔɹɪk/]
historical	US	[/hɪˈstɔɹɪkəl/]
historicaster	US	[/ˌhɪstɔɹəˈkæstəɹ/]
hitchhike	US	[/ˈhɪt͡ʃhaɪk/]
hither	US	[/ˈhɪðɚ/]
Hitler	US	[/ˈhɪtlɚ/]
hitter	US	[/ˈhɪtɚ/, [ˈhɪɾɚ]]
HIV	US	[/ˌeɪt͡ʃ.aɪˈviː/]
hizouse	US	[/hɪzaʊs/]
hmpf	US	[/hm̩f/]
hmph	US	[/hm̩f/]
hoagie	US	[/ˈhoʊ.ɡi/]
hoard	US	[/hɔɹd/]
hoary	US	[/hɔɹ.i/]
hoax	US	[/hoʊks/]
Hobbes	US	[/hɑbz/]
hockey	US	[/ˈhɑki/]
hodgepodge	US	[/ˈhɑd͡ʒˌpɑd͡ʒ/]
hodgepodge	US	[/ˈhɒd͡ʒˌpɒd͡ʒ/]
hoes	US	[-əʊz]
hogan	US	[/ˈhoʊ.ɡən/]
Hohokam	US	[/ˌhoʊ.hoʊˈkɑm/]
hold	US	[/hoʊld/, [hoəɫd]]
holder	US	[/ˈhoʊɫdɚ/]
holding	US	[/ˈhəʊldɪŋ/]
holds	US	[/hoʊldz/]
hole	US	[/hoʊl/, [hoɫ]]
holes	US	[/hoʊlz/]
holey	US	[/ˈhoʊli/]
holiday	US	[/ˈhɑləˌdeɪ/]
holiness	US	[/ˈhoʊlinəs/]
holler	US	[/ˈhɑ.lɚ/]
hollow	US	[/ˈhɑ.loʊ/]
holly	US	[/ˈhɑli/]
hollyhock	US	[/ˈhɑlihɑk/]
holmium	US	[/ˈhoʊ.mi.əm/]
holography	US	[-ɒɡɹəfi]
holy	US	[/ˈhoʊli/]
home	US	[/hoʊm/]
Home	US	[-əʊm]
homeboy	US	[/ˈhoʊm.bɔɪ/]
homes	US	[/hoʊmz/]
homeward	US	[/ˈhoʊmwɚd/]
homework	US	[/ˈhoʊmˌwɝk/]
hominid	US	[/ˈhɑ.mə.nɪd/]
homogenous	US	[/həˈmɑd͡ʒɪnəs/]
homography	US	[/hoʊˈmɒɡɹəfi/]
homologous	US	[/həˈmɒləɡəs/]
homonym	US	[/ˈhɑmənɪm/]
homophone	US	[/ˈhɑməfoʊn/]
homophony	US	[/həˈmɒfəni/]
homozygous	US	[/ˌhəʊməʊˈzaɪɡəs/]
hon	US	[/hʌn/]
hone	US	[/hoʊn/]
honestly	US	[/ˈɑnɪstli/]
honesty	US	[/ˈɑnəsti/]
honeymoon	US	[/ˈhʌn.iˌmuːn/]
honeysuckle	US	[/ˈhʌniːsʌkəl/]
honing	US	[/ˈhoʊnɪŋ/]
Honolulu	US	[/ˌhoʊ.nəˈluː.luː/]
honorific	US	[/ˌɑːnəˈɹɪfɪk/]
honors	US	[/ˈɑn.ɚz/]
honoured	US	[/ˈɑnɚd/]
hood	US	[/hʊd/, [hʊ̈d], [hɪ̈d]]
hooded	US	[/ˈhʊdɪd/]
hoodwink	US	[/ˈhʊdˌwɪŋk/]
hooker	US	[/ˈhʊk.ɚ/]
hookey	US	[-ʊki]
hooliganism	US	[/ˈhu.lɪ.ɡən.ɪz.əm/]
hoopla	US	[/ˈhuːplɑ/]
hope	US	[/hoʊp/]
Hope	US	[/ˈhoʊp/]
hoped	US	[/hoʊpt/]
hopeless	US	[/ˈhoʊplɪs/]
hopes	US	[/hoʊps/]
hoping	US	[/ˈhoʊpɪŋ/]
hopping	US	[-ɒpɪŋ]
hoptoad	US	[/ˈhɑp.toʊd/]
horde	US	[/hɔɹd/]
horizon	US	[/həˈɹaɪ.zən/]
horizontal	US	[/ˌhoɹəˈzɑntəl/]
hormone	US	[/ˈhoɹmoʊn/]
horn	US	[/hɔɹn/]
hornbeam	US	[/ˈhɔɹnˌbim/]
horns	US	[/hɔɹnz/]
hornswoggle	US	[/ˈhɔɹn.swɑ.ɡəl/]
horrid	US	[/ˈhɔɹɪd/]
horrify	US	[/ˈhɔɹəfaɪ/]
horseback	US	[/ˈhɔɹsˌbæk/]
horseman	US	[/ˈhɔɹsmən/]
horsemen	US	[/ˈhɔɹsmən/]
horsepower	US	[/ˈhɔɹsˌpaʊɚ/]
horseradish	US	[/ˈhɔɹsɹædɪʃ/]
horseshit	US	[-ɪt]
horsetail	US	[/ˈhɔː(ɹ)s.teɪl/]
hortative	US	[/ˈhɔɹtətɪv/]
horticulture	US	[/ˈhɔɹ.tɪˌkʌl.t͡ʃɚ/]
hoser	US	[-əʊzə(ɹ)]
hosiery	US	[/ˈhoʊʒəɹi/]
hospitality	US	[/hɑs.pɪˈtæl.ɪ.ti/]
host	US	[/hoʊst/]
hostage	US	[/ˈhɑs.tɪd͡ʒ/]
hosted	US	[/ˈhoʊstɪd/]
hostel	US	[/ˈhɑstəl/]
hostelry	US	[/ˈhɑstəlɹi/]
hostess	US	[/ˈhoʊstɪs/]
hostilities	US	[/hɑˈstɪlɪtiz/]
hostility	US	[/hɑˈstɪlɪti/]
hostler	US	[/ˈ(h)ɑs.lɚ/]
hostler	US	[/ˈ(h)ɑs.lɚ/]
hosts	US	[/hoʊsts/]
hot	US	[/hɑt/]
hotel	US	[/hoʊˈtɛl/]
hotspot	US	[/ˈhɑtˌspɑt/]
Hough	US	[/hʌf/]
hourglass	US	[/ˈaʊəɡlɑːs/]
hourly	US	[/ˈaʊ̯ɚli/]
housefire	US	[/haʊs.faɪ.ɚ/]
household	US	[/ˈhaʊshoʊld/]
housekeeper	US	[/ˈhaʊskipɚ/]
Houston	US	[/ˈhjustən/, [ˈhj̊uːstɨn], [j̊uːstɨn]]
hovercam	US	[/ˈhʌ.vɜɹ.kæm/]
howbeit	US	[/haʊˈbiː.ɪt/]
however	US	[/haʊˈɛvɚ/]
howitzer	US	[/ˈhaʊ.ɪts.əɹ/]
howsoever	US	[/ˌhaʊsoʊˈɛvəɹ/]
hub	US	[/hʌb/]
hubris	US	[/ˈhjuːbɹɪs/]
huckster	US	[/ˈhʌkstɚ/]
Hudson	US	[/ˈhʌdsən/]
huff	US	[/hʌf/]
Hufflepuff	US	[/ˈhʌfəlˌpʌf/]
humanely	US	[/hjuːˈmeɪn.li/]
humanities	US	[/hjuˈmæn.ɪ.tiz/]
humanity	US	[/hjuˈmænɪti/, [hjuˈmænɪɾi]]
humankind	US	[-aɪnd]
humanly	US	[/ˈhjuːmənli/]
humbler	US	[/ˈhʌmblɚ/]
humbly	US	[/ˈhʌmbli/]
humbug	US	[/ˈhʌmbʌɡ/]
humdrum	US	[/ˈhʌmdɹʌm/]
humiliating	US	[/hjuːˈmɪliˌeɪtɪŋ/]
humiliatrix	US	[/hjuːˌmɪlɪˈeɪtɹɪks/]
hummingbird	US	[/ˈhʌmɪŋˌbɝd/]
humorously	US	[/ˈhju.məɹ.ɪs.li/]
Hungary	US	[/ˈhʌŋ.ɡəɹ.i/]
hunger	US	[/ˈhʌŋɡɚ/]
hunker	US	[/ˈhʌŋkɚ/]
hunter	US	[/ˈhʌntɚ/, [ˈhʌɾ̃ɚ]]
hunters	US	[/ˈhʌntɚz/]
hurdle	US	[/ˈhɝd(ə)l/]
hurled	US	[/hɜɹld/]
hurr	US	[/ˈhɝ/]
hurry	US	[/ˈhʌ.ɹi/]
hurry	US	[/ˈhɝ.i/]
hurt	US	[/hɝt/]
hurts	US	[/hɝts/]
hurty	US	[-ɜː(ɹ)ti]
husband	US	[/ˈhʌz.bənd/]
husbandman	US	[/ˈhəzbəndmən/]
husk	US	[/hʌsk/]
hybridization	US	[/haɪ.bɹɪd.aɪˈzeɪ.ʃən/]
Hyderabad	US	[/ˈhaɪdəɹəbɑːd/]
hydrargyrum	US	[/haɪˈdɹɑː(ɹ)d͡ʒɪɹəm/]
hydration	US	[/haɪˈdɹeɪʃən/]
hydraulic	US	[/haɪˈdɹɔːlɪk/]
hydrofoil	US	[/ˈhaɪ.dɹoʊˌfɔɪl/]
hydrogen	US	[/ˈhaɪdɹəd͡ʒən/, [ˈhaɪd͡ʒɹəd͡ʒən]]
hydrogenation	US	[-eɪʃən]
hydrogeniferous	US	[-ɪfəɹəs]
hydrohomie	US	[/ˈhaɪ.dɹəˌhoʊ.mi/]
hydrology	US	[-ɒlədʒi]
hydroplane	US	[/ˈhaɪdɹoʊˌpleɪn/]
hydrostatic	US	[/ˌhaɪdɹəʊˈstætɪk/]
hydrous	US	[/ˈhaɪdɹəs/]
hyena	US	[/haɪˈiːnə/]
hymeneal	US	[/hʌɪməˈniːəl/]
hymnody	US	[/ˈhɪm.nə.di/]
hyperbeam	US	[/ˈhaɪ.pə(ɹ)biːm/]
hyperbola	US	[/haɪˈpɚ.bə.lə/]
hyperbola	US	[/haɪˈpɚ.bə.lə/]
hyperbole	US	[/haɪˈpɝbəli/]
hyperbomb	US	[/ˈhaɪ.pə(ɹ)bɑm/]
hypercube	US	[/ˈhaɪ.pɚ.kjuːb/]
hyperfur	US	[/ˈhaɪ.pəɹ.fɜɹ/]
hypergamy	US	[/haɪˈpɚɡəmi/]
hypergolic	US	[/hʌɪpɚˈɡɒlɪk/]
hyperinflation	US	[-eɪʃən]
hypermissile	US	[/ˌhaɪ.pɚˈmɪsaɪl/]
hypernym	US	[/ˈhaɪpɚnɪm/]
hypertension	US	[/ˌhaɪ.pɚˈtɛn.ʃən/]
hypertext	US	[/ˈhaɪpəɹˌtɛkst/]
hyperthermia	US	[/ˌhaɪpə(ɹ)ˈθɜː(ɹ)miə/]
hypertorus	US	[-ɔːɹəs]
hypertrophy	US	[/haɪˈpɝːtɹəfi/]
hypnagogic	US	[/hɪpnəˈɡɒdʒɪk/]
hypnosis	US	[/hɪpˈnoʊsɪs/]
hypocrite	US	[/ˈhɪ.pə.kɹɪt/]
hypostasis	US	[/haɪˈpɑstəsɪs/]
hypotheses	US	[/haɪˈpɑːθəˌsiːz/]
hypothesis	US	[[haɪˈpʰɑθəsɪs]]
I	US	[/aɪ/]
iamb	US	[/ˈaɪˌæm/]
iatrochemical	US	[/aɪˌæt.ɹoʊˈkɛm.ɪ.kəl/]
iatrochemistry	US	[/aɪˌæt.ɹoʊˈkɛm.ɪ.stɹi/]
iatromathematical	US	[/aɪˌæt.ɹoʊ.mæ.θəˈmæ.tɪ.kəl/]
iatromathematician	US	[/aɪˌæt.ɹoʊˌmæθ.ə.məˈtɪʃ.ən/]
iatromathematics	US	[/aɪˌæt.ɹoʊ.mæθ.əˈmæt.ɪks/]
iatrophysicist	US	[/aɪˌæt.ɹoʊˈfɪz.ə.sɪst/]
ichthyology	US	[/ˌɪkθiˈɒləd͡ʒi/]
ichthyosis	US	[/ɪkθɪˈəʊsɪs/]
icily	US	[/ˈaɪ.sɪ.li/]
icon	US	[/ˈaɪ.kɑn/]
iconoclast	US	[/aɪˈkɑn.əˌklæst/]
iconostasis	US	[/ˌaɪkəˈnɒstəsɪs/]
icositetrachoron	US	[/aɪkoʊsɪtɛtɹəˈkoʊɹɔn/]
Idaho	US	[/ˈaɪdəˌhoʊ/]
idea	US	[/aɪ̯ˈdi.ə/]
ideals	US	[/aɪˈdi.əlz/]
ideas	US	[/aɪˈdi.əz/]
idiocracy	US	[/ˌɪdiˈɑkɹəsi/]
idiots	US	[/ˈɪd.iː.əts/]
idiotype	US	[/ˈɪ.diː.oʊ.taɪp/]
idleness	US	[/ˈaɪdəlnəs/]
idly	US	[/ˈaɪd(ə)lɪ/]
idolatry	US	[/aɪˈdɑ.lə.tɹi/]
idyllic	US	[/aɪˈdɪlɪk/]
ignominious	US	[/ɪɡnəˈmɪniəs/]
ignorance	US	[/ˈɪɡ.nɚ.əns/]
ignorant	US	[/ˈɪɡnəɹənt/]
ignore	US	[/ɪɡˈnoɹ/]
IJBOL	US	[/ˈid͡ʒ.boʊl/]
ileitis	US	[/ˌɪliˈaɪtɪs/]
ileum	US	[-ɪliəm]
illegible	US	[/ɪˈlɛd͡ʒəbəl/]
illegitimacy	US	[[ɪlɨˈd͡ʒɪɾɨməsi]]
illumination	US	[/ɪˌlumɪˈneɪʃən/]
illusion	US	[[ɪˈluː.ʒən]]
illusive	US	[/ɪˈluːsɪv/]
illustrated	US	[/ˈɪləstɹeɪtɪd/]
imaginary	US	[/ɪˈmæd͡ʒɪˌn(ɛ)ɹi/]
imagine	US	[/ɪˈmæ.d͡ʒɪn/]
imagined	US	[/ɪˈmæd͡ʒɪnd/]
imbroglio	US	[/ɪmˈbɹoʊljoʊ/]
imitate	US	[/ˈɪmɪteɪt/]
Imma	US	[/ˈaɪmə/, [ˈaːmə]]
immanent	US	[/ˈɪmənənt/]
immaterial	US	[/ˌɪ.məˈtɪ.ɹi.əl/]
immaturity	US	[/ɪməˈt͡ʃʊɹɪti/]
immerse	US	[/ɪˈmɝs/]
immobile	US	[/ɪˈmoʊ.bəl/]
immortal	US	[/ɪˈmɔɹtəl/]
immunochemistry	US	[/ˌɪˌmjuːnoʊˈkɛmɪstɹi/]
impassible	US	[/ɪmˈpasɪbəl/]
impatient	US	[/ɪmˈpeɪʃənt/]
impeccable	US	[/ɪmˈpɛkəbəl/]
impedance	US	[[ɪmˈpidn̩s]]
impediment	US	[/ɪmˈpɛdɪmənt/]
impeller	US	[-ɛlə(ɹ)]
imperial	US	[/ɪmˈpɪɹ.i.əl/]
imperialism	US	[[ɪmˈpɪɹ.i.ə.lɪ.zm̩]]
imperious	US	[/ɪmˈpɪɹ.i.əs/]
imperturbable	US	[/ˌɪmpɚˈtɝbəbəl/]
impervious	US	[/ɪmˈpɝ.vi.əs/]
impetuous	US	[/imˈpɛt͡ʃuəs/]
impetus	US	[/ˈɪm.pə.təs/]
Imphal	US	[/ˈɪmpɑːl/]
implacable	US	[/ɪmˈplækəbəl/]
implement	US	[/ˈɪmpləmənt/]
implements	US	[/ˈɪmpləmənts/]
impolitic	US	[/ɪmˈpɒ.lɪ.tɪk/]
imponderable	US	[/ɪmˈpɑːndəɹəbl/]
importance	US	[/ɪmˈpɔɹtəns/, [-ʔn̩s]]
important	US	[/ɪmˈpɔɹ.tənt/, [ɪmˈpʰɔɹʔn̩t], [ɪmˈpʰɔɹʔn̩ʔ]]
impose	US	[/ɪmˈpoʊz/]
imposed	US	[/ɪmˈpoʊzd/]
imposing	US	[/ɪmˈpoʊzɪŋ/]
impossibility	US	[/ɪmˌpɑsɪˈbɪliti/]
impossible	US	[/ɪmˈpɑ.sə.bl̩/]
impostor	US	[/ɪmˈpɑstɚ/]
impoverish	US	[/ɪmˈpɒv(ə)ɹɪʃ/]
impractical	US	[/ɪmˈpɹæktɪkəl/]
impressions	US	[/ɪmˈpɹɛʃənz/]
imprisoned	US	[/ɪmˈpɹɪzənd/]
imprisonment	US	[/ɪmˈpɹɪzn̩.mənt/]
improper	US	[/ɪmˈpɹɑ.pɚ/]
improperly	US	[/ɪmˈpɹɑ.pɚ.li/]
impropriety	US	[/ˌɪm.pɹəˈpɹaɪ.ɪ.ti/]
improvement	US	[/ɪmˈpɹuːvmənt/]
improvements	US	[/ɪmˈpɹuːvmənts/]
improvident	US	[/ɪmˈpɹɒvɪdənt/]
improvise	US	[/ˈɪmpɹəvaɪz/]
imprudent	US	[/ɪmˈpɹudənt/]
impudent	US	[/ˈɪmpjədn̩t/]
impulse	US	[/ˈɪmpʌls/]
inability	US	[/ˌɪnəˈbɪlɪti/]
inaccessible	US	[/ˌɪnəkˈsɛsɪbl̩/]
inaccuracy	US	[/ɪnˈæk.jɚ.ə.si/]
inaccurate	US	[/ɪnˈæk.jə.ɹɪt/]
inadvertent	US	[/ˌɪnədˈvɝtn̩t/]
inaptitude	US	[/ɪnˈæpt.ɪ.tud/]
inborn	US	[/ˈɪn.bɔɹn/]
incapacity	US	[/ˌɪnkəˈpæsɪti/]
incarcerate	US	[/ɪnˈkɑɹ.səˌɹeɪt/]
incense	US	[-ɛns]
incense	US	[-ɛns]
incenter	US	[-ɛntə(ɹ)]
incessantly	US	[/ɪnˈsɛs.ənt.li/]
inches	US	[/ˈɪnt͡ʃɪz/]
incident	US	[/ˈɪn.sɪ.dənt/]
incidents	US	[/ˈɪn.sɪ.dənts/]
incineration	US	[-eɪʃən]
incline	US	[/ɪnˈklaɪn/]
include	US	[/ɪnˈkluːd/]
included	US	[/ɪnˈkluːdɪd/]
inclusive	US	[/ɪnˈkluːsɪv/]
incombustible	US	[/ˌɪŋkəmˈbʌstɪbəl/]
income	US	[/ˈɪnˌkʌm/]
incommode	US	[/ˌɪnkəˈmoʊd/]
incommunicate	US	[/ɪn.kəˈmjunɪkət/]
incomplete	US	[/ɪn.kəmˈpliːt/]
incomprehensible	US	[/ˌɪnkɑmpɹəˈhɛnsɪbəl/]
inconsistent	US	[/ˌɪnkənˈsɪstənt/]
incontinence	US	[/ɪnˈkɒntɪnəns/]
incontrovertibly	US	[/ˌɪnˌkɑn.tɹəˈvɝ.tə.bli/]
incorporeal	US	[/ɪŋkɔː(ɹ)ˈpɔːɹiəl/]
incredible	US	[/ɪŋˈkɹɛdəbəl/, [ɪ̈ŋˈkɹ̥ʷɛɾəbəɫ], [ɪ̈ŋˈkɹ̥ʷɛɾəbɫ̩]]
incunabulum	US	[/ˌɪn.kjʊˈnæb.jʊ.ləm/]
incur	US	[/ɪnˈkɝ/]
indebted	US	[/ɪnˈdɛtɪd/]
indecency	US	[/ɪnˈdiːsənsi/]
indecent	US	[/ɪnˈdiːsənt/]
indeed	US	[/ɪnˈdid/]
indelible	US	[/ɪnˈdɛləbl/]
indemnification	US	[/ənˌdɛmnəfəˈkeɪʃən/]
indemnify	US	[/ɪnˈdɛm.nɪ.faɪ/]
indemnity	US	[/ɪnˈdɛmnɪti/]
independence	US	[/ɪndɪˈpɛndəns/]
independent	US	[/ˌɪn.dɪˈpɛn.dənt/]
independently	US	[/ˌɪndɪˈpɛndəntli/]
indescribable	US	[/ɪndɪˈskɹaɪbəbl̩/]
index	US	[/ˈɪndɛks/]
Indian	US	[/ˈɪn.di.ən/]
Indiana	US	[/ˌɪndiˈænə/]
Indianapolis	US	[/ɪndiəˈnæpəlɪs/]
indicate	US	[/ˈɪndɪˌkeɪt/]
indicated	US	[/ˈɪndɪkeɪtɪd/]
indicating	US	[/ˈɪndɪkeɪtɪŋ/]
indices	US	[/ˈɪndɪsiːz/]
indict	US	[/ˌɪnˈdaɪt/]
indictment	US	[/ɪnˈdaɪt.mənt/]
indignant	US	[/ɪnˈdɪɡ.nənt/]
indiscretion	US	[/ˌɪndɪsˈkɹɛʃən/]
indistinct	US	[/ˌɪndɪsˈtɪŋkt/]
indium	US	[/ˈɪndi.əm/]
individuals	US	[/ˌɪndɪˈvɪd͡ʒuəlz/]
indolent	US	[/ˈɪn.də.lənt/]
indri	US	[/ˈɪndɹi/]
indubitable	US	[/ɪnˈdubɪtəbəl/]
indubitably	US	[/ɪnˈdu.bɪ.tə.bli/]
induce	US	[/ɪnˈduːs/]
induced	US	[/ɪnˈduːst/]
indulged	US	[/ɪnˈdʌld͡ʒd/]
indulgence	US	[/ɪnˈdʌl.d͡ʒəns/]
industrial	US	[/ɪnˈdʌstɹɪəl/]
industrialisation	US	[-eɪʃən]
industrialization	US	[-eɪʃən]
industries	US	[/ˈɪndəstɹiz/]
industrious	US	[/ɪnˈdʌstɹi.əs/]
inebriated	US	[/ɪˈniː.bɹi.eɪ.tɪd/]
ineffable	US	[/ˌɪnˈɛf.ə.bəl/]
inelastic	US	[/ˌɪnəˈlæstɪk/]
inelegant	US	[/ɪnˈɛlɪɡənt/]
ineluctable	US	[/ɪn.ɪˈlʌk.tə.bəl/]
inertial	US	[/ɪˈnɝ.ʃəl/]
inevitable	US	[/ɪnˈɛvɪtəbəl/]
infallible	US	[/ɪnˈfæl.ɪ.bl̩/]
infanticide	US	[/ɪnˈfæntɪsaɪd/]
infer	US	[/ɪnˈfɝ/]
inferior	US	[/ɪnˈfɪɹ.i.ɚ/]
inferno	US	[/ɪnˈfɝnoʊ/]
infibulation	US	[/ɪnfɪbjʊˈleɪʃən/]
infidelity	US	[/ˌɪnfɪˈdɛlɪti/]
infinitely	US	[/ˈɪnfɪnɪtli/]
infinitesimal	US	[/ˌɪnfɪnɪˈtɛsɪməl/]
infirmarer	US	[/ɪnˈfɝ.mə.ɹɚ/]
infirmity	US	[/ɪnˈfɜɹməti/]
infix	US	[/ˈɪnfɪks/]
inflammatory	US	[/ɪnˈflæməˌtɔɹi/]
inflexible	US	[/ɪnˈflɛksəbl̩/]
inflicted	US	[/ɪnˈflɪktɪd/]
infliction	US	[/ɪnˈflɪkʃən/]
influences	US	[/ˈɪn.flu.ən.sɪz/]
infomaniac	US	[-eɪniæk]
inform	US	[/ɪnˈfɔɹm/]
informal	US	[/ɪnˈfɔɹm(ə)l/]
informatics	US	[/ˌɪnfəɹˈmætɪks/, [ˌɪnfɚˈmæɾɪks]]
information	US	[/ˌɪn.fɚˈmeɪ.ʃən/]
informative	US	[/ɪnˈfɔɹmətɪv/, [ɪnˈfɔɹməɾɪv]]
informed	US	[/ɪnˈfɔɹmd/]
informer	US	[-ɔː(ɹ)mə(ɹ)]
infraction	US	[/ɪnˈfɹækʃən/]
infrequently	US	[/ɪnˈfɹiːkwənt.li/]
infringement	US	[/ɪnˈfɹɪnd͡ʒmənt/]
ingenue	US	[/ˈɑnʒənu/]
ingenuity	US	[/ˌɪnd͡ʒəˈn(j)uːəti/]
inglenook	US	[/ˈɪŋɡəlˌnʊk/]
ingratitude	US	[/ɪnˈɡɹætɪtud/]
ingredient	US	[/ɪnˈɡɹiːdi.ənt/]
ingress	US	[/ˈɪŋɡɹɛs/]
ingrown	US	[/ɪnˈɡɹoʊn/]
inguinal	US	[/ˈɪŋɡwɪnəl/]
inhabitants	US	[/ɪnˈhæbɪtənts/]
inhale	US	[/ɪnˈheɪl/]
inherently	US	[/ɪnˈhɛɹəntli/]
inheritance	US	[/ɪnˈhɛɹɪtəns/]
inherited	US	[/ɪnˈhɛɹɪtɪd/]
inhibit	US	[/ɪnˈhɪbɪt/]
inhibitor	US	[/ɪnˈhɪbɪtɚ/]
inimical	US	[/ɪˈnɪmɪkəl/]
inimitable	US	[/ɪnˈɪmɪtəbl̩/]
injun	US	[/ˈɪnd͡ʒən/]
injure	US	[/ˈɪn.d͡ʒɚ/]
injured	US	[/ˈɪnd͡ʒɚd/]
Inktober	US	[/ɪnkˈtoʊ.bəɹ/]
inkwell	US	[/ˈɪŋk.wel/]
inlet	US	[/ˈɪnlət/]
inmate	US	[/ˈɪn.meɪt/]
inner	US	[/ˈɪnɚ/]
innocent	US	[/ˈɪnəsənt/]
innocuous	US	[/ɪˈnɑkjuəs/]
innovate	US	[/ˈɪnəveɪt/]
innumerable	US	[/ɪˈnuːməɹ.əbəl/]
inquire	US	[/ɪnˈkwaɪɹ/]
inquired	US	[/ɪnˈkwaɪɹd/]
inquiring	US	[/ɪnˈkwaɪɹɪŋ/]
insane	US	[-eɪn]
insanity	US	[/ɪnˈsænɪti/]
insects	US	[/ˈɪnsɛkts/]
inseminate	US	[/ɪnˈsɛmɪneɪt/]
insemination	US	[-eɪʃən]
inseparable	US	[/inˈsɛ.p(ə).ɹə.bl/]
inserted	US	[/ɪnˈsɝtɪd/]
insignia	US	[/ɪnˈsɪɡ.ni.ə/]
insignificant	US	[/ˌɪnsɪɡˈnɪfɪkənt/]
insinuate	US	[/ɪnˈsɪnjueɪt/]
insoluble	US	[/ɪnˈsɑljəbəl/]
insolvency	US	[[ɪnˈsɒlvn̩si]]
insomnia	US	[/ɪnˈsɒmniə/]
insomniac	US	[-æk]
insouciant	US	[/inˈsusiənt/]
inspector	US	[/ɪnˈspɛktɚ/]
inspirational	US	[/ˌɪnspəˈɹeɪʃənəl/]
inspired	US	[/ɪnˈspaɪɹd/]
Instagrammable	US	[/ˈɪnstəˌɡræməbəl/]
instance	US	[/ˈɪnstəns/]
instances	US	[/ˈɪnstənsɪz/]
instant	US	[/ˈɪnstənt/]
instantly	US	[/ˈɪnstəntli/]
instar	US	[/ˈɪnstɑɹ/]
instigate	US	[/ˈɪnstəɡeɪt/]
instinctive	US	[/ɪnˈstɪŋktɪv/]
instinctively	US	[/ɪnˈstɪŋktɪvli/]
instincts	US	[/ˈɪn.stɪŋkts/]
instituted	US	[/ˈɪnstɪt(j)uːtɪd/]
institution	US	[/ˌɪnstɪˈtuːʃən/]
institutions	US	[/ˌɪnstɪˈtuʃənz/]
instruct	US	[/ɪnˈstɹʌkt/]
instructed	US	[/ɪnˈstɹʌktɪd/]
instructions	US	[/ɪnˈstɹʌkʃənz/]
instrumentation	US	[-eɪʃən]
insufficiency	US	[/ɪnsəˈfɪʃənsi/]
insulation	US	[/ˌɪnsəˈleɪʃən/]
insulting	US	[/ɪnˈsʌltɪŋ/]
insuperable	US	[/ɪnˈsup(ə)ɹəb(ə)l/]
integument	US	[/ɪnˈtɛɡ.jʊ.mənt/]
intelligence	US	[/ɪnˈtɛl.ɪ.d͡ʒəns/]
intelligent	US	[/ɪnˈtɛlɪd͡ʒənt/]
intelligible	US	[/ɪnˈtɛləd͡ʒəbəl/]
intensely	US	[/ɪnˈtɛnsli/]
intensification	US	[-eɪʃən]
intention	US	[/ɪnˈtɛnʃən/]
intentions	US	[/ɪnˈtɛnʃənz/]
intently	US	[/ɪnˈtɛntli/]
interaction	US	[/ˌɪn.tɚˈæk.ʃən/]
interanimate	US	[/ˌɪntəɹˈænɪmət/]
interanimate	US	[/ˌɪntəɹˈænɪmeɪt/]
interbred	US	[/ɪntɚˈbɹɛd/]
intercommunication	US	[-eɪʃən]
interconnection	US	[/ˌɪn.tɚ.kəˈnɛk.ʃən/]
interdiction	US	[/ˌɪn.tɚˈdɪkʃən/]
interfere	US	[/ˌɪntɚˈfɪɹ/]
interim	US	[/ˈɪntəɹɪm/]
interior	US	[/ɪnˈtɪ.ɹi.ɚ/]
interject	US	[/ɪn.tɚˈd͡ʒɛkt/]
interjection	US	[/ˌɪn.tɚˈd͡ʒɛk.ʃən/]
interlanguage	US	[/ɪnˈtɜɹˈlæŋɡwɪd͡ʒ/]
interloper	US	[/ˌɪntɚˈloʊ̯pɚ/]
intermeddle	US	[/ˌɪntɚˈmɛdəl/]
intermediates	US	[/ɪn.tɚˈmi.di.əts/]
interment	US	[/ɪnˈtɝmənt/]
intermezzo	US	[/ɪntɚˈmɛtsoʊ/]
intermittent	US	[/ˌɪntɚˈmɪtn̩t/]
intermittently	US	[/ɪn.təˈmɪt.ənt.lɪ/]
international	US	[/ˌɪn.(t)ɚˈnæʃ.(ə.)n(ə)l/, [ˌɪntɚˈnæʃ(ə)n(ə)ɫ], [ˌɪɾ̃ɚˈnæʃ(ə)n(ə)ɫ]]
internee	US	[/ɪntɝˈniː/]
internet	US	[/ˈɪn(t)ɚˌnɛt/, [ˈɪntʰɚˌnɛt̚], [ˈɪɾ̃ɚˌnɛt̚]]
internship	US	[/ˈɪntɝnʃɪp/]
interpolate	US	[/ɪnˈtɝ.pəˌleɪt/]
interposed	US	[/ˌɪn.tɚˈpoʊzd/]
interpret	US	[/ɪnˈtɝ.pɹɪt/]
interpreted	US	[/ɪnˈtɝpɹɪtɪd/]
interrogate	US	[/ɪnˈtɛɹ.əˌɡeɪt/]
interrogative	US	[/ˌɪn.təˈɹɑ.ɡə.tɪv/, [ˌɪn.təˈɹɑ.ɡə.ɾɪv]]
interrupted	US	[/ˌɪntəˈɹʌptɪd/]
intersectionality	US	[/ɪntɚˌsɛkʃəˈnæləti/]
intersex	US	[/ˈɪn.təɹ.sɛks/]
intersexuality	US	[/ˌɪn.təɹ.sɛk.ʃuˈæ.lə.ti/]
intersperse	US	[/ɪntə(ɹ)ˈspɜː(ɹ)s/]
interstate	US	[/ˈɪntɚˌsteɪt/, [ˈɪɾ̃ɚˌsteɪ̯t]]
interstitial	US	[/ɪntəɹˈstɪʃəl/]
intertwine	US	[/ˌɪntəɹˈtwaɪn/, [-ɾəɹ-]]
interval	US	[/ˈɪntɚvəl/]
intervals	US	[/ˈɪntɚvəlz/]
interview	US	[/ˈɪn(t)ɚvju/]
intervocalic	US	[-ælɪk, /ˌɪntəɹvoʊˈkælɪk/]
interwove	US	[/ˈɪntəɹwoʊv/]
intestinal	US	[/ɪnˈtɛs.tɪ.nəl/]
intimacy	US	[/ˈɪn.tɪ.mə.si/]
intolerable	US	[/ɪnˈtɑləɹəbl̩/]
intolerance	US	[/ɪnˈtɑ.lə.ɹəns/]
intolerant	US	[/ɪnˈtɑləɹənt/]
intone	US	[/ɪnˈtoʊn/]
intoxicant	US	[/ɪnˈtɒksɪk(ə)nt/]
intoxicated	US	[/ɪnˈtɑksɪkeɪtɪd/]
intractable	US	[/ɪnˈtɹæk.tə.bəl/]
intramuscular	US	[-ʌskjʊlə(ɹ)]
intricate	US	[/ˈɪn.tɹɪ.kət/]
introduced	US	[/ˌɪntɹəˈduːst/]
introspective	US	[/ˌɪntɹəˈspɛktɪv/]
introvert	US	[/ˈɪn.tɹə.vɝt/]
intrusive	US	[/ɪnˈtɹuːsɪv/]
intuit	US	[/ɪnˈtuɪt/]
intuition	US	[/ɪn.tuˈɪ.ʃən/]
Inupiak	US	[/ɪˈnuː.pi.æk/]
invaded	US	[/ɪnˈveɪdɪd/]
invalid	US	[/ɪnˈvæl.ɪd/]
invalidate	US	[/ɪnˈvæl.əˌdeɪt/]
invariable	US	[/ɪnˈvɛɹ.i.ə.bl̩/]
invariably	US	[/ɪnˈvɛɹ.i.ə.bli/]
invariance	US	[/inˈvɛ(ə)ɹi.əns/]
invented	US	[/ɪnˈvɛntɪd/]
inventing	US	[/ˈɪnvɛntɪŋ/]
invention	US	[/ɪnˈvɛnʃən/]
invertebrate	US	[/ɪnˈvəːtɪbrət/]
inverter	US	[/ɪnˈvɝt.ɚ/]
invested	US	[/ɪnˈvɛstɪd/]
investigate	US	[[ɪnˈvɛs.tɪ.ɡeɪ̯t]]
invigilation	US	[-eɪʃən]
invisible	US	[/ɪnˈvɪzəb(ə)l/]
invited	US	[/ɪnˈvaɪtɪd/]
invoice	US	[/ˈɪnˌvɔɪs/]
involved	US	[/ɪnˈvɑlvd/]
inward	US	[/ˈɪnwəd/]
iodic	US	[-ɒdɪk]
iodide	US	[/ˈɑɪ.əˌdɑɪd/]
iodine	US	[/ˈaɪ.əˌdaɪn, -dɪn, -diːn/]
ion	US	[/ˈaɪ.ɑn/]
ionization	US	[/ˌaɪənɪˈzeɪʃən/]
iota	US	[/aɪˈoʊtə/]
Iowa	US	[/ˈaɪəweɪ/]
iPhone	US	[/ˈaɪˌfoʊ̯n/]
Iqaluit	US	[/ɪˈkælʊ.ɪt/]
ire	US	[/aɪɹ/]
irk	US	[/ɝk/]
iron	US	[/ˈaɪ(ə)ɹn/]
ironing	US	[-aɪənɪŋ]
irons	US	[/ˈaɪɚnz/]
irredeemable	US	[/ɪɹəˈdiːməbəl/]
irreducible	US	[/ˌɪɹɪˈdjuːsɪbəl/]
irregular	US	[/ɪˈɹɛɡ.jə.lɚ/]
irresolute	US	[/ɪˈrɛz.əˌl(j)uːt/]
irritant	US	[/ˈɪɹɪtənt/]
irritate	US	[/ˈɪɹ.ɪˌteɪt/]
islander	US	[/ˈaɪləndɚ/]
ism	US	[/ˈɪz.əm/]
iso	US	[/ˈaɪsoʊ/]
isogonal	US	[/ʌɪˈsɒɡənəl/]
isolated	US	[/ˈaɪsəleɪtɪd/]
isolation	US	[-eɪʃən]
isomer	US	[/ˈaɪ.sə.mɚ/]
isomerisation	US	[-eɪʃən]
isomorphic	US	[/ˌaɪ.soʊˈmɔɹ.fɪk/]
isopod	US	[/ˈaɪ.səˌpɒd/]
isotonic	US	[/ˌɑɪ.səˈtɑː.nɪk/]
isotope	US	[/ˈaɪ.sə.toʊp/]
isotropy	US	[/aɪˈsɒtɹəpi/]
Issachar	US	[/ˈɪ.səˌkɑɹ/]
issuance	US	[/ˈɪʃ(j)uəns/]
issue	US	[/ˈɪʃ(j)u/]
issues	US	[/ˈɪʃ(j)uz/]
Italy	US	[/ˈɪtəli/, [ˈɪ.ɾə.li], [ˈɪʔ.li], [ˈɪ.tə.lɪj], [ˈi.tɐ.li], [ˈɪθ̠əli], [ˈɪhəli], [ˈɪʔəli]]
item	US	[/ˈaɪ.təm/, [ˈaɪ̯.ɾəm], [ˈaɪ̯.ɾm̩]]
items	US	[/ˈaɪ.təmz/, [ˈaɪ̯.ɾəmz], [ˈaɪ̯.ɾm̩z]]
itinerary	US	[/aɪˈtɪnəˌɹɛɹi/]
ivory	US	[/ˈaɪv(ə)ɹi/]
jackanape	US	[/ˈd͡ʒækəˌneɪp/]
jailbreak	US	[/ˈd͡ʒeɪlˌbɹeɪk/]
jalopy	US	[/d͡ʒəˈlɒ.pi/]
Jamaica	US	[/d͡ʒəˈmeɪ.kə/]
jamaica	US	[/d͡ʒəˈmeɪ.kə/]
janky	US	[/ˈd͡ʒæŋ.ki/]
Japanimation	US	[/d͡ʒəˌpanɪˈmeɪʃn/]
jar	US	[-ɑː(ɹ)]
jargon	US	[/ˈd͡ʒɑɹ.ɡən/]
jasper	US	[/ˈd͡ʒæs.pɚ/]
jaywalker	US	[/ˈd͡ʒeɪ.wɔkɚ/]
JDAM	US	[/ˈd͡ʒeɪˌdæm/]
jealousy	US	[/ˈd͡ʒɛləsi/]
Jedicide	US	[/ˈd͡ʒɛdɪsaɪd/]
jeggings	US	[/ˈd͡ʒɛɡɪŋz/]
jejunum	US	[/dʒɪˈdʒuːnəm/]
jellycopter	US	[/ˈdʒɛ.liˌkɒp.tə(ɹ)/]
jellyfish	US	[/ˈd͡ʒɛliˌfɪʃ/]
jerk	US	[/ˈdʒɜɹk/]
jerked	US	[-ɜː(ɹ)kt]
jersey	US	[/ˈd͡ʒɝzi/]
Jersey	US	[/ˈd͡ʒɝzi/]
jest	US	[/d͡ʒɛst/]
Jharkhand	US	[/ˈd͡ʒɑː(ɹ)kənd/]
jilt	US	[-ɪlt]
jingle	US	[/ˈd͡ʒɪŋɡ(ə)l/]
job	US	[/d͡ʒɑb/]
jobs	US	[/d͡ʒɑbz/]
jobs	US	[/d͡ʒɑbz/]
jocular	US	[/ˈd͡ʒɑkjəlɚ/]
jodhpurs	US	[/ˈd͡ʒɑdpɚz/]
jog	US	[/d͡ʒɑɡ/]
john	US	[/ˈd͡ʒɑn/]
johnnycake	US	[/ˈd͡ʒɑː.niːˌkeɪk/]
joiner	US	[/ˈd͡ʒɔɪnɚ/]
jointer	US	[-ɔɪntə(ɹ)]
joke	US	[/d͡ʒoʊk/]
jolt	US	[/d͡ʒoʊlt/]
Jones	US	[/d͡ʒoʊnz/]
jones	US	[/d͡ʒoʊnz/]
Jordan	US	[/ˈd͡ʒɔɹdən/]
jordan	US	[/ˈd͡ʒɔɹdn̩/]
jostle	US	[/ˈd͡ʒɑ.səl/]
jots	US	[-ɒts]
jotter	US	[-ɒtə(ɹ)]
journey	US	[/ˈd͡ʒɝni/]
journeyman	US	[/ˈd͡ʒɝnimən/]
jours	US	[/ˈd͡ʒɝz/]
jovial	US	[/ˈd͡ʒoʊ.vɪ.əl/]
Jovial	US	[/ˈd͡ʒoʊ.vɪ.əl/]
joyful	US	[/ˈd͡ʒɔɪfəl/]
joyfully	US	[/ˈd͡ʒɔɪfəli/]
joystick	US	[/ˈdʒɔɪstɪk/]
jubilant	US	[/ˈd͡ʒu.bə.lənt/]
Judahite	US	[/ˈd͡ʒuː.dəˌaɪt/]
judgement	US	[/ˈd͡ʒʌd͡ʒ.mənt/]
judgemental	US	[/d͡ʒʌd͡ʒˈmɛn.təl/, [d͡ʒʌd͡ʒˈmɛn.tl̩]]
judgment	US	[/ˈd͡ʒʌd͡ʒ.mənt/]
judgmental	US	[/ˌd͡ʒʌd͡ʒˈmɛnt(ə)l/]
judiciary	US	[/ˌd͡ʒuːˈdɪʃɪɛɹi/]
judoka	US	[/d͡ʒuːˈdəʊkə/]
juggle	US	[-ʌɡəl]
juice	US	[/d͡ʒus/]
jujitsu	US	[/ˌd͡ʒuːˈd͡ʒɪtsuː/]
jukebox	US	[/ˈd͡ʒukbɑks/]
jumble	US	[-ʌmbəl]
jumbo	US	[/ˈd͡ʒʌmboʊ/]
jumper	US	[/ˈd͡ʒʌmpɚ/]
jumpings	US	[/ˈd͡ʒʌmpɪŋz/]
June	US	[/d͡ʒun/]
Juneau	US	[-uːnəʊ]
Juneteenth	US	[/ˌd͡ʒunˈtinθ/]
Jupiter	US	[/ˈd͡ʒupɪtɚ/, [ˈd͡ʒupɪɾɚ]]
juridical	US	[/d͡ʒʊˈɹɪdɪkəl/]
justice	US	[/ˈd͡ʒʌstɪs/]
justified	US	[/ˈd͡ʒʌstɪfaɪd/]
justify	US	[/ˈd͡ʒʌstɪfaɪ/]
Jutland	US	[/ˈd͡ʒʌt.lənd/]
Jutlander	US	[/ˈd͡ʒʌtlændəɹ/]
juxtapose	US	[/ˈd͡ʒʌkstəpoʊz/]
juxtaposition	US	[/ˌd͡ʒʌk.stə.pəˈzɪʃ.ən/]
Jyutping	US	[/jut pʰɪŋ/]
kablooie	US	[/kəˈbluːi/]
kabuki	US	[/kəˈbuːki/]
Kaczynski	US	[/kəˈzɪn.ski/]
Kadesh	US	[/ˈkeɪˌdɛʃ/]
Kafkaesque	US	[/ˌkɑfkəˈɛsk/]
kai	US	[-aɪ]
kaiju	US	[/ˈkai.d͡ʒu/]
kaleidoscopic	US	[/kəˌlaɪdəˈskɑːpɪk/]
kangaroo	US	[/ˌkæŋ.ɡəˈɹuː/]
kano	US	[/kɐˈnoʔ/]
karyotype	US	[/ˈkaɹɪə(ʊ)taɪp/]
kathoey	US	[/kæˈtoɪ/]
katzenjammer	US	[/ˈkætsənd͡ʒæmə(ɹ)/]
kayfabe	US	[/ˈkeɪˌfeɪb/]
keen	US	[/kin/]
keenly	US	[/ˈkiːnli/]
keeper	US	[-iːpə(ɹ), /ˈkiːpɚ/]
keepsake	US	[/ˈkiːp.seɪk/]
Kenosha	US	[/kəˈnoʊʃə/]
Kentucky	US	[/kənˈtʌki/]
Kerala	US	[/ˈkɛ.ɹə.lə/]
keratectomy	US	[-ɛktəmi]
keratosis	US	[/ˌkɛɹəˈtoʊsɪs/]
kerfuffle	US	[/kɚˈfʌfəl/]
ketone	US	[/ˈkiːtəʊn/]
kettle	US	[/ˈkɛ.təl/, [ˈkʰɛɾɫ̩]]
key	US	[/ki/]
keyboard	US	[/ˈki.bɔɹd/]
keychain	US	[/ˈkiːˌt͡ʃeɪn/]
keyhole	US	[/ˈkiˌhoʊl/]
keypad	US	[/ˈkiːpæd/]
kezboard	US	[/ˈkɛzbɔː(ɹ)d/]
Kickapoo	US	[/ˈkɪkəˌpuː/]
kickback	US	[/ˈkɪkbæk/]
kicker	US	[/ˈkɪkɚ/]
kids	US	[/kɪdz/]
Kierkegaardian	US	[/ˌkɪɹkəˈɡɑɹdi.ən/]
killer	US	[/ˈkɪlɚ/, [ˈkʰɪɫlɚ]]
kilogram	US	[/ˈkɪləɡɹæm/]
kiloton	US	[/ˈkɪləˌtʌn/]
Kimberley	US	[/ˈkɪmbə(ɹ)li/]
kinda	US	[/ˈkaɪndə/]
kinder	US	[/ˈkaɪndɚ/]
kindled	US	[/ˈkɪndl̩d/]
kinematic	US	[/kɪn.əˈmæt.ɪk/]
kinesics	US	[/kəˈnisɪks/]
kinetics	US	[/kɪˈnɛt.ɪks/]
king	US	[/kɪŋ/]
kingfisher	US	[/ˈkɪŋˌfɪʃə/]
kingpin	US	[/ˈkɪŋ.pɪn/]
Kinktober	US	[/kɪnkˈtoʊ.bəɹ/]
kiosk	US	[/ˈkiˌɑsk/]
kissing	US	[/ˈkɪs.ɪŋ/]
kitchen	US	[/ˈkɪt͡ʃ(ə)n/]
kluski	US	[/ˈklu.ski/]
klutz	US	[-ʌts]
knapsack	US	[/ˈnæpsæk/]
knee	US	[/ni/]
knell	US	[/nɛl/]
knicker	US	[/ˈnɪkə(ɹ)/]
knickerless	US	[/ˈnɪkə(ɹ)ləs/]
knickers	US	[/ˈnɪkɚz/]
knifer	US	[-aɪfə(ɹ)]
knob	US	[/nɑb/]
knock	US	[/nɑk/]
knocked	US	[/nɑkt/]
knocking	US	[/ˈnɑkɪŋ/]
knot	US	[/nɑt/]
knots	US	[/nɑts/]
knotty	US	[/ˈnɑti/, [-ɾi]]
know	US	[/noʊ/]
knowing	US	[/ˈnoʊɪŋ/]
known	US	[/noʊn/]
knows	US	[/noʊz/]
Knoxville	US	[/nɑksˌvɪl/]
knucklehead	US	[/ˈnʌkl̩ˌhɛd/]
knuckles	US	[/ˈnʌkəlz/]
knurl	US	[/nɝl/]
koan	US	[/ˈkoʊ.ɑn/]
koomkie	US	[/ˈkuːmki/]
Korean	US	[/kəˈɹi.ən/]
kugel	US	[/ˈkuɡ(ə)l/]
Kunming	US	[/kʊnˈmɪŋ/]
Kurdish	US	[/ˈkɜː(ɹ)dɪʃ/]
Kwanzaa	US	[/ˈkwɑnzə/]
LA	US	[/ˌɛl ˈeɪ/, [ˌɛɫ ˈlej]]
labiodental	US	[/ˌleɪ.bi.oʊˈdɛn.təl/]
labor	US	[/ˈleɪ.bɚ/]
labour	US	[/ˈleɪ.bɚ/]
laboured	US	[/ˈleɪ.bɚd/]
lacerated	US	[/ˈlæsəˌɹeɪtɪd/]
lacewing	US	[/ˈleɪs.wɪŋ/]
lachrymose	US	[/ˈlæk.ɹɪ.moʊs/]
lacking	US	[/ˈlækɪŋ/]
lackluster	US	[/ˈlæklʌstə(ɹ)/]
laconic	US	[/ləˈkɑnɪk/]
lacquer	US	[/ˈlæk.ɚ/]
lacrosse	US	[/ləˈkɹɔs/]
ladder	US	[/ˈlædɚ/, [ˈlæɾɚ]]
Ladino	US	[/ləˈdinoʊ/]
lady	US	[/ˈleɪdi/]
ladybird	US	[/ˈleɪ.di.bɝd/]
ladybug	US	[/ˈleɪ.di.bʌɡ/]
ladylike	US	[/ˈleɪ.di.laɪ̯k/]
lager	US	[/ˈlɑɡɚ/]
laird	US	[/lɛəɹd/]
Lakota	US	[/ləˈkoʊtə/]
Lakshadweep	US	[/ləkˈʃɑːdwiːp/]
lamage	US	[/ˈleɪmɪd͡ʒ/]
lambchop	US	[/ˈlæm.t͡ʃɑp/]
lambda	US	[/ˈlæm.də/]
lambent	US	[/ˈlæmbənt/]
lambie	US	[-æmi]
lameo	US	[/ˈleɪmoʊ/]
lamina	US	[/ˈlæm.ɪ.nə/, [ˈlɛəm.ɪ.nə]]
lammer	US	[/ˈlæmɚ/]
lamppost	US	[-əʊst]
lampshade	US	[/ˈlæmp.ʃeɪd/]
lance	US	[/læns/]
lances	US	[/ˈlænsɪz/]
land	US	[/lænd/, [ɫeə̯nd]]
landfill	US	[/ˈlænd.fɪl/]
landmass	US	[/ˈlænd.mæs/]
landslide	US	[/ˈlænd.slaɪd/]
landslide	US	[/ˈlænd.slaɪd/]
langue	US	[/ˈlɑŋ(ɡ)/]
languor	US	[/ˈlæŋ(ɡ)ɚ/]
lantern	US	[/ˈlɛən(t)ɚn/]
lanthanum	US	[/ˈlænθənəm/]
Laplace	US	[/ləˈplɑs/]
lappet	US	[-æpɪt]
laptop	US	[/ˈlæp.tɑp/]
larch	US	[/ˈlɑɹt͡ʃ/]
large	US	[/lɑɹd͡ʒ/]
larger	US	[/ˈlɑɹ.d͡ʒɚ/]
largesse	US	[/lɑɹˈ(d)ʒɛs/]
largest	US	[/ˈlɑɹd͡ʒɪst/]
lark	US	[/lɑɹk/]
larva	US	[/ˈlɑɹ.və/]
larvae	US	[/ˈlɑɹ.vi/]
larynges	US	[/ləɹˈɪnd͡ʒiːz/]
last	US	[/læst/]
lasted	US	[/ˈlæstɪd/]
lasts	US	[/læsts/]
later	US	[/ˈleɪtɚ/, [ˈleɪ̯ɾɚ]]
laterally	US	[/ˈlæ.tə.ɹə.li/, [ˈlæ.ɾə.ɹə.li]]
laters	US	[/ˈleɪtɚz/]
lather	US	[/ˈlæð.ɚ/]
laths	US	[/læθs/]
Latian	US	[/ˈleɪ.ʃən/]
Latin	US	[-ætɪn]
latitudinarian	US	[/lædɪtuːdəˈnɛɹi.ən/]
Latium	US	[/ˈleɪ.ʃi.əm/]
latter	US	[/ˈlæt.əɹ/, [ˈlæɾ.ɚ]]
lauan	US	[/ˈlu(w)ɑn/]
laudable	US	[/ˈlɔːdəbl/]
laudanine	US	[/lɔː.də.niːn/]
laugh	US	[/læf/]
laughed	US	[/læft/]
laughter	US	[/ˈlæftɚ/]
laundry	US	[/ˈlɑːn.dɹi/]
laurel	US	[/ˈlɔɹ.əl/]
laureled	US	[/ˈlɔɹəld/]
lavabo	US	[/ləˈveɪbəʊ/]
lavishly	US	[/ˈlævɪʃli/]
lawgiver	US	[/ˈlɔˌɡɪv.ɚ/]
lawn	US	[/lɔn/]
lawnmower	US	[/ˈlɔn.moʊ.ɚ/]
layers	US	[/ˈleɪ.ɚz/]
LDP	US	[/ɛldiˈpi/]
leader	US	[/ˈlidɚ/]
leaders	US	[/ˈlidɚz/]
leadership	US	[/ˈlidɚʃɪp/]
leading	US	[/ˈlidɪŋ/]
leakage	US	[/ˈliːkɪd͡ʒ/]
leaned	US	[/lind/]
leap	US	[/lip/]
learn	US	[/lɝn/]
learning	US	[/ˈlɝnɪŋ/]
leashes	US	[/ˈliːʃɪz/]
least	US	[/list/]
leather	US	[/ˈlɛðɚ/]
leave	US	[/liv/]
leaving	US	[/ˈliːvɪŋ/]
lecture	US	[/ˈlɛk.t͡ʃɚ/]
lectures	US	[/ˈlɛkt͡ʃɚz/]
leer	US	[/lɪɹ/]
leery	US	[/ˈlɪɹi/]
legal	US	[/ˈliɡəl/]
legalese	US	[/ˌli.ɡəˈliz/]
legalise	US	[/ˈliːɡəlaɪz/]
legalist	US	[/ˈli.ɡəl.ɪst/]
legally	US	[/ˈliːɡəli/]
legendary	US	[/ˈlɛd͡ʒ.ənˌdɛɹ.i/]
legerdemain	US	[-eɪn, /ˈlɛd͡ʒ.əɹ.dəˌmeɪn/]
legislature	US	[/ˈlɛd͡ʒɪsˌleɪt͡ʃɚ/]
Lego	US	[/ˈlɛɡoʊ/]
Leicester	US	[/ˈlɛstɚ/]
lekker	US	[/ˈlɛkə(ɹ)/]
lemmata	US	[/ˈlɛ.mə.tə/]
lemniscate	US	[/lɛmˈnɪs.kɪt/]
lenient	US	[/ˈliːni.ənt/]
lente	US	[/ˈlɛn.teɪ/]
lenticular	US	[/lɛnˈtɪk.jə.lɚ/]
lentigo	US	[/lɛnˈtaɪɡoʊ/]
Leo	US	[/ˈliːoʊ/]
leonine	US	[/ˈliəˌnaɪn/]
leopard	US	[/ˈlɛpɚd/]
lesbian	US	[/ˈlɛz.bi.ən/]
lesser	US	[/ˈlɛsɚ/]
lesson	US	[/ˈlɛsən/, [ˈlɛsn̩]]
lessons	US	[/ˈlɛsn̩z/]
lest	US	[/lɛst/]
lethally	US	[/ˈliːθəli/]
letter	US	[/ˈlɛtɚ/, [-ɾɚ]]
letterhead	US	[/ˈlɛtə(ɹ)ˌhɛd/]
letters	US	[/ˈlɛtɚz/]
lettuce	US	[[ˈlɛɾɪs], [ˈlɛɾəs]]
leukocyte	US	[/ˈluːkə(ʊ)sʌɪt/]
Levite	US	[/ˈliː.vaɪt/]
lexeme	US	[/ˈlɛkˌsiːm/]
lexemes	US	[/ˈlɛksiːmz/]
lexicon	US	[/ˈlɛk.sɪ.kɑn/]
lezdom	US	[/ˈlɛzˌdɑm/]
LGBT	US	[/ɛl d͡ʒiː biː tiː/]
liability	US	[/laɪəˈbɪlɪti/]
liar	US	[/ˈlaɪ.ɚ/]
libber	US	[/ˈlɪbɚ/]
liberal	US	[/ˈlɪbəɹəl/]
liberality	US	[/ˌlɪbəˈɹælɪti/]
Liberia	US	[/laɪˈbɪɹ.i.ə/]
libertine	US	[/ˈlɪb.ɚ.tin/]
liberty	US	[/ˈlɪb.ɚ.ti/, [ˈlɪb.ɚ.ɾi]]
libidinal	US	[/ləˈbɪ.də.nəl/]
libidinous	US	[/lɪˈbɪ.dɪ.nəs/]
libretto	US	[/lɪˈbɹɛt.oʊ/]
Liechtenstein	US	[/ˈlɪk.tən.staɪn/]
lieder	US	[/ˈlidɚ/]
lieutenant	US	[/l(j)uˈtɛnənt/]
lieutenant	US	[/l(j)uˈtɛnənt/]
lifeboat	US	[/ˈlaɪfˌboʊt/]
lifetime	US	[/ˈlaɪftaɪm/]
Liffey	US	[/ˈlɪfi/]
ligament	US	[/ˈlɪɡəmənt/]
ligation	US	[-eɪʃən]
ligature	US	[/ˈlɪɡət͡ʃɚ/]
lighter	US	[/ˈlaɪtɚ/, [ˈlaɪɾɚ]]
lighthouse	US	[/ˈlaɪthaʊs/]
lighting	US	[/ˈlaɪtɪŋ/, [-ɾɪŋ]]
lightning	US	[/ˈlaɪt.nɪŋ/, [ˈlʌɪ̯ʔ.nɪŋ], [ˈlɐɪ̯ʔ.nɪŋ]]
lignify	US	[/ˈlɪɡnɪfaɪ/]
likewise	US	[/ˈlaɪkˌwaɪz/]
lilies	US	[/ˈlɪliz/]
lilliputian	US	[/ˌlɪlɪˈpjuʃən/]
limeade	US	[/ˈlaɪmeɪd/]
limelight	US	[/ˈlaɪm.laɪt/]
limerence	US	[/ˈlɪməɹəns/]
limerick	US	[/ˈlɪm(ə)ɹɪk/]
Limerick	US	[/ˈlɪm(ə)ɹɪk/]
limited	US	[/ˈlɪmɪtɪd/]
limits	US	[/ˈlɪmɪts/]
linden	US	[/ˈlɪn.dən/]
line	US	[/laɪn/]
lineages	US	[/ˈlɪni.ɪdʒɪz/]
linear	US	[/ˈlɪn.i.əɹ/]
linearithmic	US	[/ˌlɪni.əˈɹɪðmɪk/]
linearity	US	[/ˌlɪniˈæɹəti/, [ˌlɪniˈæɹəɾi], [ˌlɪniˈæɹɾi]]
linen	US	[/ˈlɪnɪn/]
lingo	US	[/ˈliŋ.ɡoʊ/]
linguistically	US	[/lɪŋˈɡwɪstɪk(ə)li/]
linguolabial	US	[-eɪbiəl]
liniment	US	[/ˈlɪnəmənt/]
linkrot	US	[/ˈlɪŋkˌɹɑt/]
linktree	US	[/ˈlɪŋk.tɹi/]
lionize	US	[/ˈlaɪənaɪz/]
liplock	US	[/ˈlɪpˌlɒk/]
liquidate	US	[/ˈlɪkwəˌdeɪt/]
liquidity	US	[/lɪkˈwɪdəti/]
lisps	US	[/lɪsps/]
listened	US	[/ˈlɪsn̩d/]
listener	US	[/ˈlɪs(ə)nɚ/]
listless	US	[/ˈlɪstləs/]
lithium	US	[/ˈlɪθi.əm/]
litotes	US	[/laɪˈtəʊ.tiːz/]
litro	US	[/ˈlɪt.ɹəʊ/]
litter	US	[/ˈlɪtɚ/, [ˈlɪɾɚ]]
litterateur	US	[/ˌlɪtəɹəˈtʊɚ/]
little	US	[/ˈlɪt(ə)l/, [ˈlɪɾɫ̩], [ˈɫɪɾɫ̩]]
liturgical	US	[/lɪˈtɝd͡ʒɪkəl/]
liturgy	US	[/ˈlɪtɚd͡ʒi/]
livelihood	US	[/ˈlaɪvlihʊd/]
lively	US	[/ˈlaɪv.li/]
liver	US	[/ˈlɪvɚ/]
Liverpudlian	US	[/lɪvəˈpʌdlɪ.ən/]
liverwurst	US	[/ˈlɪvɚwɝst/]
livery	US	[/ˈlɪ.və.ɹi/]
lizard	US	[/ˈlɪz.ɚd/]
lo	US	[/loʊ/]
load	US	[/loʊd/]
loaded	US	[/ˈloʊdɪd/]
loan	US	[/loʊn/]
loathe	US	[/ˈloʊð/]
loathing	US	[/ˈloʊðɪŋ/]
lobectomy	US	[-ɛktəmi]
lobster	US	[/ˈlɑb.stɚ/]
lobsterman	US	[/ˈlɒbstə(ɹ)mən/]
lobsterwoman	US	[/ˈlɒbstə(ɹ)wʊmən/]
local	US	[/ˈloʊkl̩/]
locality	US	[/loʊˈkæl.ɪ.ti/]
localization	US	[/ˌləʊkəlaɪˈzeɪʃən/]
location	US	[/loʊˈkeɪʃən/]
locations	US	[/loʊˈkeɪʃən/]
lock	US	[/lɑk/]
Locke	US	[/lɑk/]
locked	US	[/lɑkt/]
locket	US	[/ˈlɑkɪt/]
locks	US	[/lɑks/]
Locktober	US	[/lɑkˈtoʊ.bəɹ/]
locomotive	US	[/ˌloʊkəˈmoʊtɪv/]
locust	US	[/ˈloʊ.kəst/]
lode	US	[/loʊd/]
lodestar	US	[/ˈloʊd.stɑɹ/]
lodestone	US	[/ˈloʊdˌstoʊn/]
lodge	US	[/lɑd͡ʒ/]
lodged	US	[/lɑd͡ʒd/]
lodging	US	[/ˈlɑd͡ʒɪŋ/]
loft	US	[/lɔft/]
lofty	US	[/ˈlɔːfti/]
log	US	[/lɔɡ/]
logger	US	[/ˈlɑɡɚ/]
logic	US	[/ˈlɑ.d͡ʒɪk/]
logical	US	[/ˈlɑd͡ʒɪkəl/]
logicaster	US	[-æstə(ɹ)]
loglang	US	[/ˈlɑɡlæŋ/]
logodaedaly	US	[/ˌloʊ.ɡoʊˈdi.də.li/]
logogram	US	[/ˈlɔː.ɡəˌɡɹæm/]
logological	US	[/ˌlɑɡ.oʊˈlɑd͡ʒ.ɪ.kəl/]
logomachy	US	[/loʊˈɡɑ.mə.ki/]
logorrhea	US	[/ˌlɔ.ɡəˈɹi.ə/, [ˌlɒ-], [-ˈɹiː-]]
logs	US	[/lɔɡz/]
loiter	US	[/ˈlɔɪtɚ/, [ˈlɔɪɾɚ]]
lolcat	US	[/ˈlɑl.kæt/]
lollipop	US	[/ˈlɑ.li.pɑp/]
lollygag	US	[/ˈlɒlɪɡæɡ/]
lone	US	[-əʊn, /loʊn/]
loneliness	US	[/ˈloʊnlinəs/]
lonely	US	[/ˈloʊn.li/]
long	US	[[lɑŋ], [lɑŋ], /lɔŋ/]
longer	US	[/ˈlɔŋ.ɡɚ/]
longest	US	[/ˈlɔŋɡəst/]
longing	US	[/ˈlɔːŋɪŋ/]
longingly	US	[/ˈlɒŋɪŋli/]
longsword	US	[/ˈlɔŋsɔɹd/]
loo	US	[/lu/]
lookbook	US	[/ˈlʊkbʊk/]
loom	US	[/lum/]
loose	US	[/luːs/]
loosen	US	[/ˈluːsn̩/]
looseness	US	[/ˈluːsnəs/]
looter	US	[/ˈlutɚ/]
lope	US	[/loʊp/]
lopes	US	[/loʊps/]
lopsided	US	[/ˈlɑp.saɪ.dɪd/]
loquacious	US	[/loʊˈkweɪʃəs/]
loquat	US	[/ˈloʊkwɑt/]
lord	US	[/lɔɹd/]
lords	US	[/lɔɹdz/]
lore	US	[/loɹ/]
Lorenz	US	[/ləˈɹɛnz/]
los	US	[/lɑs/]
lose	US	[/luːz/]
Loserville	US	[/ˈlu.zɚ.vɪl/]
lossless	US	[/ˈlɒs.ləs/]
lotion	US	[/ˈloʊʃən/]
lots	US	[/lɑts/]
lottery	US	[/ˈlɑtɚi/]
lotus	US	[/ˈloʊtəs/]
louder	US	[/ˈlaʊdɚ/]
loudly	US	[/ˈlaʊdli/]
lough	US	[/lɑk/]
Lovecraftian	US	[/lʌvˈkɹæfti.ən/]
lovelier	US	[/ˈlʌv.li.ə(ɹ)/]
lovely	US	[/ˈlʌv.li/]
lover	US	[/ˈlʌvɚ/]
lovers	US	[/ˈlʌvɚz/]
low	US	[/ˈloʊ/]
lowed	US	[/loʊd/]
lower	US	[/ˈloʊ.ɚ/]
lowered	US	[/ˈloʊɚd/]
lowly	US	[/ˈloʊli/]
lowness	US	[-əʊnəs]
lows	US	[-əʊz]
lox	US	[/lɑks/]
loyalty	US	[/ˈlɔɪəlti/]
LRRP	US	[/lɝp/]
luan	US	[/ˈlu(w)ɑn/]
lubricity	US	[/luːˈbɹɪsɪti/]
Luci	US	[-uːsi]
luck	US	[/lʌk/]
Lucknow	US	[/ˈlʌknaʊ/]
lucubrate	US	[/ˈluː.kjə.bɹeɪt/]
Luddite	US	[[ˈlʌ.ɾaɪt]]
ludicrous	US	[/ˈluː.dɪ.kɹəs/]
lugubrious	US	[/ləˈɡ(j)u.bɹi.əs/]
lullaby	US	[/ˈlʌləbaɪ/]
lumber	US	[/ˈlʌm.bɚ/]
lumberjack	US	[/ˈlʌm.bɚ.d͡ʒæk/]
luminary	US	[/ˈluməˌnɛɹi/]
luminosity	US	[-ɒsɪti]
lunacy	US	[/ˈluː.nə.si/]
lunar	US	[/ˈlunɚ/]
lunchbox	US	[/ˈlʌntʃˌbɒks/]
lunchtime	US	[/ˈlʌnt͡ʃtaɪm/]
lunette	US	[/luːˈnɛt/]
lupus	US	[-uːpəs]
lurch	US	[/lɝt͡ʃ/]
lurker	US	[/ˈlɝ.kɚ/]
luster	US	[/ˈlʌstɚ/]
lute	US	[/luːt/]
lutefisk	US	[/ˈluːtəfɪsk/]
lutetium	US	[/ljuːˈtiːʃiəm/]
luxate	US	[/ˈlʌk.seɪt/]
Luxembourg	US	[/ˈlʌk.səm.bɝɡ/]
Luxembourgish	US	[/ˈlʌksəmˌbɝɡɪʃ/]
Lydian	US	[/ˈlɪ.di.ən/]
lynching	US	[/lɪnt͡ʃɪŋ/]
lynching	US	[/lɪnt͡ʃɪŋ/]
lyric	US	[/ˈlɪɹɪk/]
lyrics	US	[/ˈlɪɹ.ɪks/]
macaron	US	[/mɑkəˈɹoʊn/]
macaronic	US	[/ˌmækəˈɹɑnɪk/]
MacGuffin	US	[/məˈɡʌf.ɪn/]
MacGyver	US	[/məˈɡaɪvɚ/]
machine	US	[/məˈʃin/]
machines	US	[/məˈʃinz/]
machinima	US	[/məˈʃɪnɪmə/]
mackerel	US	[/ˈmæk(ə)ɹəl/]
macrocosm	US	[/ˈmæk.ɹəˌkɑz.əm/]
macromolecule	US	[/ˈmækɹəʊˌmɒlɪkjuːl/]
macrophallus	US	[/ˌmækɹoʊˈfæləs/]
Madagascar	US	[/mædəˈɡæskɑɹ/]
madarotic	US	[/ˌmæd.əˈɹɑt.ɪk/]
madcap	US	[/ˈmædkæp/]
madder	US	[/ˈmædɚ/, [ˈmæɾɚ]]
madman	US	[/ˈmædˌmæn/]
Madonna	US	[/məˈdɒnə/]
magic	US	[/ˈmæd͡ʒɪk/]
magical	US	[/ˈmæd͡ʒɪkəl/]
magistracy	US	[/ˈmæd͡ʒəstɹəsi/]
magnetometer	US	[/ˌmæɡnɪˈtɑmɪtɚ/]
magnification	US	[/ˌmæɡnɪfɪˈkeɪʃən/]
magnificence	US	[/mæɡˈnɪfɪsəns/]
magnificent	US	[/mæɡˈnɪfəsənt/]
magnolia	US	[/ˌmæɡˈnoʊ.li.ə/]
maidenhair	US	[/ˈmeɪdənhɛəɹ/]
maids	US	[/meɪdz/]
mail	US	[[meːɫ], [meːɫ]]
mainer	US	[/ˈmeɪnɚ/]
Majesty	US	[/ˈmæd͡ʒ.ə.sti/]
makeless	US	[/meɪkləs/]
Makemake	US	[/ˈmɑ.keˈmɑke/]
makeshift	US	[/ˈmeɪkˌʃɪft/]
Malachi	US	[/ˈmæləkaɪ/]
malady	US	[/ˈmæl.ə.di/]
malapropism	US	[/ˈmæləpɹɑpˌɪzəm/]
Malayalam	US	[/ˌmɑː.ləˈjɑː.ləm/]
Malays	US	[/məˈleɪz/]
male	US	[/meɪl/]
malefactor	US	[/ˈmæləˌfæktɚ/]
maleficence	US	[/məˈlɛfɪsəns/]
maleficent	US	[/məˈlɛf.ɪ.sənt/]
malevolent	US	[/məˈlɛvələnt/]
malfeasance	US	[/ˌmælˈfiːzəns/]
Malibu	US	[/ˈmælɪbuː/]
malice	US	[/ˈmælɪs/]
malignant	US	[/məˈlɪɡnənt/]
malinger	US	[/məˈlɪŋɡɚ/]
malintent	US	[/ˌmæl.ɪnˈtɛnt/]
mall	US	[/mɔːl/]
mallard	US	[/ˈmælɚd/]
mallemaroking	US	[/ˌmæləməˈɹoʊkɪŋ/]
mallow	US	[/ˈmæloʊ/]
malodorous	US	[/ˌmælˈoʊ.də.ɹəs/]
maltreatment	US	[/malˈtɹit.mɛnt/]
malware	US	[/ˈmæl.weə(ɹ)/]
mama	US	[/ˈmɑmə/]
mammal	US	[/ˈmæməl/]
man	US	[/mæn/, [mɛən], [meən], [mẽə̃n]]
Man	US	[-æn]
manageable	US	[/ˈmænəd͡ʒəb(ə)l/]
manager	US	[/ˈmæn.ə.d͡ʒɚ/, [ˈmeən.ə.d͡ʒɚ]]
mandapa	US	[/ˈmʌndəpə/]
mandate	US	[/ˈmændeɪt/]
mandatory	US	[/ˈmæn.dəˌt(ɔ)ɹi/]
mandolin	US	[/ˈmændəlɪn/]
maneuver	US	[/məˈnuːvɚ/]
mango	US	[/ˈmæŋɡoʊ/, [ˈmeɪŋɡoʊ]]
mangorita	US	[/ˌmæŋɡoʊˈɹi.tə/]
manhandle	US	[/ˈmænˌhæn.dəl/]
manhole	US	[/mænhəʊl/]
manifestly	US	[/ˈmæn.ɪ.fɛst.li/]
manime	US	[/ˈmæ.nɪ.meɪ/]
maniple	US	[/ˈmænəpəl/]
manipulable	US	[/məˈnɪpjʊləbəl/]
manipulatable	US	[/məˈnɪpjəˌleɪtəbəl/, [-ɾə]]
manipulate	US	[/məˈnɪp.jə.leɪt/]
Manipur	US	[/ˌmənɪpʊɹ/]
Manitowoc	US	[/ˈmænɪtəˌwɔːk/]
manliness	US	[/ˈmænlɪnəs/]
manner	US	[/ˈmænɚ/]
mannerism	US	[/ˈmænəˌɹɪzəm/]
manners	US	[/ˈmæn.ɚz/]
manoeuvre	US	[/məˈnuːvɚ/]
manorial	US	[-ɔːɹiəl]
manque	US	[/mɒŋˈkeɪ/]
manservant	US	[/ˈmænˌsɜː(ɹ)vənt/]
mansuetude	US	[/mænˈsuət(j)ud/]
mantelpiece	US	[/ˈmæntlpiːs/]
mantis	US	[/ˈmæntɪs/]
mantlet	US	[/ˈmæntlət/]
manual	US	[/ˈmæn.j(u)əl/]
manufactured	US	[/ˌmænjəˈfækt͡ʃɚd/]
manufacturer	US	[/ˌmænjəˈfækt͡ʃəɹɚ/]
manufacturing	US	[/ˌmænjəˈfækt͡ʃəɹɪŋ/]
manure	US	[/məˈn(j)ʊɹ/]
manuscript	US	[/ˈmæn.jəˌskɹɪpt/]
many	US	[/ˈmɛni/]
Marathi	US	[/məˈɹɑːti/]
marathoner	US	[/ˈmæ.ɹæ.θən.ə(ɹ)/]
marble	US	[/ˈmɑɹ.bəl/]
march	US	[/mɑɹt͡ʃ/]
March	US	[/mɑɹt͡ʃ/]
marched	US	[/mɑɹt͡ʃt/]
marches	US	[/ˈmɑɹt͡ʃɪz/]
marching	US	[/ˈmɑɹt͡ʃɪŋ/]
mare	US	[/mɛɚ/]
margin	US	[/ˈmɑːɹd͡ʒ(ə)n/]
marginally	US	[/ˈmɑɹd͡ʒɪnəli/]
marine	US	[/məˈɹiːn/]
marital	US	[/ˈmæɹɪtəl/]
maritozzo	US	[/ˌmɑɹɪˈtoʊtsoʊ/]
mark	US	[/mɑɹk/]
marked	US	[/mɑɹkt/]
marked	US	[/ˈmɑɹ.kɪd/, -əd]
markedly	US	[/ˈmɑːkɪdli/]
market	US	[/ˈmɑɹkɪt/]
marks	US	[/mɑɹks/]
marksman	US	[/ˈmɑɹksmən/]
markup	US	[/ˈmɑː(ɹ)k.ʌp/]
marmalade	US	[/ˈmɑɹ.mə.leɪd/]
marquess	US	[/ˈmɑɹ.kwɪs/]
marquetry	US	[/ˈmɑːkɪtɹi/]
marquise	US	[/mɑː(ɹ)ˈkiːz/]
mars	US	[/ˈmɑɹz/]
Mars	US	[/ˈmɑɹz/]
marsh	US	[/mɑɹʃ/]
marshal	US	[/ˈmɑɹʃəl/]
Marshall	US	[/ˈmɑɹʃəl/]
marten	US	[/ˈmɑɹ.tən/, [ˈmɑɹ.ʔn̩]]
Martial	US	[/ˈmɑɹʃəl/]
martin	US	[/ˈmɑɹ.tɪn/]
martyr	US	[/ˈmɑɹ.tɚ/, [ˈmɑɹ.ɾɚ]]
martyrdom	US	[/ˈmɑː(ɹ).tə(ɹ).dəm/]
marvel	US	[/ˈmɑɹvl̩/]
marvellous	US	[/ˈmɑɹvələs/]
marvelous	US	[/ˈmɑɹvələs/]
Marxism	US	[/ˈmɑɹksɪzəm/]
Marxist	US	[/ˈmɑːɹksɪst/]
masculine	US	[/ˈmæskjələn/]
mask	US	[/mæsk/]
masochistic	US	[/ˌmæ.səˈkɪs.tɪk/]
masonry	US	[/ˈmeɪsənɹi/]
massacre	US	[/ˈmæs.ə.kə(ɹ)/]
masses	US	[/ˈmæs.ɪz/]
massicot	US	[/ˈmæsɪkəʊ/]
master	US	[/ˈmæs.tɚ/]
Master	US	[-æstə(ɹ)]
mastermind	US	[/ˈmæs.tɚˌmaɪnd/]
masterpiece	US	[/ˈmæstɚˌpis/]
masters	US	[/ˈmæs.tɚz/]
masticate	US	[/ˈmæstɪkeɪt/]
masturbate	US	[/ˈmæs.tɚ.beɪt/]
masturbation	US	[/ˌmæstɚˈbeɪʃən/]
masturbatorium	US	[/ˌmæstɜː(ɹ)bəˈtɔːɹi.əm/]
masturbatory	US	[/ˈmæs.tɚ.bəˌtɔːr.i/]
mat	US	[/mæt/, [mæʔ(t̚)]]
matadero	US	[/ˌmɑːtəˈdɛəɹəʊ/]
matcha	US	[/ˈmɑ.t͡ʃə/]
matchmaking	US	[/ˈmæt͡ʃˌmeɪkɪŋ/]
mate	US	[/meɪt/]
materialist	US	[/məˈtiːɹɪəlɪst/]
materials	US	[/məˈtɪɹi.əlz/]
mathematicaster	US	[-æstə(ɹ)]
matrices	US	[/ˈmeɪtɹɪsiːz/]
matrimony	US	[/ˈmæt.ɹɪˌmoʊ.ni/]
Matt	US	[/mæt/, [mæʔ(t̚)]]
matter	US	[/ˈmætɚ/, [-ɾɚ]]
matters	US	[/ˈmætɚz/, [-ɾɚz]]
maudlin	US	[/ˈmɔːd.lɪn/]
mauger	US	[/ˈmɔɡɚ/]
maugre	US	[/ˈmɔɡɚ/]
maunder	US	[/ˈmɔndɚ/]
Mauritania	US	[/ˌmɔːɹɪˈteɪni.ə/]
mausoleum	US	[/ˌmɔ.səˈli.əm/]
maverick	US	[/ˈmævəɹɪk/]
Mayan	US	[-aɪən]
mayhap	US	[/ˈmeɪhæp/]
mayonnaise	US	[/ˈmæn.eɪz/, [ˈmɛən-]]
mazuma	US	[/məˈzuːmə/]
me	US	[/mi/]
meadow	US	[/ˈmɛd.oʊ/, [ˈmɛɾoʊ]]
meager	US	[/ˈmiɡɚ/]
meal	US	[/mil/, [miəɫ]]
meaning	US	[/ˈminɪŋ/]
meaningless	US	[/ˈmiːnɪŋləs/]
meanly	US	[/ˈmiːnli/]
means	US	[/minz/]
meantime	US	[/ˈmiːntaɪm/]
measles	US	[/ˈmizəlz/]
measure	US	[/ˈmɛʒ.ɚ/]
measures	US	[/ˈmɛʒɚz/]
meat	US	[/mit/]
meatloaf	US	[/ˈmit.loʊf/]
mechanical	US	[/məˈkænəkəl/]
mechanics	US	[/məˈkænɪks/]
mechanise	US	[/ˈmɛkənaɪz/]
mechanism	US	[/ˈmɛk.ə.nɪ.zəm/, [ˈmɛk.ə.nɪ.zm̩]]
mechanize	US	[/ˈmɛkənaɪz/]
meddle	US	[/ˈmɛd.əl/]
medevac	US	[/ˈmɛdɪvæk/]
media	US	[/ˈmi.di.ə/]
mediatrix	US	[/ˈmiːdɪətɹɪks/]
Medicaid	US	[/ˈmɛdɪˌkeɪd/]
medical	US	[/ˈmɛdɪkl̩/]
medicine	US	[/ˈmɛd.ɪ.sɪn/]
Medina	US	[/məˈdinə/]
mediocre	US	[/ˌmidiˈoʊkəɹ/]
Mediterranean	US	[/ˌmɛdɪtəˈɹeɪnɪən/, [mɛɾəɾəˈɹeɪnɪən], [mɛdɪtəˈɹeɪnjən]]
medlar	US	[/ˈmɛdlɚ/]
medtech	US	[/ˈmɛdtɛk/]
Medusa	US	[/məˈduːsə/]
mee	US	[/mi/]
meet	US	[/mit/]
meeting	US	[/ˈmitɪŋ/, [ˈmiɾɪŋ]]
meetings	US	[/ˈmiːtɪŋz/]
megaton	US	[/ˈmɛɡəˌtʌn/]
Meghalaya	US	[/ˌmeɪɡəˈleɪə/]
meh	US	[/mɛ/]
meiosis	US	[/maɪˈoʊ.sɪs/]
melamine	US	[/ˈmɛl.ə.min/]
melancholia	US	[-əʊliə]
melancholy	US	[/ˈmɛl.ənˌkɑ.li/]
Melchizedek	US	[/mɛlˈkɪzədɛk/]
mellow	US	[/ˈmɛloʊ/]
melodeon	US	[/məˈloʊdi.ən/]
melodic	US	[[məˈlɑɾɪk]]
melody	US	[/ˈmɛl.ə.di/]
member	US	[/ˈmɛmbɚ/]
members	US	[/ˈmɛmbɚz/]
memester	US	[/mimstɚ/]
memey	US	[/ˈmiːmi/]
memoir	US	[/ˈmɛmˌwɑɹ/]
memoirs	US	[/ˈmɛmˌwɑɹz/]
memories	US	[/ˈmɛm(ə)ɹiz/]
memorize	US	[/ˈmɛm.əˌɹaɪ̯z/]
men	US	[/mɛn/]
menarche	US	[/mɛˈnɑːki/]
mendaciously	US	[/mɛnˈdeɪʃəsli/]
mendelevium	US	[/ˌmɛndəˈliːviəm/]
mendicant	US	[/ˈmɛn.dɪ.kənt/]
menhir	US	[/ˈmɛnˌ(h)ɪ(ə)ɹ/]
mentally	US	[/ˈmɛntəli/]
mentioned	US	[/ˈmɛnʃənd/]
mentioning	US	[/ˈmɛnʃənɪŋ/]
mentions	US	[/ˈmɛnʃənz/]
meows	US	[-aʊz]
mercaptan	US	[/məˈkapt(ə)n/]
merchant	US	[/ˈmɝt͡ʃənt/]
merchants	US	[/ˈmɝt͡ʃənts/]
merciful	US	[/ˈmɝsɪfl̩/]
mercifully	US	[/ˈmɝ.sɪf(.ə)li/]
mercy	US	[/ˈmɝsi/]
mere	US	[/mɪɚ/]
merely	US	[/ˈmɪɹli/]
merge	US	[/mɝd͡ʒ/]
merits	US	[/ˈmɛɹ.ɪts/]
merlon	US	[/ˈmɝl(ə)n/]
mermaid	US	[/ˈmɝ.meɪd/]
merrily	US	[/ˈmɛɹɪli/]
meself	US	[-ɛlf]
meso	US	[/ˈmeɪːsoʊ/]
messages	US	[/ˈmɛsɪd͡ʒɪz/]
messenger	US	[/ˈmɛs.n̩.d͡ʒɚ/]
messengers	US	[/ˈmɛs.n̩.d͡ʒɚz/]
metadata	US	[/ˈmɛt.əˌdeɪ.tə/, [ˈmɛɾ.əˌdeɪ.ɾə]]
metal	US	[[ˈmɛɾɫ̩], [ˈmɛɾɫ̩]]
metallurgy	US	[/ˈmɛt.əˌlɚ.d͡ʒi/]
metaphor	US	[/ˈmɛt.ə.foɹ/]
metaphorical	US	[/ˌmɛtəˈfɔːɹɪkəl/]
metaphysical	US	[/ˌmɛtəˈfɪzɪkəl/]
metaphysics	US	[/mɛtəˈfɪzɪks/]
meteoritics	US	[/miːtɪəˈɹɪtɪks/]
meteorology	US	[/ˌmiːti.əˈɹɑləd͡ʒi/]
meter	US	[/ˈmitəɹ/, [ˈmiɾɚ]]
methinkst	US	[/miːˈθɪŋkst/]
methods	US	[/ˈmɛθədz/]
methylchloroisothiazolinone	US	[/ˌmɛθɪlˌklɔːɹəʊˌaɪsəʊˌθaɪəˈzəʊlɪnəʊn/]
metings	US	[/ˈmiːtɪŋz/]
metonymy	US	[/mɪˈtɑnəmi/]
metoprolol	US	[/məˈtoʊ.pɹəˌlɔl/]
metre	US	[/ˈmiːtəɹ/, [ˈmiːɾɚ]]
metrical	US	[/ˈmɛtɹɪkl̩/]
metro	US	[/ˈmɛtɹoʊ/]
metromania	US	[-eɪniə]
metronome	US	[/ˈmɛt.ɹəˌnoʊm/]
metropolis	US	[/məˈtɹɑpəlɪs/]
metropolitan	US	[/mɛtɹəˈpɑlɪt(ə)n/, [-ɾ(ə)n]]
MexiCoke	US	[/ˈmɛksɪkəʊk/]
meze	US	[/ˈmɛzeɪ/]
microcephaly	US	[-ɛfəli]
microcontroller	US	[/ˈmaɪkɹoʊkənˌtɹoʊlɚ/]
microcosm	US	[/ˈmaɪ.kɹəˌkɑz.əm/]
microfiche	US	[/ˈmaɪ.kɹoʊˌfiːʃ/]
microgravity	US	[-ævɪti]
micromole	US	[-əʊl]
micronation	US	[/ˈmaɪ.kɹoʊˌneɪ.ʃən/]
micropatriology	US	[/ˌmaɪkɹəʊˌpeɪtɹiˈɒlədʒi/]
micropenis	US	[/ˈmaɪkɹoʊˈpinɪs/]
middle	US	[/ˈmɪdəl/, [ˈmɪ.ɾɫ̩]]
midrib	US	[/ˈmɪdrɪb/]
midterm	US	[/ˈmɪdˌtɚm/]
midwifery	US	[/ˈmɪdˌwaɪfəɹi/]
mightily	US	[/ˈmaɪtɪli/]
mighty	US	[/ˈmaɪti/, [ˈmʌɪɾi]]
Mii	US	[-iː]
militarization	US	[/ˌmɪ.lɪ.tə.ɹaɪˈzeɪ.ʃn̩/]
military	US	[/ˈmɪl.ɪˌtɛɹ.i/]
milk	US	[/mɪlk/]
milksop	US	[/ˈmɪlkˌsɒp/]
miller	US	[/ˈmɪlɚ/]
milligram	US	[/ˈmɪlɪɡɹæm/]
millions	US	[/ˈmɪljənz/]
millipede	US	[/ˈmɪləpid/]
mimosa	US	[/mɪˈmoʊ.sə/]
minaret	US	[/mɪnəˈɹɛt/]
mindfuck	US	[/maɪnd.fʌk/]
mindful	US	[/ˈmaɪnd.fəl/]
mindfulness	US	[/ˈmaɪndfəlnəs/]
mine	US	[/maɪ̯n/]
Minecraftian	US	[/ˈmaɪnkræftiən/]
mineralogy	US	[/ˌmɪnəˈɹɑləd͡ʒi/]
mingled	US	[/ˈmɪŋɡl̩d/]
minibus	US	[/ˈmɪ.ni.bəs/]
minim	US	[/ˈmɪ.nɪm/]
minimal	US	[/ˈmɪn.ə.məl/]
minimalist	US	[/ˈmɪn.ə.məl.ɪst/]
minimum	US	[/ˈmɪnəməm/]
miniskirt	US	[/ˈmɪnɪskəːt/]
Minneapolis	US	[/mɪniˈæpəlɪs/]
Minneapolis	US	[/mɪniˈæpəlɪs/]
minor	US	[/ˈmaɪ.nəɹ/]
minoress	US	[/ˈmaɪnərɪs/]
minstrel	US	[/ˈmɪnstɹ(ə)l/]
minuet	US	[-ɛt]
minutes	US	[/ˈmɪnɪts/]
mirth	US	[/mɜɹθ/, [mɝθ]]
misbehave	US	[-eɪv]
misbehavior	US	[/ˌmɪsbəˈheɪvjɚ/]
misbehaviour	US	[/ˌmɪsbəˈheɪvjɚ/]
miscalculate	US	[/mɪsˈkælkjʊleɪt/]
miscall	US	[/mɪskɔːl/]
mischance	US	[/mɪsˈtʃɑːns/]
mischief	US	[/ˈmɪst͡ʃɪf/]
mischief	US	[/ˈmɪst͡ʃɪf/]
mischievousness	US	[/ˈmɪst͡ʃɪvəsnəs/]
misconception	US	[/ˌmɪskənˈsɛp.ʃən/]
miscreant	US	[/ˈmɪs.kɹi.ənt/]
miserable	US	[/ˈmɪz(ə)ɹəbəl/]
misery	US	[/ˈmɪz(ə)ɹi/]
misfortune	US	[/mɪsˈfɔɹt͡ʃən/]
misheard	US	[/ˈmɪs.hɝd/]
mishegoss	US	[/ˌmɪʃəˈɡɒs/]
misherd	US	[/ˈmɪs.hɝd/]
misinformation	US	[/ˌmɪs.ɪn.fɚˈmeɪ.ʃən/]
mismanage	US	[/mɪsˈmæ.nədʒ/]
misnomer	US	[/mɪsˈnoʊmɚ/]
misogynist	US	[/mɪˈsɑd͡ʒ.ən.ɪst/]
misogyny	US	[/mɪˈsɑd͡ʒ.ɪ.ni/]
misremember	US	[/mɪsɹɪˈmɛmbɚ/]
misrepresentation	US	[/mɪsˌɹɛpɹɪzɛnˈteɪʃən/, -eɪʃən]
mission	US	[/ˈmɪʃən/]
missionary	US	[/ˈmɪʃ.əˌnɛɹ.ɪ/]
missions	US	[/ˈmɪʃənz/]
Mississippi	US	[/ˌmɪ.sɪˈsɪ.pi/]
Mississippian	US	[/ˌmɪ.sɪˈsɪ.pi.ən/]
mistakenly	US	[/mɪˈsteɪ.kən.li/]
mister	US	[[ˈmɪstɚ]]
Mister	US	[[ˈmɪstɚ]]
mistook	US	[/mɪsˈtʊk/]
mistress	US	[/ˈmɪstɹɪs/]
misunderstanding	US	[/ˌmɪsʌndɚˈstændɪŋ/]
misunderstood	US	[/ˌmɪs.ʌn.dɚˈstʊd/]
mitigate	US	[/ˈmɪt.ɪ.ɡeɪt/]
mixture	US	[/ˈmɪkst͡ʃɚ/]
Mizoram	US	[/ˌmɪzəˈɹæm/]
mizuna	US	[-uːnə]
mizzenmast	US	[/ˈmɪz.ənˌmæst/]
mmm	US	[[m̩ː]]
mnemonics	US	[/nəˈmɑn.ɪks/]
mnemonics	US	[/nəˈmɑn.ɪks/]
moan	US	[/moʊn/]
mob	US	[/mɑb/]
mockery	US	[/ˈmɑkəɹi/]
mocking	US	[/ˈmɑkɪŋ/]
mockingbird	US	[/ˈmɑkɪŋˌbɝd/]
mode	US	[/moʊd/]
moderation	US	[/ˌmɑdəˈɹeɪʃən/]
modern	US	[/ˈmɑdɚn/]
modest	US	[/ˈmɑdəst/]
modesty	US	[/ˈmɒd.ə.sti/]
modification	US	[/ˌmɑdɪfɪˈkeɪʃən/]
modified	US	[/ˈmɑdɪfaɪd/]
modify	US	[/ˈmɑdɪfaɪ/]
modular	US	[/ˈmɒdjʊlə(ɹ)/]
modulation	US	[/ˌmɑd͡ʒəˈleɪʃən/]
moeshit	US	[/ˈmoʊ.eɪ.ʃɪt/]
Mohawk	US	[/ˈmoʊhɔːk/]
moisture	US	[/ˈmɔɪs.t͡ʃɚ/]
molal	US	[/ˈməʊləl/]
molarity	US	[-æɹɪti]
molasses	US	[[məˈlæ.sɪz], [mɵˈlæ.sɪz]]
mold	US	[/moʊld/]
molding	US	[/ˈmoʊl.dɪŋ/]
mollify	US	[/ˈmɒlɪfaɪ/]
mollusc	US	[/ˈmɑləsk/]
mollycoddle	US	[/ˈmɑl.iˌkɑd.əl/]
mom	US	[/mɑm/, [mɑ̃m]]
momentous	US	[/moʊˈmɛn.təs/]
moments	US	[/ˈmoʊmənts/]
momentum	US	[/ˌmoʊˈmɛntəm/]
momma	US	[/ˈmɑmə/]
mommy	US	[/ˈmɑmi/]
momo	US	[/ˈməʊməʊ/]
momzilla	US	[/mɑmˈzɪlə/]
Monaco	US	[/ˈmɑ.nə.koʊ/]
monarchy	US	[/ˈmɑnɚki/]
mondegreen	US	[/ˈmɑndəɡɹiːn/]
money	US	[/ˈmʌni/]
Mongolia	US	[/mɑŋˈɡoʊli.ə/]
moniker	US	[/ˈmɑn.ɪ.kɚ/]
monkeys	US	[/ˈmʌŋkiz/]
monoamine	US	[/mɒnəʊˈeɪmiːn/]
monobasic	US	[-eɪsɪk]
monogamy	US	[/məˈnɑɡəmi/]
monoid	US	[/ˈmɒnɔɪd/]
monokini	US	[/mɒnə(ʊ)ˈkiːni/]
monolith	US	[/ˈmɑn.əˌlɪθ/]
monolithic	US	[/ˌmɑ.nəˈlɪθ.ɪk/]
monomania	US	[/ˌmɑnoʊˈmeɪni.ə/]
monopolize	US	[/məˈnɒpəlʌɪz/]
monopoly	US	[/məˈnɑpəli/]
monopsony	US	[/məˈnɑpsəni/]
monotheism	US	[/ˌmɑnoʊ̯ˈθiɪzm̩/]
monotheistic	US	[/ˌmɑnəθiˈɪstɪk/]
monotone	US	[/ˈmɑː.nə.toʊn/]
monotonic	US	[/ˌmɑnəˈtɑnɪk/]
Monrovia	US	[/mənˈroʊviə/]
monsoon	US	[/mɑnˈsuːn/]
Montana	US	[/mɑnˈtænə/]
montane	US	[/mɑnˈteɪn/]
montero	US	[/mɒnˈtɛəɹoʊ/]
Montgomery	US	[/məntˈɡʌməɹi/]
month	US	[/mʌnθ/]
moo	US	[/mu/]
mooch	US	[-uːtʃ]
moodiness	US	[/ˈmuːdɪnəs/]
mooer	US	[-uːə(ɹ)]
moon	US	[/mun/]
Moon	US	[/mun/]
Moon	US	[/mun/]
moonbeam	US	[/ˈmun.bim/]
moonlight	US	[/ˈmunˌlaɪt/]
moonmoon	US	[/munmun/]
moonquake	US	[-eɪk]
moonstruck	US	[/ˈmun.stɹʌk/]
moose	US	[/muːs/]
mop	US	[/mɑp/]
mopey	US	[/ˈmoʊpi/]
MOPP	US	[/mɑp/]
moral	US	[/ˈmoɹəl/]
morally	US	[/ˈmɔɹəli/]
morals	US	[/ˈmɔɹəlz/]
moratorium	US	[/ˌmɔ.ɹəˈtɔ.ɹi.əm/]
morbid	US	[/ˈmɔɹ.bɪd/]
more	US	[/moɹ/]
moreover	US	[/mɔɹˈoʊvɚ/]
morgan	US	[/ˈmɔɹɡən/]
morgue	US	[/moɹɡ/, [mo̞ɹɡ]]
moribund	US	[/ˈmɔːɹɪbʌnd/]
Mormon	US	[/ˈmɔɹmən/]
Mormon	US	[/ˈmɔɹmən/]
morning	US	[/ˈmɔɹnɪŋ/, [ˈmõ̞ɹ̃nɪ̃ŋ], [ˈmõ̞ɹ̃nɪ̃ŋ]]
moronic	US	[/mɔɹˈɑnɪk/]
morphine	US	[/ˈmɔɹˌfin/]
morphological	US	[/ˌmɔɹfəˈlɑd͡ʒɪkəl/]
morphophonology	US	[/ˌmɒ(ɹ).foʊˌfɒnˈɒl.ə.d͡ʒi/]
morris	US	[/ˈmɒɹɪs/]
morrow	US	[/ˈmɑɹ.oʊ/]
morsel	US	[/ˈmɔɹsəl/]
mortal	US	[/ˈmɔɹtəl/]
mortality	US	[/mɔɹˈtælɪti/]
mortally	US	[/ˈmɔːtəli/]
mortuary	US	[/ˈmɔɹt͡ʃəˌwɛɹi/]
mosey	US	[/ˈmoʊ.zi/]
Mosley	US	[/ˈmoʊzli/]
mosque	US	[/mɑsk/]
mosquito	US	[/məˈski.toʊ/]
moss	US	[/mɔs/]
mossy	US	[/ˈmɑːsi/]
most	US	[/ˈmoʊst/]
mostly	US	[/ˈmoʊstli/]
moth	US	[/mɔθ/]
mother	US	[/ˈmʌðɚ/]
motherboard	US	[/ˈmʌðɚˌbɔɹd/]
motherfreaking	US	[/ˈmʌðə(ɹ)ˌfɹiːkɪŋ/]
motherland	US	[/ˈmʌðɚˌlænd/]
motile	US	[/ˈməʊtaɪl/]
motion	US	[/ˈmoʊ.ʃən/]
motionless	US	[/ˈmoʊʃənlɛs/]
motive	US	[/ˈmoʊtɪv/]
motives	US	[/ˈmoʊtɪvz/]
motorcycle	US	[/ˈmoʊtɚˌsaɪkəl/, [ˈmoʊɾɚˌsaɪkl̩]]
motto	US	[/ˈmɑ.toʊ/]
mould	US	[/moʊld/]
mountain	US	[/ˈmaʊn.tən/, [ˈmaʊn.tn̩], [ˈmãʊ̯̃(n)ʔn̩], [ˈmæ̃ʊ̯̃(n)ʔn̩]]
mountaineer	US	[/ˌmaʊn.tɪnˈɪɹ/, [ˌmãʊ̯̃(n)ʔn̩ˈiəɹ], [ˌmæ̃ʊ̯̃(n)ʔn̩ˈiəɹ]]
mountains	US	[/ˈmaʊntn̩z/]
mountebank	US	[/ˈmaʊntəˌbæŋk/]
mournful	US	[/ˈmɔɹnfəl/]
mouse	US	[/maʊs/]
mousetrap	US	[/ˈmaʊsˌtɹæp/]
mousse	US	[/muːs/]
mousse	US	[/muːs/]
mouthpiece	US	[/ˈmaʊθˌpiːs/]
movement	US	[/ˈmuːv.mənt/]
movements	US	[/ˈmuːv.mənts/]
mow	US	[/moʊ/]
mower	US	[/ˈmoʊ.ɚ/]
mu	US	[/mju/]
much	US	[/mʌt͡ʃ/]
muck	US	[/mʌk/]
mucosa	US	[-əʊsə]
muddle	US	[/ˈmʌd(ə)l/]
muffler	US	[/ˈmʌflɚ/]
mukbanger	US	[/ˈmʌkbɑŋə(ɹ)/]
mulberry	US	[/ˈmʌlbɛɹi/]
mulching	US	[/mʌlt͡ʃɪŋ/]
mulcts	US	[-ʌlkts]
mulls	US	[-ʌlz]
multitude	US	[/ˈmʌltəˌt(j)ud/]
mumpsimus	US	[/ˈmʌmpsɪməs/]
municipality	US	[/mjʊˌnɪsɪˈpælɪti/]
murder	US	[/ˈmɝ.dɚ/]
murdered	US	[/ˈmɝ.dɚd/]
murderer	US	[/ˈmɝdɚɚ/]
murderess	US	[/ˈmɝdəɹəs/]
murmur	US	[/ˈmɝ.mɚ/]
murmured	US	[/ˈmɝ.mɚd/]
muscle	US	[/ˈmʌs(ə)l/]
muscles	US	[/ˈmʌsəlz/]
Muscovite	US	[/ˈmʌs.kəˌvaɪt/]
muse	US	[-uːz]
museum	US	[/mjuˈziəm/]
mush	US	[/mʊʃ/]
music	US	[/ˈmjuzɪk/]
musical	US	[/ˈmju.zɪ.kəl/]
musicality	US	[/ˌmju.zɪˈkæ.lɪ.ti/]
musically	US	[/ˈmjuːzɪkəli/]
musicaster	US	[-æstə(ɹ)]
mustard	US	[/ˈmʌstəɹd/]
muster	US	[/ˈmʌs.tɚ/]
mutability	US	[/ˌmjutəˈbɪlɪti/, [ˌmjuɾəˈbɪləɾi]]
mutilation	US	[-eɪʃən]
mutter	US	[/ˈmʌtɚ/]
muttered	US	[/ˈmʌtɚd/]
mutton	US	[/ˈmʌtn̩/, [ˈmʌʔn̩]]
mutual	US	[/ˈmjuːt͡ʃuəl/]
mutualism	US	[/ˈmju.t͡ʃu.əˌlɪz.m̩/]
my	US	[/maɪ/]
myonymy	US	[/maɪˈɒnɪmi/]
myopia	US	[/maɪˈoʊ.pi.ə/]
myriagon	US	[/ˈmiɹiəɡɑn/]
myrtle	US	[/ˈmɝtl̩/, [ˈmɝtɫ̩], [ˈmɝɾɫ̩]]
mysteries	US	[/ˈmɪst(ə)ɹiz/]
mythology	US	[/mɪˈθɑ.lə.d͡ʒi/]
mythomania	US	[/ˌmɪ.θəʊˈmeɪ.ni.ə/]
nabob	US	[/ˈneɪbɑb/]
nacreous	US	[/ˈneɪ.kɹi.əs/]
nada	US	[-ɑːdə]
nailbrush	US	[/ˈneɪl.bɹʌʃ/]
namaste	US	[/ˈnʌməsteɪ/]
name	US	[[nẽːm], [nẽːm]]
named	US	[/ˈneɪmd/]
namesake	US	[/ˈneɪmseɪk/]
namespace	US	[/ˈneɪmspeɪs/]
Naphtali	US	[/ˈnæf.təˌlaɪ/]
Naphtalite	US	[/ˈnæf.təˌlaɪt/]
narcissism	US	[/ˈnɑɹsəˌsɪzm/]
narcissistic	US	[/ˌnɑɹ.sɪˈsɪs.tɪk/]
narcissus	US	[/nɑɹˈsɪsəs/]
narrowly	US	[/ˈnɛɹoʊli/]
Nasdaq	US	[/ˈnæzdæk/]
nasopharynx	US	[-æɹɪŋks]
nasty	US	[/ˈnæs.ti/]
natation	US	[/nəˈteɪ.ʃən/]
Nathaniel	US	[/nəˈθæn.jəl/]
natives	US	[/ˈneɪtɪvz/]
naturally	US	[/ˈnæt͡ʃ(ə)ɹəli/]
nature	US	[/ˈneɪ̯.tʃə(ɹ)/]
naught	US	[/nɔt/]
nauseated	US	[/ˈnɔːziˌeɪtɪd/]
navigate	US	[/ˈnæv.ɪ.ɡeɪt/]
navigator	US	[/ˈnavɪɡeɪtə/]
naysayer	US	[/ˈneɪˌseɪ.ɚ/]
near	US	[/nɪɚ/]
nearer	US	[/ˈnɪɹɚ/]
nearest	US	[/ˈnɪɹɪst/]
nearly	US	[/ˈnɪɹli/]
Nebraska	US	[/nəˈbɹæskə/]
nebula	US	[/ˈnɛbjʊlə/]
nebulous	US	[/ˈnɛbjʊləs/]
nebulously	US	[/ˈnɛb.jʊ.ləs.li/]
nebuly	US	[/ˈnɛbjʊli/]
necessarily	US	[/ˌnɛs.əˈsɛɹ.ə.li/]
necessarium	US	[/ˌnɛsɪˈsɛɹi.əm/]
necessary	US	[/ˈnɛsəˌsɛɹi/]
necessity	US	[/nɪˈsɛsəti/]
neckline	US	[/ˈnɛkˌlaɪn/]
neckwear	US	[/ˈnɛk.wɛɚ/]
necrology	US	[/nɛˈkɹɒlədʒi/]
necromancy	US	[/ˈnɛkɹəˌmænsi/]
necrophagous	US	[/nɛˈkɹɑ.fə.ɡəs/]
necrophobia	US	[-əʊbiə]
necropsy	US	[/ˈnɛkɹɑpsi/]
need	US	[/nid/]
needed	US	[/ˈnidɪd/]
needlepoint	US	[/ˈniːdl̩ˌpɔɪnt/]
needs	US	[/nidz/]
negatory	US	[/ˈnɛɡəˌtɔɹi/]
negawatt	US	[/ˈnɛɡ.ə.wɑt/]
neglected	US	[/nɪˈɡlɛktɪd/]
negligent	US	[/ˈnɛɡ.lɪ.d͡ʒənt/]
negotiations	US	[/nɪˌɡoʊʃiˈeɪʃənz/]
neighbor	US	[/ˈneɪ.bɚ/]
neighborhood	US	[/ˈneɪbɚˌhʊd/]
neighborhood	US	[/ˈneɪbɚˌhʊd/]
neighbour	US	[/ˈneɪbɚ/]
Nemo	US	[/ˈniːmoʊ/]
nemorous	US	[/ˈnɛməɹəs/]
neodymium	US	[/ˌniː.oʊˈdɪmiəm/]
Neolithic	US	[/ˌni.oʊˈlɪθ.ɪk/]
neon	US	[/ˈniˌɑn/]
neonism	US	[/ˈniːənɪzəm/]
neoplasm	US	[/ˈniːoʊˌplæzəm/]
neotango	US	[/ˈniːoʊˌtæŋɡoʊ/]
neotenous	US	[/niˈɑːtənəs/]
Nepal	US	[/nəˈpɔːl/]
nephric	US	[/ˈnɛf.ɹɪk/]
nepotism	US	[/ˈnɛp.ə.tɪ.zəm/]
Neptune	US	[/ˈnɛptuːn/]
nerve	US	[/nɝv/]
nerves	US	[/nɝvz/]
nervous	US	[/ˈnɝːvəs/]
nervy	US	[/ˈnɝ.vi/]
netball	US	[/ˈnɛtˌbɔl/]
nether	US	[/nɛð.ɚ/]
Netherlander	US	[/ˈnɛðɚˌlændɚ/]
Netherlands	US	[/ˈnɛðɚləndz/]
network	US	[/ˈnɛt.wɝk/]
networking	US	[/ˈnɛtˌwɜː(r)kɪŋ/]
neuroatypical	US	[/ˌnʊ.ɹoʊ.eɪˈtɪ.pɪ.kəl/]
neurologist	US	[-ɒlədʒɪst]
neurosis	US	[-əʊsɪs]
neurospicy	US	[/ˌnʊ.ɹoʊˈspaɪ.si/]
neurotoxin	US	[/ˈn(j)ʊɹoʊtɑksɪn/]
neuter	US	[/ˈn(j)utɚ/]
neutral	US	[/ˈnuːtɹəl/, [ˈnuːt͡ʃɹəl]]
neutrality	US	[/nuˈtɹæləti/]
neutralize	US	[/ˈnutɹəˌlaɪz/]
neutron	US	[/ˈnu.tɹɑn/]
never	US	[/ˈnɛv.ɚ/]
new	US	[/nu/]
Newcastle	US	[/ˈn(j)uˌkæsl̩/, [ˈn(j)uˌkʰæsɫ̩]]
newlywed	US	[/ˈnjuːliˌwɛd/]
newness	US	[-uːnəs]
newsletter	US	[/ˈn(j)uzˌlɛtɚ/]
nib	US	[-ɪb]
nibbling	US	[/ˈnɪb(ə)lɪŋ/]
Nicaragua	US	[/ˌnɪk.əˈɹɑ.ɡwə/]
nicety	US	[/ˈnaɪsɪti/]
nidorous	US	[/ˈnaɪ.də.ɹəs/]
niece	US	[/nis/]
niggardly	US	[/ˈnɪɡɚdli/]
night	US	[/naɪt/]
nightclothes	US	[/ˈnaɪt.kloʊ(ð)z/]
nightclub	US	[/ˈnʌɪtklʌb/]
nightfall	US	[/ˈnaɪt.fɑl/]
nightgown	US	[/ˈnaɪtˌɡaʊn/]
nightingale	US	[/ˈnaɪtɪŋɡeɪl/]
nightmare	US	[/ˈnaɪt.mɛɚ/, [nʌɪʔ.mɛəɹ]]
nightrobe	US	[/ˈnaɪt.ɹoʊb/]
nightshade	US	[/ˈnaɪt.ʃeɪd/]
nightwear	US	[/ˈnaɪt.wɛ(ə)ɹ/]
nilpotent	US	[/nɪlˈpəʊtənt/]
nimbleness	US	[/ˈnɪm.bəl.nɪs/]
nines	US	[-aɪnz]
Nintendo	US	[/nɪnˈtɛndoʊ/]
nitpick	US	[/ˈnɪt.pɪk/]
nitpicker	US	[/ˈnɪt.pɪk.ə(ɹ)/]
nitration	US	[-eɪʃən]
nitride	US	[/ˈnaɪ.tɹaɪd/]
Noah	US	[/ˈnoʊə/]
noble	US	[/ˈnoʊbəl/]
nobleman	US	[/ˈnoʊbl̩mən/]
nobleness	US	[/ˈnoʊ.b(ə)l.nəs/, [ˈnoʊ.bl̩.nəs]]
nobly	US	[/ˈnoʊbli/]
nocake	US	[/ˈnoʊˌkeɪk/]
nocturnal	US	[/nɑkˈtɝ.nəl/]
nod	US	[/nɑd/]
nodded	US	[/ˈnɑdɪd/]
nods	US	[/nɑdz/]
nodule	US	[/ˈnɑːd͡ʒuːl/]
nodus	US	[-əʊdəs]
noes	US	[/noʊz/]
noesis	US	[/noʊˈisɪs/]
noetic	US	[/noʊˈɛt.ɪk/]
noisome	US	[/ˈnɔɪ.səm/]
nojito	US	[/nəʊˈhiːtəʊ/]
NOLA	US	[/noʊ.lə/]
nominally	US	[/ˈnɑmɪnəli/]
nominatival	US	[/ˌnɑmɪnəˈtivəl/]
non	US	[/nɑn/]
nonchalant	US	[/ˌnɑn.ʃəˈlɑnt/]
noncommittal	US	[/ˌnɑnkəˈmɪtl̩/]
noncon	US	[/ˈnɑnˌkɑn/]
nondescript	US	[/nɑndəˈskɹɪpt/]
none	US	[/nʌn/]
nonetheless	US	[/ˌnʌnðəˈlɛs/]
nonfat	US	[/nɑnˈfæt/]
nonlawful	US	[-ɔːfʊl]
nonpolar	US	[-əʊlə(ɹ)]
nontent	US	[/ˈnɑn.tɛnt/]
noodles	US	[/ˈnuːd(ə)lz/]
nor	US	[/noɹ/]
Nordic	US	[/ˈnɔɹ.dɪk/]
noria	US	[/ˈnɔɹ.i.ə/]
normal	US	[/ˈnɔɹm(ə)l/]
normality	US	[/nɔɹˈmæl.ə.ti/, [nɔɹˈmæl.ə.ɾi]]
Norse	US	[/noɹs/, [no̞ɹs]]
Northampton	US	[/nɔːˈθæmptən/]
northeastern	US	[/ˌnorˈθiː.stɚn/]
northern	US	[/ˈnɔɹðɚn/]
northernmost	US	[/ˈnɔɹ.ðɚnˌmoʊst/]
northward	US	[/ˈnɔɹθwɚd/]
Norway	US	[/ˈnɔɹ.weɪ/]
Norwegian	US	[/nɔɹˈwi.d͡ʒən/]
nosebleed	US	[/ˈnoʊzˌblid/]
nosedive	US	[/ˈnəʊzdaɪv/]
nosegay	US	[/ˈnoʊzˌɡeɪ/]
nostrum	US	[/ˈnɑ.stɹəm/]
nosy	US	[/ˈnoʊzi/]
not	US	[/nɒt/]
notability	US	[/ˌnoʊ.təˈbɪl.ə.ti/, [ˌnoʊ.ɾəˈbɪl.ə.ɾi]]
notable	US	[/ˈnoʊdəbəl/]
notary	US	[/ˈnoʊtəɹi/]
notation	US	[/noʊˈteɪʃən/]
note	US	[/noʊt/]
noted	US	[/ˈnoʊtɪd/, [ˈnoʊɾɪd]]
notes	US	[/noʊts/]
notetaking	US	[/ˈnoʊt.teɪkɪŋ/]
notice	US	[/ˈnoʊtɪs/, [ˈnoʊɾɪs]]
noticed	US	[/ˈnoʊtɪst/]
noticing	US	[/ˈnoʊtɪsɪŋ/]
notification	US	[/ˌnoʊtɪfɪˈkeɪʃən/]
notion	US	[/ˈnoʊʃən/]
notions	US	[/ˈnoʊʃənz/]
notwithstanding	US	[/ˌnɑtwɪθˈstændɪŋ/]
notwithstanding	US	[/ˌnɑtwɪθˈstændɪŋ/]
nova	US	[/ˈnoʊ.və/]
novel	US	[/ˈnɑvəl/]
novelty	US	[/ˈnɑvəlti/]
novity	US	[/ˈnɑvɪti/]
nowadays	US	[/ˈnaʊ.ə.deɪz/]
nowhere	US	[/ˈnoʊ.(h)wɛɹ/]
nu	US	[/nu/]
nuclear	US	[/ˈn(j)u.kli.ɚ/]
nuclei	US	[/ˈnuːkli.aɪ/]
nucleotide	US	[/ˈn(j)u(ː)kliəˌtaɪd/]
nucleus	US	[/ˈnuː.kli.əs/]
nucular	US	[/ˈnukjəlɚ/]
nugatory	US	[/ˈn(j)uːɡətɔɹi/]
nuisance	US	[/ˈnuː.səns/]
nullification	US	[/ˌnʌlɪfɪˈkeɪʃən/]
nullify	US	[/ˈnʌlɪfaɪ/]
number	US	[/ˈnʌmbɚ/]
numbered	US	[/ˈnʌmbɚd/]
numbers	US	[/ˈnʌmbɚz/]
numismatist	US	[/njuːˈmɪzmətɪst/]
nunchuck	US	[/ˈnʌnt͡ʃʌk/]
nurseryman	US	[/ˈnəːs(ə)ɹɪmən/]
nutshell	US	[/ˈnʌt.ʃɛl/]
nyctophobia	US	[-əʊbiə]
nymphae	US	[/ˈnɪmfiː/]
O	US	[/oʊ/]
Oahu	US	[/oʊˈɑhu/]
oak	US	[/oʊk/]
oar	US	[/oɹ/]
oars	US	[/ɔɹz/]
oat	US	[/oʊt/]
oath	US	[/ˈoʊθ/]
Obama	US	[/oʊˈbɑ.mə/]
Obamanomics	US	[/oʊˌbɑ.məˈnɑ.mɪks/]
obedience	US	[/ə(ʊ)ˈbiːdɪəns/]
obeyed	US	[/oʊˈbeɪd/]
obfuscate	US	[/ˈɑbfəskeɪt/]
objectification	US	[/ɒbˌd͡ʒɛkt.ɪ.fɪˈkeɪ.ʃʌn/]
objective	US	[/əbˈd͡ʒɛk.tɪv/]
objectivism	US	[/əbˈd͡ʒɛk.tɪ.vɪ.zəm/]
objets	US	[/oʊbˈʒeɪz/]
obligation	US	[/ˌɑ.bləˈɡeɪ.ʃən/]
obliged	US	[/əˈblaɪd͡ʒd/]
oblivion	US	[/əˈblɪviːən/]
oboe	US	[/ˈoʊboʊ/]
obscene	US	[/əbˈsin/]
obsequiate	US	[/əbˈsiː.kwi.eɪt/]
obsequies	US	[/ˈɔbsɪ.kwiːz/]
obsequious	US	[/əbˈsiːkwi.əs/]
observational	US	[/ˌɑbzɚˈveɪʃənəl/]
observations	US	[/ˌɑbzɚˈveɪʃənz/]
observatory	US	[/əbˈzɝvətɔɹi/]
observed	US	[/əbˈzɝvd/]
obstacle	US	[/ˈɑbstəkəl/]
obstinacy	US	[/ˈɑbstɪnəsi/]
obstructionist	US	[/əbˈstɹʌk.ʃənˌɪst/]
obtained	US	[/əbˈteɪnd/]
obviate	US	[/ˈɔb.viˌeɪt/]
obviously	US	[/ˈɑ(b).vi(.)əs.li/]
occasional	US	[/əˈkeɪʒ(ə)nəl/]
occasioned	US	[/əˈkeɪʒənd/]
occasions	US	[/əˈkeɪʒənz/]
occident	US	[/ˈɒksɪdənt/]
occupied	US	[/ˈɑkjəpaɪd/]
occur	US	[/əˈkɝ/]
occurred	US	[/əˈkɝd/]
occurring	US	[/əˈkɝɪŋ/]
occurs	US	[/əˈkɝz/]
ocean	US	[/ˈoʊ.ʃən/]
Oceania	US	[/ˌoʊ.ʃiˈæn.i.ə/]
oceanography	US	[/ˌoʊʃəˈnɑɡɹəfi/]
ochre	US	[/ˈoʊkɚ/]
octabasic	US	[-eɪsɪk]
octagon	US	[/ˈɑktəˌɡɑn/]
octothorpe	US	[/ˈɑːktoʊθɔːɹp/]
oculist	US	[/ˈɑkjəlɪst/]
oculus	US	[/ˈɑk.jə.ləs/]
odd	US	[/ɑd/]
odder	US	[/ˈɑd.ɚ/, [(ʔ)ɑɾɚ]]
oddest	US	[-ɒdəst]
odds	US	[/ɑdz/]
odious	US	[/ˈoʊ.di.əs/]
odor	US	[/ˈoʊdəɹ/]
odors	US	[/ˈoʊ.dɚz/]
oenology	US	[/iˈnɑ.lə.d͡ʒi/]
off	US	[/ɔf/]
offensive	US	[/ˈɔˌfɛnsɪv/]
offer	US	[/ˈɔfɚ/]
offered	US	[/ˈɔfɚd/]
offering	US	[/ˈɔfəɹɪŋ/]
offers	US	[/ˈɔfɚz/]
offhand	US	[/ˌɔfˈhænd/]
officers	US	[/ˈɔfɪsɚz/]
offices	US	[/ˈɔfɪsɪz/]
officially	US	[/əˈfɪʃəli/]
officials	US	[/əˈfɪʃəlz/]
oft	US	[/ɔft/]
oganesson	US	[/oʊɡəˈnɛsɒn/]
ogonek	US	[/ˈoʊɡənɛk/]
ogre	US	[/ˈoʊ.ɡɚ/]
ohm	US	[/oʊm/]
oiler	US	[/ˈɔɪlɚ/]
oink	US	[/ɔɪŋk/]
Ojibwe	US	[/oʊˈdʒɪbweɪ/]
okapi	US	[/oʊˈkɑpi/]
okara	US	[/əʊˈkɑːɹə/]
Okinawa	US	[/ˌoʊkiˈnɑwə/]
Okinawan	US	[/ˌoʊkiˈnɑwən/]
Oklahoma	US	[/ˌoʊk.ləˈhoʊ.mə/]
old	US	[/ˈoʊld/]
older	US	[/ˈoʊldɚ/]
oldest	US	[/ˈoʊldəst/]
oldness	US	[/əʊldnəs/]
oleaginous	US	[/ˌoʊ.liˈæd͡ʒ.ɪ.nəs/]
oligolingual	US	[/ˌɒlɪɡəˈlɪŋɡwəl/]
olive	US	[/ˈɑ.lɪv/]
Oliver	US	[/ˈɑlɪvɚ/]
oliver	US	[/ˈɑlɪvɚ/]
Olympian	US	[/əˈlɪm.pi.ən/]
Olympus	US	[/əˈlɪmpəs/]
ombudsman	US	[/ˈɑmbədzmən/]
omen	US	[/ˈoʊmən/]
omnibus	US	[/ˈɑmnɪbəs/]
omnific	US	[/ɒmˈnɪfɪk/]
omnipotence	US	[/ɒmˈnɪpətəns/]
omnipotent	US	[/ɒmˈnɪpətənt/]
omnipotentiality	US	[/ˌɑmnipəˌtɛn(t)ʃiˈæləti/, [-ɾi]]
omnipresent	US	[[ˌɑmnɪˈpɹɛzn̩t]]
omniscience	US	[/ɑmˈnɪʃəns/]
omniscient	US	[/ɑmˈnɪʃənt/]
omphaloskeptic	US	[/ˌɑːm.fəl.əˈskɛp.tɪk/]
once	US	[/wʌn(t)s/]
oncer	US	[/ˈwʌnsɚ/]
onch	US	[/ˈɑŋk/, -ɑŋk]
oncology	US	[/ɒŋˈkɒləd͡ʒi/]
oneirocritic	US	[/oʊˌnaɪ.ɹəˈkɹɪt.ɪk/]
onesie	US	[/ˈwʌn.zi/]
onions	US	[/ˈʌn.jənz/]
only	US	[/ˈoʊn.li/]
onrush	US	[/ˈɒnˌɹʌʃ/]
onslaught	US	[/ˈɒnslɔːt/]
onus	US	[/ˈoʊnəs/]
onychophagist	US	[/ɑnəˈkɑfəd͡ʒɪst/]
oolong	US	[/ˈuːlʊŋ/]
ooze	US	[/uːz/]
opacity	US	[/oʊˈpæsɪti/]
ope	US	[/oʊp/]
open	US	[/ˈoʊp(ə)n/]
opened	US	[/ˈoʊpənd/]
opening	US	[/ˈoʊ.pə.nɪŋ/]
openly	US	[/ˈoʊpənli/]
opens	US	[/ˈoʊ.pənz/]
OpenType	US	[/ˈoʊpənˌtaɪp/]
operate	US	[/ˈɑpəɹeɪt/]
operated	US	[/ˈɑpəɹeɪtɪd/]
operation	US	[/ˌɑ.pəˈɹeɪ.ʃən/]
operations	US	[/ˌɑpəˈɹeɪʃənz/]
ophthalmology	US	[/ˌɑfθə(l)ˈmɑləd͡ʒi/]
opine	US	[/oʊˈpaɪn/]
opinions	US	[/əˈpɪnjənz/]
opp	US	[/ɑp/]
opportunity	US	[/ˌɑpɚˈt(j)unəti/, [-ɾi]]
oppose	US	[/əˈpoʊz/, [ʔəpʰoʊːz̥]]
opposed	US	[/əˈpoʊzd/]
opposition	US	[/ˌɑ.pəˈzɪʃ.ən/]
opt	US	[/ɑpt/]
optimal	US	[/ˈɑptɪməl/]
optimism	US	[/ˈɑptɪmɪzəm/]
optimize	US	[/ˈɑptɪmaɪz/]
optimum	US	[/ˈɑptɪməm/]
option	US	[/ˈɑpʃən/]
orbit	US	[/ˈɔɹ.bɪt/]
orbital	US	[/ɔɹ.bət.l̩/]
orchard	US	[/ˈɔɹ.t͡ʃɚd/]
orchestra	US	[/ˈɔɹkəstɹə/]
orchestration	US	[-eɪʃən]
orchidomania	US	[-eɪniə]
ordained	US	[/ɔɹˈdeɪnd/]
order	US	[/ˈɔɹdɚ/, [ˈɔɹɾɚ]]
ordered	US	[/ˈɔɹdɚd/]
orderly	US	[/ˈɔɹdɚli/]
orders	US	[/ˈɔɹdɚz/]
ordinary	US	[/ˈɔɹdɪnɛɹi/]
ore	US	[/oɹ/]
oregano	US	[/əˈɹɛɡənoʊ/]
organ	US	[/ˈɔɹɡən/]
organelle	US	[/ˌɔɹ.ɡənˈɛl/]
organic	US	[/ɔɹˈɡænɪk/]
organisation	US	[/ˌɔɹɡənɪˈzeɪʃən/]
organism	US	[/ˈɔɹ.ɡəˌnɪz.əm/]
organized	US	[/ˈɔɹɡənaɪzd/]
organizer	US	[/ˈɔɹɡənaɪzɚ/]
organoleptic	US	[/ɔː(ɹ)ˌɡænəʊˈlɛptɪk/]
organs	US	[/ˈɔɹ.ɡənz/]
orgulous	US	[/ˈɔɹɡjələs/]
orientalist	US	[/ˌɔɹiˈɛntəlɪst/]
orifice	US	[/ˈɔɹəfɪs/]
originality	US	[/əˌɹɪd͡ʒɪˈnælɪti/]
originate	US	[/əˈɹɪd͡ʒɪneɪt/]
Oriya	US	[/ɔˈrijə/]
Orlando	US	[/ɔɹˈlæn.doʊ/]
ornithologist	US	[-ɒlədʒɪst]
ornithopter	US	[/ˈɔɹ.nɪˌθɑp.tɚ/]
orphan	US	[/ˈɔɹfən/]
orthocenter	US	[-ɛntə(ɹ)]
orthodox	US	[/ˈɔɹθədɑks/]
orthogonal	US	[/ɔɹˈθɑɡ.ə.nəl/]
orthography	US	[/ɔɹˈθɑɡɹəfi/]
OS	US	[/ˌoʊ ˈɛs/]
oscillate	US	[/ˈɑsɪleɪt/]
osm	US	[/ˈɔs.əm/]
osprey	US	[/ˈɑspɹi/]
ossify	US	[/ˈɑ.sə.faɪ/]
ostensible	US	[/ɑˈstɛns.ɪ.bəl/]
ostensible	US	[/ɑˈstɛns.ɪ.bəl/]
ostensibly	US	[/ɑːˈstɛn.sə.bli/]
osteoporosis	US	[/ˌɒstiəʊpəˈɹəʊsɪs/]
ostler	US	[/ˈɑːslɚ/]
ostrichism	US	[/ˈɑstɹit͡ʃˌɪzəm/]
ostrobogulous	US	[/ˌɑs.tɹəˈbɑɡ.jə.ləs/]
otaku	US	[/oʊˈtɑku/, [o̞ʊ̯ˈtʰɑkʰu]]
others	US	[/ˈʌðɚz/]
otherwise	US	[/ˈʌð.ɚˌwaɪz/]
otitis	US	[/oʊˈtaɪ.tɪs/]
otorhinolaryngology	US	[/ˌɑtoˌɹaɪnoˌlæɹɪŋˈɡɑləd͡ʒi/]
otto	US	[/ˈɑtoʊ/]
Otto	US	[/ˈɑtoʊ/]
ottoman	US	[/ˈɑtəmən/]
ought	US	[/ɔt/]
ouroboric	US	[/ɔɹəˈbɔɹɪk/]
outbreak	US	[/ˈaʊtbɹeɪk/]
outbuilding	US	[/ˈaʊtˌbɪl.dɪŋ/]
outcry	US	[/ˈaʊtkɹaɪ/]
outer	US	[/ˈaʊtɚ/, [ˈaʊɾɚ]]
outercourse	US	[/ˈaʊtə(ɹ)ˌkɔː(ɹ)s/]
outermost	US	[/ˈaʊtɚmoʊst/]
outgrowth	US	[/ˈaʊtˌɡroʊθ/]
outkill	US	[/aʊtˈkɪl/]
outline	US	[/ˈaʊtlaɪn/]
outliner	US	[/ˈaʊtlaɪnə/]
outlook	US	[-ʊk]
outlook	US	[-ʊk]
outpace	US	[-eɪs]
outperform	US	[/ˌaʊt.pɚˈfɔɹm/]
outpost	US	[/ˈaʊtˌpoʊst/]
outrage	US	[/ˈaʊt.ɹeɪd͡ʒ/]
outsell	US	[/ɑʊtˈsɛl/]
outset	US	[/ˈaʊtsɛt/]
outside	US	[/ˈaʊt.saɪd/]
outskirts	US	[/ˈaʊtskɝts/]
outsold	US	[/ɑʊtˈsɔld/]
outta	US	[/ˈaʊtə/]
outward	US	[/ˈaʊt.wɚd/]
outwind	US	[/aʊtˈwaɪnd/]
ouzo	US	[/ˈuzoʊ/]
over	US	[/ˈoʊ.vɚ/]
overall	US	[/ˈoʊvɚɑl/]
overbear	US	[/əʊvəˈbɛː/]
overcame	US	[/ˌoʊvəɹˈkeɪm/]
overcoat	US	[/ˈoʊvɚkoʊt/]
overcome	US	[/ˌoʊvɚˈkʌm/]
overconfident	US	[/ˌəʊvə(ɹ)ˈkɒnfɪdənt/]
overcooked	US	[-ʊkt]
overdid	US	[-ɪd]
overdone	US	[/əʊvəɹˈdʌn/]
overdrew	US	[/oʊ.vɚ.dɹu/]
overdue	US	[/ˌoʊ.vəɹˈdu/]
overeager	US	[-iːɡə(ɹ)]
overeat	US	[/ˌoʊvɚˈit/]
overeaten	US	[/oʊ.vɚ.it.ən/]
overenthusiastic	US	[/əʊvɝənθuziˈæstɪk/]
overfired	US	[/ˌoʊvɚˈfaɪ(ə)ɹd/]
overglaze	US	[-eɪz]
overhang	US	[/ˈoʊvəɹˌhæŋ/]
overhead	US	[-ɛd]
overheard	US	[/oʊ.vɚ.hɝd/]
overheard	US	[/oʊ.vɚ.hɝd/]
overkill	US	[/ˈoʊ.vɚˌkɪl/]
overlaid	US	[/oʊ.vɚ.leɪd/]
overlain	US	[/oʊ.vɚ.leɪn/]
overlarge	US	[/əʊvəˈlɑːdʒ/]
overlooked	US	[-ʊkt]
overpaid	US	[/oʊ.vɚ.peɪd/]
overpenetrate	US	[/ˌoʊvɚˈpɛnətɹeɪt/]
overplay	US	[-eɪ]
overpower	US	[/oʊ.vɚˈpaʊ̯.ɚ/]
overran	US	[/oʊ.vɚ.ɹan/]
overran	US	[/oʊ.vɚ.ɹan/]
overreact	US	[/ˌoʊ.vəɹ.ɹiˈækt/]
overridden	US	[/ˌoʊ.vɚˈɹɪd.ən/]
overridden	US	[/ˌoʊ.vɚˈɹɪd.ən/]
overrode	US	[/ˈəʊvəɹəʊd/]
overrode	US	[/ˈəʊvəɹəʊd/]
oversaw	US	[/oʊ.vɚ.sɔ/]
overseen	US	[/oʊ.vɚ.sin/]
overseer	US	[/ˈəʊvəˌsiːə(ɹ)/]
overshadow	US	[/ˌoʊ.vɚˈʃæd.oʊ/]
overshoe	US	[/ˈoʊvəɹˌʃuː/]
overshoot	US	[-uːt]
overshorten	US	[/ˌoʊ.vɚˈʃɔɹ.tən/]
overshot	US	[/ˈoʊ.vɚˌʃɑt/]
overshot	US	[/ˈoʊ.vɚˌʃɑt/]
overskirt	US	[/ˈəʊvəˌskɜːt/]
overslept	US	[/oʊ.vɚ.slɛpt/]
overslept	US	[/oʊ.vɚ.slɛpt/]
oversoul	US	[/ˈoʊvɚˌsoʊl/]
overspend	US	[-ɛnd]
overstate	US	[/ˌoʊ.vɚˈsteɪt/]
overstay	US	[-eɪ]
overstep	US	[/ˌoʊvɚˈstɛp/]
overstock	US	[-ɔːk]
overstretch	US	[-ɛtʃ]
overtax	US	[/ˌəʊvə(ɹ)ˈtæks/]
overthrew	US	[/oʊ.vɚ.θɹu/]
overthrown	US	[/oʊ.vɚ.θɹoʊn/]
overtone	US	[/ˈoʊvɚtoʊn/]
overtook	US	[/oʊ.vɚˈtʊk/]
overwear	US	[/ˌoʊ.vəɹˈwɛəɹ/]
overweening	US	[/oʊvɚˈwinɪŋ/]
overwhelmed	US	[/ˌoʊvɚˈ(h)wɛlmd/]
overwhelming	US	[/ˌoʊvɚˈ(h)wɛlmɪŋ/]
overwhelmingly	US	[/ˌəʊ.vəˈwɛl.mɪŋ.lɪ/]
overwinter	US	[/ˌoʊ.vɚˈwɪn.tɚ/]
overwound	US	[-aʊnd]
ow	US	[-aʊ]
owe	US	[/oʊ/]
owed	US	[/oʊd/]
owie	US	[-aʊi]
owing	US	[/ˈoʊ.ɪŋ/]
owlet	US	[/ˈaʊlət/]
owling	US	[/ˈaʊ.lɪŋ/]
own	US	[/oʊn/]
owned	US	[/oʊnd/]
owner	US	[/ˈoʊnɚ/]
owners	US	[/ˈoʊnɚz/]
ownership	US	[/ˈoʊnɚʃɪp/]
owns	US	[/oʊnz/]
oxazepam	US	[/ɑkˈsæz.əˌpæm/]
oxen	US	[/ˈɑksən/]
oxidative	US	[/ˈɑk.səˌdeɪ.tɪv/]
oyster	US	[/ˈɔɪstəɹ/]
oystercatcher	US	[/ˈɔɪstəˌkæt͡ʃə/]
PaaS	US	[/pæːs/]
pacemaker	US	[/ˈpeɪsˌmeɪkəɹ/]
pacifism	US	[/ˈpæsɪfɪzəm/]
packing	US	[/ˈpækɪŋ/]
packing	US	[/ˈpækɪŋ/]
pages	US	[/ˈpeɪd͡ʒɪz/]
pagoda	US	[/pəˈɡoʊ.də/]
pah	US	[/pæ/]
painfully	US	[/ˈpeɪnfəli/]
painstakingly	US	[/ˈpeɪnˌsteɪkɪŋli/]
painter	US	[/ˈpeɪntɚ/]
pair	US	[/pɛ(ə)ɹ/]
paladin	US	[/ˈpælədɪn/]
palatalization	US	[/ˌpælətəlɪˈzeɪʃən/]
palatoalveolar	US	[-iːələ(ɹ)]
pale	US	[[ˈpʰeːɫ̩], [ˈpʰeːɫ̩]]
paleography	US	[/ˌpeɪliˈɑɡɹəfi/]
palimpsest	US	[/ˈpælɪmpsɛst/]
palindrome	US	[/ˈpælɪndɹoʊm/]
palliate	US	[/ˈpælieɪt/]
pallor	US	[/ˈpælɚ/]
palomino	US	[/pæləˈmiːnoʊ/]
palooza	US	[/pəˈlu.zə/]
palpable	US	[/ˈpælpəbəl/]
Panama	US	[/ˈpæn.ə.mɑː/]
Panama	US	[/ˈpæn.ə.mɑː/]
pancakes	US	[/ˈpænkeɪks/]
pandemonium	US	[/ˌpændəˈmoʊni.əm/]
pander	US	[/ˈpændɚ/]
pandiculate	US	[/pænˈdɪk.jə.leɪt/]
pane	US	[/peɪn/]
Panjabi	US	[/pɑnˈd͡ʒɑːbi/]
Panjabi	US	[/pɑnˈd͡ʒɑːbi/]
panoply	US	[/ˈpænəpli/]
pantheism	US	[/ˈpæn.θi.ɪz.əm/]
pantsu	US	[/pæn.tsu/]
panty	US	[-ænti]
pantyhose	US	[/ˈpæntɪhəuz/]
pantyliner	US	[/ˌpæntiˈlaɪnə/]
panurgic	US	[/pænˈɜː(ɹ)d͡ʒɪk/]
papa	US	[/ˈpɑːpə/]
paparazzi	US	[/ˌpɑ.pəˈɹɑ.tsi/]
paper	US	[/ˈpeɪpɚ/, [ˈpʰeɪpɚ]]
paperback	US	[/ˈpeɪ.pɚˌbæk/]
papers	US	[/ˈpeɪpɚz/]
par	US	[/pɑɹ/, [pʰɑɹ], [pʰɑ˞]]
parabola	US	[/pəˈɹæbələ/]
parabolic	US	[-ɒlɪk]
paradiddle	US	[-ɪdəl]
paradise	US	[/ˈpɛɹ.ə.daɪs/]
paradoxical	US	[/ˌpɛɹəˈdɑːksɪkəl/]
parallax	US	[/ˈpæɹ.əˌlæks/]
parallelogram	US	[/ˌpæ.ɹəˈlɛl.əˌɡɹæm/]
paramania	US	[-eɪniə]
paramecium	US	[/ˌpɛ.ɹəˈmi.si.əm/]
parameter	US	[/pəˈɹæm.ə.tɚ/, [pəˈɹæm.ə.ɾɚ]]
parametric	US	[/ˌpɛɹ.əˈmɛt.ɹɪk/, [ˌpɛɹ.əˈmɛt͡ʃ.ɹɪk]]
paramilitary	US	[/ˌpɛɹəˈmɪlɪˌtɛɹi/]
parasitic	US	[/ˌpɛɹ.əˈsɪt.ɪk/, [ˌpɛɹ.əˈsɪɾ.ɪk]]
parasol	US	[/ˈpɛɹəˌsɑl/]
parcel	US	[/ˈpɑɹsəl/]
parch	US	[/pɑɹt͡ʃ/]
parchment	US	[/ˈpʰɑɹt͡ʃmənt/]
parentheses	US	[/pəˈɹɛnθəsiːz/]
parenthesis	US	[/pəˈɹɛnθəsɪs/]
park	US	[/pɑɹk/]
Park	US	[[pʰɑɹk]]
parka	US	[/ˈpɑɹkə/]
parking	US	[/ˈpɑɹkɪŋ/]
parlance	US	[/ˈpɑɹ.ləns/]
parliament	US	[/ˈpɑɹləmənt/]
parliamentary	US	[/ˌpɑɹləˈmɛnt(ə)ɹi/]
parlor	US	[/ˈpɑɹlɚ/]
parlour	US	[/ˈpɑɹlɚ/]
parochial	US	[/pəˈɹoʊki.əl/]
parquet	US	[/pɑːɹˈkeɪ/]
pars	US	[/pɑɹz/]
parsec	US	[/ˈpɑɹ.sɛk/]
parsimony	US	[/ˈpɑɹ.səˌmoʊ.ni/]
parsley	US	[/ˈpɑː(ɹ)sli/]
part	US	[/pɑɹt/]
partake	US	[/pɑɹˈteɪk/]
parted	US	[/pɑɹtɪd/]
Parthenon	US	[/ˈpɑːɹθənɑːn/]
participation	US	[/pɑɹˌtɪsɪˈpeɪʃən/]
participle	US	[/ˈpɑɹtɪˌsɪpəl/]
particle	US	[/ˈpɑɹtɪkəl/]
particular	US	[/pɚˈtɪk.jə.lɚ/]
particularly	US	[/pɚˈtɪkjəlɚli/]
parties	US	[/ˈpɑɹtiz/, [ˈpɑɹɾiz]]
parting	US	[/ˈpɑɹtɪŋ/]
partisanship	US	[/ˈpɑɹtəzənˌʃɪp/]
partly	US	[/ˈpɑɹtli/]
party	US	[/ˈpɑɹ.ti/, [ˈpʰɑɹɾi]]
passages	US	[/ˈpæsɪd͡ʒɪz/]
passed	US	[/pæst/]
passim	US	[/ˈpæsɪm/]
passing	US	[/ˈpɑːsɪŋ/]
passion	US	[[ˈpʰæʃən]]
passionately	US	[/ˈpæʃənətli/]
passions	US	[/ˈpæʃənz/]
passively	US	[/ˈpæs.ɪv.li/]
passport	US	[/ˈpæspɔɹt/]
past	US	[/pæst/]
pasteurise	US	[/ˈpæst͡ʃəɹaɪz/]
pasteurize	US	[/ˈpæst͡ʃəɹaɪz/]
pasticciotto	US	[-ɒtəʊ]
pastrami	US	[/pəˈstɹɑːmi/]
patella	US	[/pəˈtɛlə/]
pathogen	US	[/ˈpæθəd͡ʒn̩/]
patio	US	[/ˈpæt.i.oʊ/, [ˈpæɾ.i.oʊ]]
patois	US	[/pæˈtwɑ/]
patootie	US	[/pəˈtuti/, [-ɾi]]
patrimony	US	[/ˈpæt.ɹɪˌmoʊ.ni/]
patriotic	US	[/peɪ.tɹiˈɑ.tɪk/]
patriotism	US	[/ˈpeɪtɹi.əˌtɪzəm/]
patted	US	[/ˈpatɪd/]
paucilingual	US	[/ˌpɔːsɪˈlɪŋɡwəl/]
paul	US	[/pɔl/]
pause	US	[/pɔz/]
paused	US	[/pɔzd/]
paw	US	[/pɔ/]
pawnshop	US	[/ˈpɔnʃɑp/]
payable	US	[/ˈpeɪəbl̩/]
payer	US	[/ˈpeɪ.ɚ/]
payload	US	[/ˈpeɪloʊd/]
paymaster	US	[/ˈpeɪmɑːstə/]
payments	US	[/ˈpeɪmənts/]
peaceful	US	[/ˈpiːsfəl/]
peacefully	US	[/ˈpiːsfəli/]
peacemaker	US	[/ˈpiːsmeɪkə(ɹ)/]
peacock	US	[/ˈpikɑk/]
peacocking	US	[/ˈpikɑkɪŋ/]
peafowl	US	[/ˈpiːˌfaʊl/]
pealing	US	[/ˈpiːlɪŋ/]
pealings	US	[/ˈpiːlɪŋz/]
peanut	US	[/ˈpiˌnʌt/]
peanutbutter	US	[/ˈpi.nʌtˌbʌ.tɚ/]
peanuts	US	[/ˈpiˌnʌts/]
pear	US	[/pɛɚ/]
peasantry	US	[/ˈpɛzəntɹi/]
peasants	US	[/ˈpɛzənts/]
peccadillo	US	[/ˌpɛ.kəˈdɪ.loʊ/]
peckish	US	[/ˈpɛk.ɪʃ/]
pectinate	US	[/ˈpɛktəneɪt/]
peculation	US	[/pɛkjʊˈleɪʃən/]
peculiarity	US	[/pɪˌkjuliˈɛɹɪti/]
peculiarly	US	[/pɪˈkjuljɚli/]
pecuniary	US	[/pəˈkjuniɛɹi/]
pedagogic	US	[/ˌpɛdəˈɡɑd͡ʒɪk/]
pedagogue	US	[/ˈpɛdəɡɒɡ/]
pedaller	US	[/ˈpɛdələ(ɹ)/]
peddler	US	[/ˈpɛdləɹ/]
pedestrian	US	[/pəˈdɛst.ɹi.ən/]
pedometer	US	[/pɪˈdɑmətɚ/]
peep	US	[/pip/, [pʰip]]
peephole	US	[/piphoʊl/, [pʰiphoʊɫ]]
peer	US	[/pɪ(ə)ɹ/]
peers	US	[/pɪɹz/]
peewah	US	[/ˈpiwɑ/]
peewit	US	[/ˈpiːwɪt/]
pemmican	US	[/ˈpɛmɪkən/]
penance	US	[/ˈpɛn.əns/]
penes	US	[/ˈpiniz/, [ˈpʰiniz]]
penetrated	US	[/ˈpɛnɪtɹeɪtɪd/]
penetrating	US	[/ˈpɛnɪtɹeɪtɪŋ/]
penillion	US	[/pəˈnɪljən/]
penitent	US	[/ˈpɛnɪtənt/]
penniless	US	[/ˈpɛ.nɪ.ləs/]
Pennsylvania	US	[-eɪniə]
Pennsylvanian	US	[/pɛnsʊlˈveɪ̯njɪn/]
pentabasic	US	[-eɪsɪk]
pentacle	US	[/ˈpɛnt.ə.kl̩/]
penuche	US	[/pəˈnuːt͡ʃɪ/]
penultimate	US	[/pɪˈnʌltɪmət/]
peony	US	[/ˈpiːəni/]
peoples	US	[/ˈpiːpəlz/]
pepo	US	[/ˈpi.poʊ/]
peppermint	US	[/ˈpɛpɚˌmɪnt/]
peppery	US	[/ˈpɛpəɹi/]
Pepsi	US	[/ˈpɛpsi/]
pepsins	US	[/ˈpɛpsɪnz/]
peptide	US	[/ˈpɛptaɪd/]
per	US	[/pɝ/]
perceive	US	[/pɚˈsiv/]
perceived	US	[/pɚˈsivd/]
perceiving	US	[/pɚˈsivɪŋ/]
percent	US	[/pɚˈsɛnt/]
percentage	US	[/pɚˈsɛntɪd͡ʒ/]
percept	US	[/ˈpɝsɛpt/]
perceptible	US	[/pɚˈsɛptəbl̩/]
perception	US	[/pɚˈsɛpʃ(ə)n/]
perch	US	[/pɝt͡ʃ/]
perchlorate	US	[/pə(ɹ)ˈklɔːɹeɪt/]
percussion	US	[/pɚˈkʌʃən/]
peregrinate	US	[/ˈpɛ.ɹɪ.ɡɹəˌneɪt/]
peremptory	US	[/pəˈɹɛmptəɹi/]
perfect	US	[/ˈpɝfɪkt/]
perfection	US	[/pɚˈfɛk.ʃən/]
perfectly	US	[/ˈpɝfɪk(t)li/]
perforate	US	[/ˈpəːfəreɪt/]
perforce	US	[/pɚˈfɔɹs/]
performed	US	[/pɚˈfɔɹmd/]
performing	US	[/pɚˈfɔɹmɪŋ/]
perfumery	US	[/pəˈfjuːm(ə)ri/]
perfunctory	US	[/pɚˈfʌŋk.tɚ.i/]
perigee	US	[/ˈpɛɹ.ə.d͡ʒi/]
perils	US	[/ˈpɛɹɪlz/]
periodic	US	[/ˌpɪɹiˈɑdɪk/]
periodical	US	[/ˌpɪɹiˈɑdɪkl̩/]
Peripatetic	US	[-ɛtɪk]
periphery	US	[/pəˈɹɪfəɹi/]
perish	US	[/ˈpɛɹɪʃ/]
permafrost	US	[/ˈpɝməˌfɹɔst/]
permanent	US	[/ˈpɜɹ.mə.nənt/]
permanently	US	[/ˈpɝmənəntli/]
permission	US	[/pɚˈmɪʃən/]
permitted	US	[/pɚˈmɪtɪd/]
pernicious	US	[/pɚˈnɪʃəs/]
peroxide	US	[/pəˈrɒksʌɪd/]
perpetrator	US	[/ˈpɜː(ɹ).pɪˌtɹeɪt.ə(ɹ)/]
perpetual	US	[/pɚˈpɛt͡ʃuəl/]
perplex	US	[/pɚˈplɛks/]
perplexed	US	[/pɚˈplɛkst/]
perplexing	US	[/pɚˈplɛksɪŋ/]
perplexity	US	[/pəɹˈplɛksəti/]
persecution	US	[/ˌpɝsəˈkjuʃən/]
Persephone	US	[/pɚˈsɛfəniː/]
persiflage	US	[/ˈpɝː.sɪ.flɑːʒ/]
persist	US	[/pɚˈsɪst/]
person	US	[/ˈpɜɹs(ə)n/, [ˈpʰɝsn̩]]
personage	US	[/ˈpɝsənɪd͡ʒ/]
persons	US	[/ˈpɝsənz/]
perspective	US	[/pɚˈspɛk.tɪv/]
perspicacious	US	[/ˌpɜːɹ.spɪˈkeɪ.ʃəs/]
persuade	US	[/pɚˈsweɪd/]
persuaded	US	[/pɚˈsweɪdɪd/]
persuasion	US	[/pɚˈsweɪʒən/]
pertaining	US	[/pɚˈteɪnɪŋ/]
pertinaciously	US	[/ˌpɝːtənˈeɪʃəsli/]
pertinent	US	[/ˈpɚtɪnənt/]
perturb	US	[/pɚˈtɝb/]
perturbation	US	[-eɪʃən]
pervade	US	[/pɚˈveɪd/]
pervasive	US	[/pɚˈveɪ.sɪv/]
perversion	US	[-ɜː(ɹ)ʒən]
pesher	US	[/ˈpɛʃ.ɚ/]
pest	US	[-ɛst]
pesticidal	US	[/ˌpɛstɪ̈ˈsaɪdl̩/]
petabyte	US	[/ˈpɛtəbaɪt/]
Peter	US	[/ˈpitɚ/, [ˈpʰitɚ], [ˈpʰiɾɚ]]
petroleum	US	[/pəˈtɹoʊliəm/]
Peugeot	US	[/ˈpjuːʒoʊ/]
pfeffernusse	US	[/ˈpfɛfə(ɹ)nuːsə/]
phagocytosis	US	[/ˌfeɪ.ɡoʊ.saɪˈtoʊ.sɪs/]
phallocentric	US	[/ˌfalə(ʊ)ˈsɛntɹɪk/]
phantasmagoria	US	[/ˌfæntæzməˈɡɔːɹi.ə/]
phantasmal	US	[/fænˈtæzməl/]
pharisaism	US	[/ˈfɛɹ.əˌseɪˌɪz.əm/]
pharmacist	US	[/ˈfɑɹməsɪst/]
pharmacologist	US	[/ˌfɑɹməˈkɒləd͡ʒɪst/]
pharmacology	US	[/ˌfɑɹməˈkɒləd͡ʒi/]
pharmacy	US	[/ˈfɑɹməsi/]
phaser	US	[/ˈfeɪzɚ/]
phenacetin	US	[/fɪˈnæsətɪn/]
phenobarbital	US	[/ˌfiː.noʊˈbɑɹ.bəˌtɔl/]
phenomena	US	[/fɪˈnɑm.ɪ.nə/]
philanthropy	US	[/fɪˈlæn.θɹə.pi/]
philatelist	US	[/fɪˈlætəlɪst/]
philologaster	US	[-æstə(ɹ)]
philology	US	[/fɪˈlɑ.lə.d͡ʒi/]
philosophaster	US	[-æstə(ɹ)]
philosophical	US	[/ˌfɪləˈsɑfɪkl̩/]
philosophy	US	[/fɪˈlɑsəfi/]
philter	US	[/ˈfɪltɚ/]
phimosis	US	[/faɪˈmoʊ.sɪs/]
phishing	US	[/ˈfɪʃɪŋ/]
phlox	US	[/flɔks/]
phonate	US	[/ˈfoʊˌneɪt/]
phone	US	[/foʊ̯n/]
phoned	US	[/foʊnd/]
phoneme	US	[/ˈfoʊ.nim/]
phonepost	US	[/foʊ̯npoʊst/]
phones	US	[/foʊnz/]
phonetic	US	[/fəˈnɛt.ɪk/, [fəˈnɛɾɪk]]
phoney	US	[-əʊni]
phoning	US	[/ˈfoʊnɪŋ/]
phony	US	[/ˈfoʊni/]
phony	US	[/ˈfoʊni/]
phosphate	US	[/ˈfɑsfeɪt/]
phosphatidate	US	[/fɒsˈfætɪdeɪt/]
phosphatide	US	[/ˈfɒsfətaɪd/]
phosphor	US	[/ˈfɑsfɚ/]
phosphorus	US	[/ˈfɑs.fɚ.əs/]
photo	US	[/ˈfoʊ.toʊ/, [ˈfŏʊɾoʊ]]
photocopy	US	[/ˈfəʊtəˌkɒpi/]
photog	US	[/fəˈtɒɡ/]
photograph	US	[/ˈfoʊ.təˌɡɹæf/, [ˈfoʊ̯.ɾəˌɡɹ̠æf]]
photographs	US	[/ˈfoʊ.təˌɡɹæfs/]
photography	US	[/fəˈtɑ.ɡɹə.fi/]
photoshop	US	[/ˈfoʊ.toʊ.ʃɑp/]
Phrygian	US	[/ˈfɹɪ.d͡ʒi.ən/]
phugoid	US	[/ˈfjuˌɡɔɪd/]
phylogeography	US	[-ɒɡɹəfi]
physical	US	[/ˈfɪzɪkəl/]
physician	US	[/fɪˈzɪʃən/]
physicist	US	[/ˈfɪzɪsɪst/]
physics	US	[/ˈfɪz.ɪks/]
physiology	US	[/ˌfɪziˈɑ.lə.d͡ʒi/]
physique	US	[-iːk]
pica	US	[/ˈpaɪkə/]
picaresque	US	[/pɪkəˈɹɛsk/]
Piccadilly	US	[/pɪkəˈdɪli/]
pickaxe	US	[/ˈpɪkˌæks/]
pickles	US	[/ˈpɪkəlz/]
picosecond	US	[/ˈpiː.kəʊˌsɛk.ənd/]
picture	US	[/ˈpɪk(t)ʃəɹ/]
pictures	US	[/ˈpɪkt͡ʃɚz/]
picturesque	US	[/pɪkt͡ʃəˈɹɛsk/]
pie	US	[-aɪ]
piecemeal	US	[/ˈpiːs.miːl/]
pieces	US	[/ˈpiːsɪz/]
Piedmont	US	[/ˈpiːdmɒnt/]
piepowder	US	[/ˈpaɪˌpaʊdɚ/]
pier	US	[/pɪɹ/]
pierce	US	[/pɪɹs/]
piercing	US	[/ˈpɪɹsɪŋ/]
pigeon	US	[/ˈpɪ.d͡ʒən/]
pigeonhole	US	[/ˈpɪdʒənˌ(h)oʊl/]
pigfucker	US	[/ˈpɪɡˌfʌkɚ/]
pigsty	US	[/ˈpɪɡstaɪ/]
Pikachu	US	[/ˈpiːkət͡ʃuː/]
Pilates	US	[/pɪˈlɑːtiːz/]
pilchard	US	[/ˈpɪl.t͡ʃɚd/]
pilfer	US	[/ˈpɪl.fɚ/]
pilferage	US	[/ˈpɪlf(ə)ɹɪd͡ʒ/]
pilgrims	US	[/ˈpɪlɡɹɪmz/]
pill	US	[/pɪl/, [pʰɪɫ]]
pillar	US	[/ˈpɪlɚ/]
pillow	US	[/ˈpɪloʊ/]
pillowcase	US	[/ˈpɪloʊˌkeɪs/]
pimento	US	[/pɪˈmɛntoʊ/]
pineal	US	[/ˈpɪnɪəl/]
pinko	US	[/pɪŋkoʊ/]
pinpoint	US	[/ˈpɪnpɔɪnt/]
pinstripe	US	[/ˈpɪnˌstɹaɪp/]
pioneer	US	[/ˌpaɪ.əˈnɪɹ/]
pipeline	US	[/ˈpaɪpˌlaɪn/]
pique	US	[/pik/]
pir	US	[/pɪɹ/]
pistil	US	[-ɪstəl]
pitfall	US	[/ˈpɪtfɔl/]
pitied	US	[/ˈpɪtid/]
pitiful	US	[/ˈpɪt.ɪ.fl̩/]
Pitjantjatjara	US	[/pɪt͡ʃənt͡ʃəˈt͡ʃaːrə/]
pivot	US	[/ˈpɪv.ət/]
pivot	US	[/ˈpɪv.ət/]
pivotal	US	[/ˈpɪvətəl/]
pixelated	US	[/ˈpɪk.səˌleɪt.əd/]
pizza	US	[/ˈpiːt.sə/, [ˈpʰit.sə]]
pizzicato	US	[/ˌpɪtsɪˈkɑːtoʊ/]
placeholder	US	[/ˈpleɪsˌhoʊldɚ/]
plan	US	[[plɛən]]
plane	US	[[pʰl̥ẽːn], [pʰl̥ẽːn]]
planets	US	[/ˈplænɪts/]
planks	US	[-æŋks]
plankton	US	[/ˈplæŋk.tən/]
planning	US	[/ˈplænɪŋ/]
plannings	US	[/ˈplænɪŋz/]
plantation	US	[/plænˈteɪʃən/]
plants	US	[/plænts/]
plaque	US	[/plæk/, [pʰl̥æk]]
plaster	US	[/ˈplæs.tɚ/]
plastic	US	[/ˈplæstɪk/, [ˈpʰlæstɪk]]
plateau	US	[/plæˈtoʊ/]
platform	US	[/ˈplætfɔɹm/]
platitude	US	[/ˈplætɪt(j)ud/]
platter	US	[-ætə(ɹ)]
platypodes	US	[/ˈplætɪpoʊdz/]
plausible	US	[/ˈplɑ.zɪ.bəl/]
playdate	US	[/pleɪ.deɪt/]
players	US	[/ˈpleɪɚz/]
playgirl	US	[/ˈpleɪˌɡɝl/]
playground	US	[/ˈpleɪɡɹaʊnd/]
PLC	US	[/ˌpiː ˌɛl ˈsiː/]
plc	US	[/ˌpiː ˌɛl ˈsiː/]
pleach	US	[/plit͡ʃ/]
plead	US	[/pliːd/]
pleas	US	[/pliz/]
please	US	[/pliz/]
pleasing	US	[/ˈplizɪŋ/]
pleasure	US	[/ˈplɛʒɚ/]
pleasures	US	[/ˈplɛʒɚz/]
plectrum	US	[/ˈplɛk.tɹəm/]
pled	US	[-ɛd]
plenitude	US	[/ˈplɛnɪtjuːd/]
plentiful	US	[/ˈplɛntɪfl̩/]
plenty	US	[/ˈplɛnti/, [ˈplɛɾ̃i], [ˈplɛni], [ˈplɪɾ̃i], [ˈplɪni]]
plenum	US	[/ˈplɛnəm/]
plethorically	US	[/pləˈθɔɹək(ə)li/]
pleura	US	[/ˈplʊɹ.ə/]
plexus	US	[/ˈplɛk.səs/]
plot	US	[/plɑt/]
pluck	US	[/plʌk/]
plumbic	US	[/ˈplʌmbɪk/]
plumbs	US	[/plʌmz/]
plumcake	US	[/ˈplʌmkeɪk/]
plumcot	US	[/ˈplʌm.kɑt/]
plume	US	[/ˈplum/]
plummet	US	[/ˈplʌmət/]
plumper	US	[/ˈplʌmpɚ/]
plumpness	US	[/ˈplʌmpnəs/]
plusher	US	[-ʌʃə(ɹ)]
Pluto	US	[/ˈplutoʊ/, [ˈpluɾoʊ]]
plutocracy	US	[/pluːˈtɑːkɹəsi/]
plywood	US	[/ˈplaɪwʊd/]
PM	US	[/ˌpiː ˈɛm/]
pneumonoultramicroscopicsilicovolcanoconiosis	US	[/nuˌmɑ.noʊ.ʌl.tɹə.maɪ.kɹoʊˈskɑ.pɪkˌsɪ.lɪ.koʊ.vɑl.keɪ.noʊ.koʊ.niˈoʊ.sɪs/]
pnictogen	US	[/ˈnɪktəd͡ʒən/]
poacher	US	[/ˈpoʊ.t͡ʃɚ/]
pocket	US	[/ˈpɑ.kɪt/]
pockets	US	[/ˈpɑkɪts/]
pococurante	US	[/ˌpoʊ.koʊ.kjuːˈɹɑːn.ti/]
pod	US	[/ˈpɑd/]
pods	US	[/pɑdz/]
poecilonym	US	[/ˈpiːsɪlənɪm/]
poetess	US	[/ˈpoʊ.ɪˌtɛs/]
poetical	US	[/poʊˈɛtɪkl̩/]
poetry	US	[/ˈpoʊətɹi/]
poets	US	[/ˈpoʊ.ɪts/]
pointed	US	[/ˈpɔɪntɪd/]
pointless	US	[/ˈpɔɪntləs/]
pointlessly	US	[/ˈpɔɪntləsli/]
poissonnier	US	[/ˈpwɑ.sɔn.jeɪ/]
poka	US	[/ˈpoʊkə/]
pol	US	[/pɑl/]
Poland	US	[/ˈpoʊ.lənd/]
polar	US	[/ˈpoʊ̯lɚ/, [ˈpʰoʊ̯lɚ]]
pole	US	[/poʊl/, [pʰoʊɫ], [pʰoəɫ]]
Pole	US	[/poʊl/, [pʰoʊɫ], [pʰoəɫ]]
polemicist	US	[/pəˈlɛmɪsɪst/]
poles	US	[/poʊlz/]
policeman	US	[/pəˈliːsmən/]
policy	US	[/ˈpɑləsi/]
Polish	US	[/ˈpoʊlɪʃ/]
Polish	US	[/ˈpoʊlɪʃ/]
polish	US	[/ˈpɑ.lɪʃ/]
polished	US	[/ˈpɑlɪʃt/]
politeness	US	[/pəˈlaɪtnəs/]
politicaster	US	[-æstə(ɹ)]
politician	US	[/ˌpɑləˈtɪʃ(ə)n/]
politicians	US	[/ˌpɑləˈtɪʃənz/]
politicomania	US	[-eɪniə]
polity	US	[/ˈpɑ.lə.ti/, [ˈpɑ.lə.ɾi]]
poll	US	[/poʊl/]
pollard	US	[/ˈpɑ.lɚd/]
pollen	US	[/ˈpɑlən/]
poller	US	[-əʊlə(ɹ)]
pollutant	US	[/pəˈl(j)uːtənt/]
polyacid	US	[-æsɪd]
polybasic	US	[-eɪsɪk]
polycule	US	[/ˈpɑ.li.kjul/]
polygamy	US	[/pəˈlɪɡ.ə.mi/]
polygon	US	[/ˈpɑliɡɑn/]
polygonal	US	[/pəˈlɪɡənəl/]
polyhedron	US	[/pɒliˈhiːdɹən/]
polymer	US	[/ˈpɑ.lɪ.mɚ/]
polymorphic	US	[/ˌpɑliˈmɔɹfɪk/]
Polynesian	US	[-iːʒən]
polynomials	US	[/pɑ.lə.noʊ.mi.l/]
polyphony	US	[/pəˈlɪfəni/]
polyptoton	US	[/ˌpɑ.ləpˈtoʊ.tɑn/]
polytheism	US	[/pɒl.ɪˈθiː.ɪz.əm/]
polytonic	US	[/ˌpɑliˈtɑnɪk/]
polyzoa	US	[/pɒliˈzəʊ.ə/]
pomelo	US	[/ˈpɑməloʊ/]
Pomona	US	[-əʊnə]
Pompeii	US	[/pɑːmˈpeɪ(i)/]
poncho	US	[/ˈpɑn.t͡ʃoʊ/]
pond	US	[/pɑnd/]
ponder	US	[/ˈpɑn.dɚ/]
pondered	US	[/ˈpɑn.dɚd/]
ponderous	US	[/ˈpɑn.dɚ.əs/]
Pondicherry	US	[/ˈpɒndɪtʃɛɹi/]
poobah	US	[/ˈpuːbɑː/]
pooer	US	[-uːə(ɹ)]
Pooh	US	[/puː/]
pooh	US	[/pu/]
pooltoy	US	[/ˈpulˌtɔɪ/]
poophead	US	[/ˈpuːp.hɛd/]
poopyhead	US	[/ˈpuːp.iˌhɛd/]
poor	US	[/poɹ/]
Pootin	US	[-uːtən]
pop	US	[/pɑp/]
popcorn	US	[/ˈpɑp.kɔɹn/]
pope	US	[/poʊp/]
popinjay	US	[/ˈpɑpənˌd͡ʒeɪ/]
poplar	US	[/ˈpɑ.plɚ/]
poppets	US	[/ˈpɒ.pɪts/]
poppy	US	[/ˈpɑpi/]
poppycock	US	[/ˈpɑpiˌkɑk/]
popular	US	[/ˈpɑpjəlɚ/]
population	US	[/ˌpɑ.pjəˈleɪ.ʃən/]
porch	US	[/pɔɹt͡ʃ/]
pore	US	[/poɹ/]
pores	US	[/pɔɹz/]
pork	US	[/poɹk/]
pornomania	US	[-eɪniə]
pornomaniac	US	[-eɪniæk]
pornotopia	US	[/ˌpɔɹ.nəˈtoʊ.pi.ə/]
porpoise	US	[/ˈpɔːɹpəs/]
port	US	[/pɔɹt/]
portal	US	[/ˈpɔːɹtəl/, [ˈpʰɔːɹɾɫ̩]]
portion	US	[/ˈpɔɹʃən/]
portions	US	[/ˈpɔɹʃənz/]
portmanteaux	US	[/pɔɹtˈmæntoʊz/]
ports	US	[/pɔɹts/]
Portugal	US	[/ˈpɔɹt͡ʃəɡəl/]
Portuguese	US	[/ˈpɔɹ.t͡ʃə.ɡiz/]
pos	US	[/pɑz/]
pose	US	[/poʊz/]
posedown	US	[/ˈpəʊz.daʊn/]
Poseidon	US	[/pəˈsaɪdn̩/]
position	US	[/pəˈzɪʃ.(ə)n/]
positions	US	[/pəˈzɪʃənz/]
POSIX	US	[/ˈpɒz.ɪks/]
possessions	US	[/pəˈzɛʃənz/]
possessor	US	[[pʰəˈzɛsə(ɹ)]]
possibilities	US	[/ˌpɑ.səˈbɪl.ə.tiz/, [ˌpɑ.səˈbɪl.ə.ɾiz]]
possibility	US	[/ˌpɑ.səˈbɪl.ə.ti/, [ˌpɑ.səˈbɪl.ə.ɾi]]
possible	US	[/ˈpɑ.sə.bl̩/]
possibly	US	[/ˈpɑsəbli/]
POSSLQ	US	[/ˈpɑsl̩ˌkju/]
post	US	[/poʊst/]
POST	US	[/poʊst/]
postcard	US	[/ˈpoʊstˌkɑɹd/]
posted	US	[/poʊstɪd/]
poster	US	[/ˈpoʊstɚ/]
posthaste	US	[/ˌpoʊstˈheɪst/]
postmodernism	US	[/pəʊstˈmɑdɚnɪzəm/]
postoperative	US	[/poʊstˈɑpəɹətɪv/]
postpone	US	[/poʊstˈpoʊn/]
postprandial	US	[/ˌpoʊs(t)ˈpɹæn.di.əl/]
posts	US	[/poʊsts/]
postscript	US	[/ˈpoʊst.skɹɪpt/]
potash	US	[/ˈpɑt.æʃ/]
potassium	US	[/pəˈtæsiəm/]
potato	US	[/pəˈteɪ.toʊ/, [-ˈteɪ.ɾoʊ], [pə̥ˈtʰeˑɾo]]
potatoes	US	[/pəˈteɪtoʊz/]
potential	US	[/po(ʊ)ˈtɛnʃəl/]
potlatch	US	[/ˈpɑtˌlæt͡ʃ/]
Potomac	US	[/pəˈtoʊmək/]
pottage	US	[/ˈpɑtɪd͡ʒ/]
potter	US	[/ˈpɑtɚ/]
poult	US	[/poʊlt/]
pour	US	[/poɹ/]
poured	US	[/pɔɹd/]
poverty	US	[/ˈpɑːvɚti/]
powdered	US	[/ˈpaʊdɚd/]
powders	US	[/ˈpaʊ.dɚz/]
powerful	US	[/ˈpaʊɚfəl/]
powerfully	US	[/ˈpaʊɚf(ə)li/]
powerless	US	[/ˈpaʊɚləs/]
powers	US	[/ˈpaʊ.ɚz/]
practicable	US	[/ˈpɹæktɪkəbəl/]
practical	US	[/ˈpɹæktɪkəl/]
practically	US	[/ˈpɹæktɪk(ə)li/]
practiced	US	[/ˈpɹæktɪst/]
practiced	US	[/ˈpɹæktɪst/]
practices	US	[/ˈpɹæktɪsɪz/]
practicum	US	[/ˈpɹæk.tɪ.kəm/]
pragmatic	US	[/pɹæɡˈmætɪk/]
pragmatics	US	[-ætɪks]
prance	US	[/pɹæn(t)s/]
praseodymium	US	[/ˌpɹeɪzioʊˈdɪmiəm/]
preaspiration	US	[/ˌpɹiːˌæspəˈɹeɪʃən/]
Precambrian	US	[/priˈkæm.bɹi.ən/]
precedent	US	[/pɹɪˈsiː.dənt/]
precinct	US	[/ˈpɹisɪŋkt/]
precipitous	US	[/pɹɪˈsɪpɪtəs/]
precipitously	US	[/pɹɪˈsɪ.pɪ.təs.li/]
precisely	US	[/pɹɪˈsaɪsli/]
precognitive	US	[/pɹiˈkɑɡ.nə.tɪv/]
preconceive	US	[-iːv]
predation	US	[-eɪʃən]
predatory	US	[/ˈpɹɛdəˌtoɹi/]
Predditor	US	[/ˈpɹɛdɪtə(ɹ)/]
predicted	US	[/pɹɪˈdɪktɪd/]
predictor	US	[/pɹɪˈdɪk.tɚ/]
predisposition	US	[/ˌpridɪspəˈzɪʃən/]
predominant	US	[/pɹɪˈdɒmɪnənt/]
predominantly	US	[/pɹɪˈdɒmɪnəntli/]
preemptive	US	[/pɹiːˈɛmp.tɪv/]
prefer	US	[[pɹɪˈfɝ]]
preferred	US	[/pɹɪˈfɝd/]
prefigure	US	[/pɹiːfɪɡjɚ/]
prehensile	US	[/pɹiˈhɛnsəl/]
prehistoric	US	[-ɒɹɪk]
prejudge	US	[-ʌdʒ]
prejudice	US	[/ˈpɹɛd͡ʒədɪs/]
premium	US	[/ˈpɹiː.miː.əm/]
prenup	US	[/ˈpɹiːnʌp/]
prenuptual	US	[/pɹiˈnʌp.t͡ʃwəɫ/]
preoccupy	US	[/pɹiˈɑkjupaɪ/]
preparations	US	[/pɹɛpəˈɹeɪʃənz/]
preparative	US	[/pɹəˈpæɹətɪv/]
prepared	US	[/pɹɪˈpɛɹd/]
preparing	US	[/pɹɪˈpɛɹɪŋ/]
prepay	US	[-eɪ]
prepone	US	[-əʊn]
preposition	US	[/ˌpɹɛpəˈzɪʃən/]
prepuce	US	[/ˈpɹiːpjuːs/]
preschool	US	[/ˈpɹiːskuːl/]
prescribed	US	[/pɹəˈskɹaɪbd/]
presence	US	[/ˈpɹɛz(ə)ns/]
presented	US	[/pɹɪˈzɛntɪd/]
presently	US	[/ˈpɹɛzəntli/]
preservative	US	[/prɪˈzəːvətɪv/]
preserve	US	[/pɹəˈzɝv/]
preserved	US	[/pɹəˈzɝvd/]
pressure	US	[/ˈpɹɛʃə(ɹ)/]
prestidigitation	US	[/ˌpɹɛstəˌdɪd͡ʒɪˈteɪʃən/]
presumably	US	[/pɹɪˈzuːməbli/]
pretence	US	[/ˈpɹiːtɛns/]
pretenders	US	[/pɹɪˈtɛndə(ɹ)z/]
pretense	US	[/ˈpɹiːtɛns/]
preternatural	US	[/ˌpɹi.tɚˈnæt͡ʃ.(ə)ɹ.əl/]
prettiest	US	[/ˈpɹɪt.i.ɪst/]
prettiest	US	[/ˈpɹɪt.i.ɪst/]
prettify	US	[/ˈpɹɪtɪfʌɪ/]
pretty	US	[/ˈpɹɪti/, [ˈpɹɪɾi]]
prevailed	US	[/pɹɪˈveɪld/]
prevailing	US	[/pɹɪˈveɪ.lɪŋ/]
preventative	US	[/pɹɪˈvɛntətɪv/]
prevented	US	[/pɹɪˈvɛntɪd/]
previous	US	[/ˈpɹi.vi.əs/]
previously	US	[/ˈpɹivi.əsli/]
prevocalic	US	[/pɹi.voʊˈkæl.ɪk/]
priapism	US	[/ˈpraɪ.əˌpɪ.zəm/]
price	US	[/pɹaɪs/]
pricings	US	[/ˈpɹaɪsɪŋz/]
priesthood	US	[/ˈpɹiːstˌhʊd/]
primacy	US	[/ˈpɹaɪ.mə.si/]
primate	US	[/ˈpɹaɪmeɪt/]
primates	US	[/ˈpɹaɪmeɪts/]
primipara	US	[/pɹaɪˈmɪpəɹə/]
primordial	US	[/pɹaɪˈmɔɹ.di.əl/]
principality	US	[/pɹɪnsɪˈpælɪti/]
printed	US	[/ˈpɹɪntɪd/]
prior	US	[/ˈpɹaɪ.(ə)ɹ/]
prioritization	US	[/prʌɪˌɒrətʌɪˈzeɪʃ(ə)n/]
prism	US	[/ˈpɹɪzəm/]
privilege	US	[/ˈpɹɪv(ɪ)lɪd͡ʒ/]
privileged	US	[/ˈpɹɪv(ɪ)lɪdʒd/]
privileges	US	[/ˈpɹɪv(ɪ)lɪd͡ʒɪz/]
privy	US	[-ɪvi]
proactive	US	[/pɹoʊˈæk.tɪv/]
probable	US	[/ˈpɹɑbəbl̩/]
probation	US	[/ˌpɹoʊˈbeɪʃən/]
probiotic	US	[-ɒtɪk]
probit	US	[-ɒbɪt]
problem	US	[/ˈpɹɑbləm/]
problems	US	[/ˈpɹɑbləmz/]
procedure	US	[/pɹəˈsid͡ʒɚ/]
proceed	US	[/pɹəˈsid/]
proceeded	US	[/pɹəˈsiːdɪd/]
processes	US	[/ˈpɹɑsɛsɪz/]
processing	US	[/ˈpɹɑsɛsɪŋ/]
procession	US	[/pɹəˈsɛʃən/]
processors	US	[[ˈpɹɑ.sɛs.ɚz]]
proclamation	US	[/ˌpɹɑkləˈmeɪʃən/]
procrastinator	US	[-eɪtə(ɹ)]
produce	US	[/pɹəˈdus/]
produced	US	[/pɹəˈdust/]
produces	US	[/pɹəˈdusɪz/]
producing	US	[/pɹəˈdusɪŋ/]
production	US	[/pɹəˈdʌkʃən/]
productions	US	[/pɹəˈdʌkʃənz/]
products	US	[/ˈpɹɑ.dəkts/]
professional	US	[/pɹəˈfɛʃənəl/]
professor	US	[/pɹəˈfɛsɚ/]
proffer	US	[/ˈpɹɑfɚ/]
proficiency	US	[/pɹəˈfɪʃənsi/]
profit	US	[/ˈpɹɑfɪt/]
profitable	US	[/ˈpɹɑ.fɪ.tə.bl̩/]
profits	US	[/ˈpɹɑfɪts/]
profoundly	US	[/pɹəˈfaʊndli/]
profusely	US	[/pɹəˈfjusli/]
progesterone	US	[/pɹoʊˈd͡ʒɛstəˌɹoʊn/]
prognostic	US	[/pɹɑɡˈnɑs.tɪk/]
prognosticate	US	[/pɹɒɡˈnɒstɪkeɪt/]
prognostics	US	[/pɹɑɡˈnɑstɪks/]
prognostics	US	[/pɹɑɡˈnɑstɪks/]
programmable	US	[/pɹəʊˈɡɹæməbəl/]
programme	US	[/ˈpɹoʊˌɡɹæm/]
programming	US	[/ˈpɹoʊɡɹæmɪŋ/]
programs	US	[/ˈpɹoʊ.ɡɹæmz/]
prohibition	US	[/ˌpɹoʊ(h)ɪˈbɪʃən/]
prohibitive	US	[/pɹəˈhɪbɪtɪv/]
projected	US	[/pɹəˈd͡ʒɛktɪd/]
projecting	US	[/pɹəˈd͡ʒɛktɪŋ/]
proliferation	US	[/pɹəˌlɪf.əˈɹeɪ.ʃən/]
prom	US	[/pɹɑm/]
Prometheus	US	[/pɹoʊˈmiθi.əs/]
prominent	US	[/ˈpɹɑmɪnənt/]
prominently	US	[/ˈpɹɑmɪnəntli/]
promise	US	[/ˈpɹɑmɪs/]
promised	US	[/ˈpɹɑ.mɪst/]
promises	US	[/ˈpɹɑmɪsɪz/]
promote	US	[/pɹəˈmoʊt/]
promoter	US	[-əʊtə(ɹ)]
promoting	US	[/pɹəˈmoʊtɪŋ/]
promotion	US	[/pɹəˈmoʊʃən/]
prompt	US	[/pɹɑmpt/]
promptly	US	[/ˈpɹɑmptli/]
promulgate	US	[/ˈpɹɑ.məl.ɡeɪt/]
pronoun	US	[/ˈpɹoʊ.naʊn/]
pronounced	US	[/pɹəˈnaʊnst/]
pronounciation	US	[/pɹəˌnaʊn.siˈeɪ.ʃən/]
proof	US	[/pɹuf/]
propaganda	US	[/ˌpɹɒpəˈɡændə/]
propagate	US	[/ˈpɹɑpəˌɡeɪt/]
propagation	US	[-eɪʃən]
propane	US	[/ˈpɹoʊpeɪn/]
propel	US	[/pɹəˈpɛl/]
proper	US	[/ˈpɹɑ.pɚ/]
properly	US	[/ˈpɹɑ.pɚ.li/]
properties	US	[/ˈpɹɑpɚtiz/]
property	US	[/ˈpɹɑ.pɚ.ti/, [ˈpɹɑ.pɚ.ɾi]]
prophecy	US	[/ˈpɹɑfɪsi/]
prophet	US	[/ˈpɹɑ.fɪt/]
propitious	US	[/pɹoʊˈpɪʃəs/]
proponent	US	[/pɹəˈpoʊnənt/]
proportion	US	[/pɹəˈpɔɹʃən/]
proportionally	US	[/pɹəˈpɔɹʃənəli/]
propose	US	[/pɹəˈpoʊz/]
proposed	US	[/pɹəˈpoʊzd/]
proposition	US	[/ˌpɹɑpəˈzɪʃən/]
propper	US	[/ˈpɹɑpəɹ/]
proprietor	US	[/pɹəˈpɹaɪətɚ/]
prorogue	US	[/pɹoʊˈɹoʊɡ/]
prosaic	US	[/pɹoʊˈzeɪ.ɪk/]
prose	US	[/ˈpɹoʊz/]
prosopagnosia	US	[/ˌpɹɑsoʊpæɡˈnoʊʒə/]
prospect	US	[-ɛkt]
prospect	US	[-ɛkt]
prospects	US	[/ˈpɹɑspɛkts/]
prosperity	US	[/pɹɑˈspɛɹ.ɪ.ti/]
prosperous	US	[/ˈpɹɑs.pə.ɹəs/]
prostaglandin	US	[/pɹɒstəˈɡlændɪn/]
prostatectomy	US	[-ɛktəmi]
prosthesis	US	[/pɹɒsˈθiːsɪs/]
prostitute	US	[/ˈpɹɑːstətuːt/]
protactinium	US	[/ˌpɹoʊ.tækˈtɪn.i.əm/]
protagonist	US	[/pɹoʊˈtæɡ.ə.nɪst/]
protected	US	[/pɹəˈtɛktɪd/]
protectionism	US	[/pɹəˈtɛkʃənɪzəm/]
protector	US	[/pɹəˈtɛktɚ/]
protein	US	[/ˈpɹoʊ.tiːn/]
protest	US	[/ˈpɹoʊ.tɛst/]
Protestant	US	[/ˈpɹɑtɪstənt/]
proton	US	[/ˈpɹoʊ.tɑn/]
protonation	US	[/ˌpɹoʊtəˈneɪʃən/]
prototype	US	[/ˈpɹoʊtəˌtaɪp/]
protuberance	US	[/pɹoʊˈtuːbəɹəns/]
proven	US	[/ˈpɹuvən/]
proverb	US	[/ˈpɹɑvɝb/]
provided	US	[/pɹəˈvaɪdɪd/]
providence	US	[/ˈpɹɒvɪdəns/]
province	US	[/ˈpɹɑv.ɪns/]
provinces	US	[/ˈpɹɑvɪnsɪz/]
provincial	US	[/pɹəˈvɪn(t)ʃəl/]
provision	US	[/pɹəˈvɪʒ.ən/]
provisional	US	[/pɹəˈvɪʒənəl/]
provisions	US	[/pɹəˈvɪʒ.ənz/]
proviso	US	[/pɹəˈvaɪzoʊ/]
provocation	US	[/ˌpɹɑvəˈkeɪʃən/]
provoke	US	[/pɹəˈvoʊk/]
proximity	US	[/pɹɑkˈsɪm.ɪ.ti/, [pɹɑkˈsɪm.ɪ.ɾi]]
proxy	US	[/ˈpɹɑk.si/]
prudery	US	[/ˈpɹuːdəɹi/]
pruning	US	[/ˈpɹuːnɪŋ/]
prurient	US	[/ˈpɹʊɹ.i.ənt/]
psammophile	US	[/ˈsæməfaɪl/]
psammophilous	US	[/sæmˈɒfɪləs/]
pseud	US	[/suːd/]
pseudo	US	[/ˈsuːdoʊ/]
pseudoactive	US	[/ˌ(p)suːdəʊˈaktɪv/]
pseudobipolar	US	[-əʊlə(ɹ)]
pseudocide	US	[/ˈs(j)uːdoʊ̯ˌsaɪ̯d/]
pseudodeficient	US	[-ɪʃənt]
pseudodental	US	[-ɛntəl]
pseudofluorescent	US	[-ɛsənt]
pseudograph	US	[/ˈsudoʊˌɡɹæf/]
pseudoinnocence	US	[/suːdoʊˌɪnəsəns/]
pseudolabium	US	[-eɪbiəm]
pseudomembrane	US	[-ɛmbɹeɪn]
pseudomembranous	US	[-ɛmbɹənəs]
pseudomessiah	US	[/ˈsudoʊmɪˌsaɪə/]
pseudonormalization	US	[-eɪʃən]
pseudoprogressive	US	[-ɛsɪv]
pseudorabies	US	[/ˌsudoʊˈreɪˌbiz/]
pseudoseptum	US	[-ɛptəm]
pseudostratified	US	[/ˈsuː.doʊˌstɹætəfɑɪd/]
pseudotensor	US	[-ɛnsə(ɹ)]
pseudotime	US	[-aɪm]
psilosopher	US	[/psɪˈlɑsəfɚ/]
psoriasis	US	[/səˈɹaɪ.əsɪs/]
psst	US	[/psːː(t)/]
psychiatrist	US	[/ˌsaɪˈkaɪ.ə.tɹɪst/]
psychologist	US	[/ˌsaɪˈkɑl.ə.d͡ʒɪst/]
psychomancy	US	[/ˈsaɪkoʊˌmænsi/]
psychopathies	US	[/saɪˈkɑpəθiz/]
psychopathy	US	[/saɪˈkɑpəθi/]
psychosomatic	US	[/ˌsaɪkoʊsəˈmædɪk/]
psychotherapy	US	[/ˌsaɪkoʊˈθɛɹəpi/]
ptomaine	US	[/ˈtoʊmeɪn/]
pub	US	[/pʌb/]
pubis	US	[/ˈpju.bɪs/]
publicly	US	[/ˈpʌblɪkli/]
publish	US	[/ˈpʌblɪʃ/]
published	US	[/ˈpʌblɪʃt/]
publisher	US	[/ˈpʌblɪʃɚ/]
puckish	US	[/ˈpʌkɪʃ/]
Puducherry	US	[/ˌpʊdʊˈt͡ʃɛɹi/]
pueblo	US	[/ˈpwɛ.bloʊ/]
pugilist	US	[/ˈpju(ː).d͡ʒəlɪst/]
pulchritudinous	US	[/ˌpʌlkɹɪˈtjuːdɪnəs/]
pullover	US	[/ˈpʊləʊvə(ɹ)/]
pullulate	US	[/ˈpʌl.jʊ.leɪt/]
pulsate	US	[/ˈpʌl.seɪt/]
pulse	US	[/pʌls/, [pəls]]
puncture	US	[/ˈpʌŋkt͡ʃɚ/]
pundit	US	[/ˈpʌn.dɪt/]
pungent	US	[/ˈpʌnd͡ʒənt/]
punishment	US	[/ˈpʌnɪʃmənt/]
punitive	US	[/ˈpju.nɪ.tɪv/]
punk	US	[/pəŋk/]
punker	US	[-ʌŋkə(ɹ)]
punting	US	[/ˈpʌntɪŋ/]
pupils	US	[/pjuːpəlz/]
PUPPP	US	[/pʌp/]
puppygirl	US	[/ˈpʌ.piˌɡɜɹl/]
purchase	US	[/ˈpɝ.t͡ʃəs/]
purge	US	[/pɜɹd͡ʒ/]
purging	US	[-ɜː(ɹ)dʒɪŋ]
purple	US	[/ˈpɝ.pəl/, [ˈpɹ.pl]]
purpose	US	[/ˈpɝpəs/]
purposely	US	[/ˈpɝpəsli/]
purposes	US	[/ˈpɝpəsɪz/]
purr	US	[/pɝ/]
purse	US	[/pɜɹs/]
Purse	US	[/pɝs/]
pursue	US	[/pɚˈsu/]
pursued	US	[/pɚˈsud/]
pursuing	US	[/pɚˈsu.ɪŋ/]
pursuit	US	[/pɜːɹˈsuːt/]
purview	US	[/ˈpɜː(ɹ)vjuː/]
push	US	[/pʊʃ/]
pushbike	US	[/ˈpʊʃˌbaɪk/]
pushover	US	[/ˈpʊʃəʊvə(ɹ)/]
pusillanimity	US	[/pjuːsɪləˈnɪmɪti/]
put	US	[/pʊt/, [pʰʊʔt]]
putinisation	US	[-eɪʃən]
putrefy	US	[/ˈpjutɹəfaɪ/]
putting	US	[/ˈpʊtɪŋ/, [ˈpʰʊtɪŋ]]
puzzled	US	[/ˈpʌ.zl̩d/]
pygmy	US	[/pɪɡmiː/]
pygophile	US	[/ˈpaɪɡəfaɪl/]
pygophilia	US	[/ˌpaɪɡəˈfiː.li.ə/]
pyramid	US	[/ˈpɪɹəmɪd/]
pyrite	US	[/ˈpaɪˌɹaɪt/]
pyrogenic	US	[-ɛnɪk]
pyrolysis	US	[/paɪˈɹɑləsɪs/]
pyrotechnic	US	[/ˌpaɪɹoʊˈtɛknɪk/]
pyrotechnics	US	[/ˌpaɪ.ɹəˈtɛk.nəks/]
pyrovalerone	US	[/paɪ.roʊˈvæl.ɚ.roʊn/]
pyroxene	US	[/paɪˈɹɑk.sin/]
pyrrolidone	US	[/ˈpɪɹəlɪˌdəʊn/]
Q	US	[/kju/]
Q	US	[/kju/]
qoph	US	[[kʰɑf], [kʰɑf]]
qua	US	[/kwɑː/, -ɑː]
quackery	US	[/ˈkwak(ə)ri/]
quadrangle	US	[/ˈkwɒdˌɹæŋ.ɡəl/]
quadrilateral	US	[/ˌkwɑd.ɹəˈlæt.ɚ.əl/]
quadrobist	US	[/kwɑˈdɹoʊ.bɪst/]
qualifications	US	[/ˌkwɑlɪfɪˈkeɪʃənz/]
qualitative	US	[/ˈkwɑ.ləˌteɪ.tɪv/, [ˈkwɑ.ləˌteɪ.ɾɪv]]
quality	US	[/ˈkwɑləti/, [ˈkʰwɑ.lə.ɾi]]
quantity	US	[/ˈkwɑn(t)ɪti/, [ˈkʰwɑn(ɾ)ɨɾi], [ˈkʰwɑn(tʰ)ɨtʰi]]
quantity	US	[/ˈkwɑn(t)ɪti/, [ˈkʰwɑn(ɾ)ɨɾi], [ˈkʰwɑn(tʰ)ɨtʰi]]
quantum	US	[/ˈkwɑntəm/]
quantum	US	[/ˈkwɑntəm/]
quaquaversal	US	[/kweɪkwəˈvɜːsəl/]
quarrel	US	[/ˈkwɔɹəl/]
quarrelsome	US	[/ˈkwɔɹəlsəm/]
quarry	US	[/ˈk(w)ɔɹ.i/]
quarryman	US	[/ˈkwɔɹ.i.mən/]
quarter	US	[/ˈk(w)ɔɹ.tɚ/]
quarterback	US	[/ˈkwɔːtəbak/]
quarterfinal	US	[-aɪnəl]
quartic	US	[-ɔː(ɹ)tɪk]
quartz	US	[/k(w)ɔɹts/]
quasar	US	[/ˈkweɪ.zɑɹ/]
Quasimodo	US	[/ˌkwɑ.ziˈmoʊ̯.doʊ̯/]
quatre	US	[/ˈkætə(ɹ)/]
queasiness	US	[/ˈkwi.zi.nəs/]
queens	US	[-iːnz]
Queensland	US	[/ˈkwiːnzlənd/]
queer	US	[/kwɪɹ/]
Quentin	US	[/ˈkwɛntɪn/]
questionable	US	[/ˈkwɛst͡ʃənəbl̩/]
questioned	US	[/ˈkwɛst͡ʃənd/]
questionnaire	US	[/ˌkwɛs.t͡ʃəˈnɛɹ/]
questions	US	[/ˈkwɛst͡ʃənz/]
quettabyte	US	[/ˈkwɛtəbaɪt/]
quickload	US	[/ˈkwɪk.loʊd/]
quidnunc	US	[/ˈkwɪdˌnʌŋk/]
quieten	US	[/ˈkwaɪ.ə.tən/]
quilter	US	[/ˈkwɪtlɚ/]
quinoline	US	[/ˈkwɪnəliːn/]
quintessential	US	[/ˌkwɪntɪˈsɛnʃəl/]
quintessentially	US	[/ˌkwɪntɪˈsɛnʃəli/]
quintillionth	US	[/kwɪnˈtɪl.i.ənθ/]
quirk	US	[/kwɝk/]
quirkyalone	US	[/ˈkwɝki.əloʊn/]
quitclaim	US	[/ˈkwɪtkleɪm/]
quizzacious	US	[/kwɪˈzeɪʃəs/]
quizzicle	US	[/ˈkwɪzɪkəl/]
quo	US	[/kwoʊ/]
quod	US	[/kwɑd/]
quorum	US	[/ˈkwɔːɹəm/]
quorums	US	[/ˈkwɔːɹ.əmz/]
quotation	US	[/kwoʊˈteɪʃən/]
quotations	US	[/kwoʊˈteɪʃənz/]
quoted	US	[/ˈkwoʊtɪd/]
quoth	US	[/kwoʊθ/]
quotidian	US	[/kwɵˈtɪdɪən/]
quotient	US	[/ˈkwoʊʃənt/]
R	US	[/ɑɹ/]
rabbi	US	[/ˈɹæ.baɪ/]
rabid	US	[/ˈɹæbɪd/]
racetrack	US	[/ˈɹeɪsˌtɹæk/]
racism	US	[/ˈɹeɪsɪzm̩/]
radar	US	[/ˈɹeɪ.dɑɹ/, [ˈɹeɪ.ɾɑɹ]]
radiferous	US	[-ɪfəɹəs]
radii	US	[/ˈɹeɪ.di.aɪ/]
radio	US	[/ˈɹeɪdiˌoʊ/]
radiography	US	[-ɒɡɹəfi]
raft	US	[/ɹæft/]
ragamuffin	US	[/ˈɹæɡəˌmʌfɪn/]
raggedy	US	[/ˈɹæɡɪdi/]
raging	US	[-eɪd͡ʒɪŋ]
Ragnarok	US	[/ˈɹæɡ.nəˌɹɔk/]
railer	US	[-eɪlə(ɹ)]
railwayman	US	[/ˈɹeɪlweɪmən/]
raincoat	US	[/ˈɹeɪnkoʊt/]
rainproof	US	[/ˈɹeɪnpɹuːf/]
rainstorm	US	[/ˈɹeɪnstɔɹm/]
Rajasthan	US	[/ˈɹɑːd͡ʒəstæn/]
Rakhine	US	[/rəˈkaɪn/]
Ralph	US	[/ɹælf/]
RAM	US	[/ɹæm/]
rambunctious	US	[/ɹæmˈbʌŋ(k)ʃəs/]
ramification	US	[/ˌɹæməfəˈkeɪʃən/]
rampage	US	[/ˈɹæmpeɪd͡ʒ/]
rampart	US	[/ˈɹæm.pɑː(ɹ)t/]
ramshackle	US	[/ˈɹæmˌʃæk.əl/]
ranch	US	[/ɹænt͡ʃ/]
rancorous	US	[/ˈɹæŋ.kəɹ.əs/]
randomness	US	[/ˈɹændəmnəs/]
randy	US	[/ˈɹændi/]
rang	US	[/ɹæŋ/]
ranking	US	[/ˈɹæŋ.kɪŋ/]
rapidly	US	[/ˈɹæpɪdli/]
rapine	US	[/ˈɹæpaɪn/]
rapscallion	US	[/ɹæpˈskæljən/]
rapture	US	[/ˈɹæpt͡ʃɚ/]
Rapunzel	US	[/ɹəˈpʌnzəl/]
rarely	US	[/ˈɹɛəɹli/]
rarity	US	[/ˈɹɛɹ.ə.ti/]
rascal	US	[/ˈɹæskl̩/]
raspy	US	[/ˈɹæsp.i/]
rather	US	[/ˈɹæðɚ/]
rating	US	[/ˈɹeɪtɪŋ/, [ˈɹeɪɾɪŋ]]
rattail	US	[/ˈɹæt.teɪl/]
rattan	US	[/ɹəˈtæn/]
ratty	US	[/ˈɹæti/, [-ɾi]]
raucous	US	[/ˈɹɔkəs/]
razor	US	[/ˈɹeɪzɚ/]
razorback	US	[/ˈɹeɪzɚˌbæk/]
razz	US	[/ɹæz/]
reachable	US	[/ˈɹiːtʃəbəl/]
reactor	US	[/ɹiˈæktɚ/]
read	US	[/ɹid/]
reader	US	[/ˈɹidɚ/]
readers	US	[/ˈɹidɚz/]
readies	US	[-ɛdiz]
readily	US	[/ˈɹɛdɪli/]
ready	US	[/ˈɹɛd.i/]
reaffirm	US	[/ɹiːəˈfɜː(ɹ)m/]
Reagan	US	[/ˈɹeɪɡən/]
Reaganomics	US	[/ˌreɪɡəˈnɑmɪks/]
realised	US	[/ˈɹi.ə.laɪzd/]
realism	US	[/ˈɹi.əlɪzəm/]
realize	US	[/ˈɹi.(ə)ˌlaɪz/]
realized	US	[/ˈɹi.(ə.)laɪzd/]
reap	US	[/ɹip/]
reaper	US	[/ˈɹiːpɚ/]
rear	US	[/ɹɪ(ə)ɹ/]
reared	US	[/ɹɪɹd/]
reasoning	US	[/ˈɹiːzənɪŋ/]
reasons	US	[/ˈɹiːzənz/]
reassemble	US	[/ˌɹiːəˈsɛmbəl/]
reassess	US	[/ˌɹiː.əˈsɛs/]
rebarbative	US	[/ɹɪˈbɑɹbətɪv/]
rebel	US	[/ˈɹɛbəl/]
rebuttal	US	[/ɹiˈbʌt.əl/, [ɹiˈbʌɾ.əl]]
receiver	US	[/ɹəˈsi.vɚ/]
recently	US	[/ˈɹiːsəntli/]
reception	US	[/ɹɪˈsɛp.ʃn̩/]
receptor	US	[/ɹɪˈsɛp.tɚ/]
reciprocal	US	[/ɹɪˈsɪpɹək(ə)l/]
reciprocate	US	[/ɹɪˈsɪpɹəˌkeɪt/]
reckoned	US	[/ˈɹɛkənd/]
recognition	US	[/ˌɹɛkəɡˈnɪʃən/]
recognized	US	[/ˈɹɛkəɡnaɪzd/]
recognizing	US	[/ˈɹɛk.əɡˌnaɪ.zɪŋ/]
recollect	US	[/ɹɛkəˈlɛkt/]
reconciliation	US	[/ˌɹɛkənˌsɪliˈeɪʃ(ə)n/]
reconciliatory	US	[/ˌrɛkənˈsɪli.ətɔri/]
reconnoiter	US	[/ˌɹɛkəˈnɔɪtɚ/, [ˌɹˠɛkəˈnɔɪ̯ɾɚ]]
reconnoitre	US	[/ˌɹɛkəˈnɔɪtɚ/, [ˌɹˠɛkəˈnɔɪ̯ɾɚ]]
reconstitute	US	[/ɹiˈkɑnstɪˌt(j)ut/]
reconstruction	US	[/ˌɹikənˈstɹʌkʃən/]
records	US	[/ˈɹɛkɚdz/]
recovered	US	[/ɹɪˈkʌvɚd/]
recriminate	US	[/ɹɪˈkɹɪmɪneɪt/]
recrimination	US	[/ɹiˌkɹɪməˈneɪʃən/]
rectangle	US	[/ˈrɛktæŋɡl̩/]
rectangular	US	[/ɹɛkˈtæŋɡjəlɚ/]
rector	US	[/ˈɹɛktɚ/]
rectory	US	[/ˈɹɛktəɹi/]
recurrent	US	[/ɹɪˈkɝənt/]
redd	US	[/ɹɛd/]
reddest	US	[/ˈɹɛdɪst/]
reddest	US	[/ˈɹɛdɪst/]
redemption	US	[/ɹɪˈdɛmpʃən/]
redex	US	[/ˈɹiːdɛks/]
redirect	US	[-ɛkt]
redistribution	US	[/ˌɹiːdɪstɹəˈbjuːʃən/]
redolent	US	[/ˈɹɛd.ə.lənt/]
redshirt	US	[/ˈɹɛd.ʃəː(ɹ)t/]
reduce	US	[/ɹɪˈd(j)us/]
reducing	US	[/ɹɪˈdusɪŋ/]
reduct	US	[-ʌkt]
redundance	US	[/ɹɪˈdʌndəns/]
reevaluate	US	[/ˌriːɪˈvæljueɪt/]
refer	US	[/ɹɪˈfɝ/]
referee	US	[/ˌɹɛfəˈɹiː/]
references	US	[/ˈɹɛf.(ə)ɹən.sɪz/]
referred	US	[/ɹɪˈfɝd/]
refined	US	[/ɹiːfaɪnd/]
refinery	US	[/rɪˈfaɪnərɪ/]
reflected	US	[/ɹɪˈflɛktɪd/]
reflux	US	[/ˈɹiː.flʌks/]
reformation	US	[/ˌɹɛfɚˈmeɪʃən/]
refresh	US	[/ɹɪˈfɹɛʃ/]
refreshment	US	[/ɹɪˈfɹɛʃ.mənt/]
refuge	US	[/ˈɹɛfjuːd͡ʒ/]
refulgent	US	[/ɹəˈfʌld͡ʒənt/]
refurbish	US	[/ɹiˈfɝbɪʃ/]
refused	US	[/ɹɪˈfjuːzd/]
refutation	US	[-eɪʃən]
regard	US	[/ɹɪˈɡɑɹd/]
regarding	US	[/ɹɪˈɡɑɹdɪŋ/]
regards	US	[/ɹɪˈɡɑɹdz/]
regimen	US	[/ˈɹɛd͡ʒ.ɪ.mən/]
regiment	US	[/ˈɹɛd͡ʒɪmənt/]
regions	US	[/ˈɹiːd͡ʒənz/]
registered	US	[/ˈɹɛd͡ʒ.ɪs.tɚd/]
regretted	US	[/ɹɪˈɡɹɛtɪd/]
regularity	US	[/ˌɹɛɡjuˈlæɹəti/]
regularly	US	[/ˈɹɛɡjəlɚli/]
regulate	US	[/ˈɹɛɡjəleɪt/]
regulating	US	[/ˈɹɛɡjəleɪtɪŋ/]
regurgitate	US	[/ɹɪˈɡɝ.d͡ʒəˌteɪt/]
reheat	US	[-iːt]
reincarnate	US	[-eɪt]
reindeer	US	[/ˈɹeɪndɪɹ/]
reinforcement	US	[/ˌɹiɪnˈfɔɹsmənt/]
reinvent	US	[-ɛnt]
reject	US	[/ɹɪˈd͡ʒɛkt/]
rejoicing	US	[/ɹɪˈd͡ʒoɪ.sɪŋ/]
rejoinder	US	[/ɹɪˈd͡ʒɔɪndɚ/]
relapse	US	[-æps]
related	US	[/ɹɪˈleɪtɪd/]
relations	US	[/ɹɪˈleɪʃənz/]
relatives	US	[/ˈɹɛl.ə.tɪvz/]
relativist	US	[/ˈɹɛl.ə.tɪv.ɪst/]
relearnt	US	[-ɜː(ɹ)nt]
released	US	[/ɹɪˈliːst/]
relevant	US	[/ˈɹɛləvənt/]
relieved	US	[/ɹɪˈliːvd/]
relievedly	US	[/ɹəˈliːv.əd.li/]
religions	US	[/ɹəˈlɪd͡ʒənz/]
reluctance	US	[/ɹɪˈlʌktəns/]
reluctant	US	[/ɹɪˈlʌktənt/]
remainder	US	[/ɹəˈmeɪndɚ/]
remained	US	[/ɹɪˈmeɪnd/]
remake	US	[/ɹiːˈmeɪk/]
remand	US	[/ɹəˈmænd/]
remark	US	[/ɹɪˈmɑɹk/]
remarkable	US	[/ɹɪˈmɑɹkəbl̩/]
remarkably	US	[/ɹɪˈmɑɹkəbli/]
remarked	US	[/ɹɪˈmɑɹkt/]
remaster	US	[-æstə(ɹ)]
remedies	US	[/ˈɹɛmədiz/]
remedy	US	[/ˈɹɛmədi/]
remembered	US	[/ɹɪˈmɛmbɚd/]
remembrance	US	[/ɹɪˈmɛm.bɹəns/]
reminder	US	[/ɹɪˈmaɪndəɹ/, [ɹɪˈmaɪn.dɚ]]
reminisce	US	[/ˌɹɛm.əˈnɪs/]
remonstrate	US	[/ˈɹɛ.mən.stɹeɪt/]
remorseful	US	[/ɹɪˈmɔː(ɹ)sfʊl/]
remote	US	[[ɹɪˈmoʊt]]
remotely	US	[/ɹɪˈmoʊtli/]
remoter	US	[-əʊtə(ɹ)]
remunerate	US	[/ɹɪˈmjuːnəɹeɪt/]
render	US	[/ˈɹɛn.dɚ/]
rendered	US	[/ˈɹɛn.dɚd/]
rendering	US	[/ˈɹɛndəɹɪŋ/]
renegade	US	[/ˈɹɛnɪˌɡeɪd/]
renew	US	[/ɹɪˈnu/]
renovate	US	[/ˈɹɛnəveɪt/]
repaired	US	[/ɹɪˈpɛɹd/]
repairs	US	[-ɛə(ɹ)z]
repartee	US	[/ˌɹɛpɑɹˈteɪ/]
repeal	US	[/ɹəˈpiːl/]
repeated	US	[/ɹɪˈpiːtɪd/]
repeatedly	US	[/ɹɪˈpiːtɪdli/]
repentance	US	[/ɹɪˈpɛntəns/]
repetition	US	[/ˌɹɛp.əˈtɪʃ.ən/, [ˌɹɛp.əˈtɪʃ.n̩]]
rephrase	US	[-eɪz]
replenish	US	[/ɹɪˈplɛn.ɪʃ/]
replying	US	[-aɪɪŋ]
report	US	[/ɹɪˈpɔɹt/]
reported	US	[/ɹɪˈpɔɹtɪd/]
reporter	US	[/ɹɪˈpɔɹtɚ/]
reports	US	[/ɹɪˈpɔɹts/]
represent	US	[/ˌɹɛp.ɹɪˈzɛnt/]
representative	US	[/ˌɹɛpɹɪˈzɛnt(ət)ɪv/]
representatives	US	[/ˌɹɛpɹɪˈzɛntətɪvz/]
represented	US	[/ɹɛpɹɪˈzɛntɪd/]
reprieve	US	[/ɹɪˈpɹiːv/]
reproach	US	[/ɹɪˈpɹoʊt͡ʃ/]
reproduce	US	[/ˌɹi.pɹəˈdus/]
reproduction	US	[/ˌɹiːpɹəˈdʌkʃən/]
republican	US	[-ʌblɪkən]
republish	US	[/ɹiˈpʌb.lɪʃ/]
repulsive	US	[/ɹɪˈpʌlsɪv/]
requested	US	[/ɹɪˈkwɛstɪd/]
require	US	[/ɹɪˈkwaɪɹ/]
required	US	[/ɹɪˈkwaɪɹd/]
requires	US	[/ɹɪˈkwaɪɹz/]
requiring	US	[/ɹɪˈkwaɪɹ.ɪŋ/]
reran	US	[/ˈɹiːɹæn/]
reran	US	[/ˈɹiːɹæn/]
rescue	US	[/ˈɹɛs.kjuː/]
rescued	US	[/ˈɹɛs.kjuːd/]
rescuer	US	[/ˈɹɛskjuːə(ɹ)/]
resembled	US	[/ɹɪˈzɛmbl̩d/]
resembling	US	[/ɹɪˈzɛmblɪŋ/]
resentment	US	[/ɹɪˈzɛnt.mənt/]
reserve	US	[/ɹɪˈzɝv/]
reserved	US	[/ɹɪˈzɝvd/]
reserves	US	[/ɹɪˈzɝvz/]
residence	US	[/ˈɹɛz.ɪ.dəns/]
resignation	US	[/ˌɹɛz.ɪɡˈneɪ.ʃən/]
resilience	US	[/ɹɪˈzɪl.ɪ.əns/]
resilient	US	[/ɹɪˈzɪl.jənt/]
resistance	US	[/ɹɪˈzɪstəns/]
resistor	US	[/ɹɪˈzɪstɚ/]
resolution	US	[/ˌɹɛzəˈl(j)uʃ(ə)n/]
resolved	US	[/ɹɪˈzɑlvd/]
resonate	US	[/ˈɹɛz.əˌneɪt/]
resonates	US	[/ˈɹɛz.əˌneɪts/]
resoundingly	US	[/ɹɪˈzaʊndɪŋli/]
respectable	US	[[ɹɪˈspɛk.tə.bl̩]]
respected	US	[/ɹɪˈspɛktɪd/]
respectful	US	[/ɹɪˈspɛktfəl/]
respecting	US	[/ɹɪˈspɛktɪŋ/]
respects	US	[/ɹɪˈspɛkts/]
respondent	US	[/ɹɪˈspɑn.dənt/]
response	US	[/ɹɪˈspɑns/]
responsibility	US	[/ɹɪˌspɑn.səˈbɪl.ə.ti/, [ɹɪˌspɑn.səˈbɪl.ə.ɾi]]
responsible	US	[/ɹɪˈspɑnsəbəl/, [ɹɪˈspɑnsəbl̩]]
restlessness	US	[/ˈɹɛstləsnəs/]
restoration	US	[/ɹɛstəˈɹeɪʃən/]
restore	US	[/ɹɪˈstoɹ/]
restored	US	[/ɹɪˈstɔɹd/]
restrained	US	[/ɹɪˈstɹeɪnd/]
restricted	US	[/ɹɪˈstɹɪktɪd/]
restrictions	US	[/ɹɪˈstɹɪkʃənz/]
resulted	US	[/ɹɪˈzʌltɪd/]
resulting	US	[/ɹɪˈzʌltɪŋ/]
results	US	[/ɹɪˈzʌlts/]
resume	US	[/ɹɪˈz(j)um/]
resumed	US	[/ɹɪˈzumd/]
retail	US	[/ˈɹiˌteɪl/, [ˈɹ̠ʷiˌtʰeɪ̯ɫ]]
retarded	US	[/ɹiˈtɑɹdɪd/]
retention	US	[/ɹɪˈtɛnʃən/]
rethink	US	[/ɹiːˈθɪŋk/]
rethought	US	[/ɹiːˈθɔt/]
rethought	US	[/ɹiːˈθɔt/]
reticent	US	[/ˈɹɛtɪsənt/]
reticle	US	[/ˈɹɛtɪkəl/]
reticule	US	[/ˈɹɛtɪkjuːl/]
retie	US	[-aɪ]
retinopathy	US	[/ˌɹɛtɪnˈɑːpəθi/]
retinue	US	[/ˈɹɛtɪn(j)uː/]
retired	US	[/ɹɪˈtaɪəɹd/]
retool	US	[/riːˈtuːl/]
retorted	US	[/ɹɪˈtɔɹtɪd/]
retractor	US	[/ɹɪˈtɹæktɚ/]
retrieval	US	[/ɹɪˈtɹiːvəl/]
retroactive	US	[/ˌɹɛ.tɹoʊˈæk.tɪv/]
retrospect	US	[/ˈɹɛtɹəˌspɛkt/]
return	US	[/ɹɪˈtɝn/]
returned	US	[/ɹɪˈtɝnd/]
returning	US	[/ɹɪˈtɝnɪŋ/]
returns	US	[/ɹɪˈtɝnz/]
Reuben	US	[/ˈɹu.bən/]
Reubenite	US	[/ˈru.bə.naɪt/]
reuse	US	[/ɹiːˈjuːs/]
revanchist	US	[/ɹəˈvɑnt͡ʃɪst/]
reveille	US	[/ˈɹɛ.və.li/]
revengeful	US	[/ɹɪˈvɛnd͡ʒfʊl/]
revenue	US	[/ˈɹɛvəˌn(j)u/]
reverie	US	[/ˈɹɛvəɹi/]
reverse	US	[/ɹɪˈvɝs/]
reversible	US	[/ɹəˈvɜː(ɹ)sɪbəl/]
reviews	US	[-uːz]
revocation	US	[/ˌɹɛvəˈkeɪʃən/]
revolt	US	[/ɹɪˈvoʊlt/]
revolutionary	US	[/ˌɹɛvəˈluʃənɛɹi/]
revolver	US	[/ɹɪˈvɒl.vɚ/]
rewarded	US	[/ɹɪˈwɔɹdɪd/]
reweigh	US	[-eɪ]
rework	US	[/ˈɹiːwɜː(ɹ)k/]
rewound	US	[/ɹiˈwaʊnd/]
rewound	US	[/ɹiˈwaʊnd/]
rewritten	US	[/ɹiˈɹɪt.ən/]
rewritten	US	[/ɹiˈɹɪt.ən/]
rewrote	US	[/ɹiˈɹoʊt/]
rhabdomancy	US	[/ˈɹæb.dəˌmæn.si/]
rhetorician	US	[/ˌɹɛt.əˈɹɪ.ʃən/]
rhinoceros	US	[/ɹaɪˈnɑ.sə.ɹəs/]
rho	US	[/ɹoʊ/]
Rhodes	US	[/ɹoʊdz/]
rhonchus	US	[/ˈɹɑŋ.kəs/]
rhubarb	US	[/ˈɹuˌbɑɹb/]
rhythm	US	[/ˈɹɪð.əm/, [ˈɹɪð.m̩]]
ribavirin	US	[/ˌɹaɪ.bəˈvaɪ.ɹɪn/]
Richard	US	[/ˈɹɪt͡ʃ.ɚd/]
richer	US	[/ˈɹɪt͡ʃɚ/]
richest	US	[/ˈɹɪt͡ʃəst/]
richly	US	[/ˈɹɪt͡ʃli/]
rider	US	[/ˈɹaɪ.dəɹ/, [ˈɹ̠aɪɾɚ], [ˈɹ̠äɪɾɚ]]
ridicule	US	[/ˈɹɪdɪkjuːl/]
ridiculous	US	[/ɹɪˈdɪkjələs/]
right	US	[/ˈɹaɪt/, [ˈɹaɪt]]
righteousness	US	[/ˈɹaɪt͡ʃəsnəs/]
rightist	US	[/ˈɹaɪtɪst/]
rigidly	US	[/ˈɹɪd͡ʒ.ɪd.li/]
rigmarole	US	[/ˈɹɪɡməɹoʊl/]
rigor	US	[/ˈɹɪɡɚ/]
ring	US	[/ɹɪŋ/]
ringleader	US	[/ˈɹɪŋˌliːdəɹ/]
ringxiety	US	[/ɹɪŋzˈaɪəti/]
riptide	US	[/ˈɹɪp.taɪd/]
Ripuarian	US	[/ˌɹɪp.juˈɛɹ.i.ən/]
ritual	US	[/ˈɹɪt͡ʃ.u.əl/]
ritualistic	US	[/ˌɹɪt͡ʃuəˈlɪstɪk/]
ritzy	US	[/ˈɹɪtsi/]
rivalry	US	[/ˈɹaɪ.vəl.ɹi/]
river	US	[/ˈɹɪvɚ/]
rivers	US	[/ˈɹɪvɚz/]
rizzology	US	[/ɹɪˈzɑləd͡ʒi/]
road	US	[/ɹoʊd/]
roadkill	US	[/ˈɹəʊdˌkɪl/]
roads	US	[/ɹoʊdz/]
roadside	US	[/ˈɹoʊdsaɪd/]
roam	US	[/ɹoʊm/]
roar	US	[/ɹoɹ/]
roared	US	[/ɹɔɹd/]
roast	US	[/ɹoʊst/]
roasted	US	[/ˈɹoʊstɪd/]
roastie	US	[/ˈɹoʊsti/]
rob	US	[/ɹɑb/]
robbed	US	[/ɹɑbd/]
robbery	US	[/ˈɹɑbəɹi/]
robe	US	[/ɹoʊb/]
robin	US	[/ˈɹɑː.bɪn/]
Roblox	US	[/ˈroʊblɒks/]
roborant	US	[/ˈɹɑːbəɹənt/]
robusta	US	[/ɹoʊˈbʌstə/]
rock	US	[/ɹɑk/]
rocking	US	[/ˈɹɑkɪŋ/]
rocks	US	[/ɹɑks/]
rod	US	[/ɹɑd/]
rode	US	[/ˈɹoʊd/]
rodent	US	[/ˈɹəʊdənt/]
roe	US	[/ˈɹoʊ/]
Roe	US	[/ɹoʊ/]
roebuck	US	[/ˈɹəʊ.bʌk/]
roflcopter	US	[/ˈɹɒfl̩ˌkɑptɚ/]
rogation	US	[/ɹoʊˈɡeɪ.ʃən/]
roger	US	[/ˈɹɑd͡ʒɚ/]
Roger	US	[/ˈɹɑ.d͡ʒɚ/]
rogue	US	[/ˈɹoʊ̯ɡ/]
Rohypnol	US	[/ɹoʊˈhɪpnɑl/]
Rolex	US	[/ˈɹəʊlɛks/]
rolex	US	[/ˈɹəʊlɛks/]
rolled	US	[/ɹoʊld/]
rolling	US	[/ˈɹol.ɪŋ/]
Rom	US	[/ɹoʊm/]
Roman	US	[/ˈɹoʊ.mən/]
Romania	US	[/ɹoʊˈmeɪ.ni.ə/]
Romans	US	[/ˈɹoʊmənz/]
romantic	US	[/ɹoʊˈmæn(t)ɪk/, [ɹoʊˈmæntɪk], [ɹə-], [-mæɾ̃ɪk], [-meə̯ntɪk], [-meə̯ɾ̃ɪk]]
ronnabyte	US	[/ˈɹɒnəbaɪt/]
roo	US	[/ˈɹu/]
roof	US	[/ɹuf/]
rooibos	US	[/ˈɹɔɪ.bɔs/]
rooster	US	[/ˈɹustəɹ/]
root	US	[/ɹuːt/]
rope	US	[/ɹoʊp/]
ropes	US	[/ɹoʊps/]
rorqual	US	[/ˈɹɔɹkwəl/]
rory	US	[/ˈɹɔɹ.i/]
Rosa	US	[/ˈɹoʊzə/]
rose	US	[/ɹoʊz/, [ɻʷö̞ʊz̥]]
rosehip	US	[/ˈɹoʊzˌhɪp/]
roselle	US	[/ɹoʊˈzɛl/]
rosemary	US	[/ˈɹoʊzˌmɛəɹi/]
roses	US	[/ɹoʊzɪz/]
rosin	US	[/ˈɹɑz.ən/]
rot	US	[/ɹɑt/]
rotate	US	[/ˈɹoʊteɪt/]
rotavirus	US	[/ˈɹəʊtəˌvaɪɹəs/]
roti	US	[/ˈɹoʊti/, [ˈɹɔʊɾɪi̯]]
rotor	US	[/ˈɹoʊ.tɚ/]
rouge	US	[/ɹuʒ/]
rough	US	[/ɹʌf/]
rough	US	[/ɹʌf/]
roughage	US	[/ˈɹʌfɪd͡ʒ/]
roundabout	US	[/ˈɹaʊndəˌbaʊt/]
row	US	[/ˈɹoʊ/]
rowboat	US	[/ˈɹəʊbəʊt/]
rowdy	US	[-aʊdi]
rowing	US	[/ˈɹoʊɪŋ/]
rows	US	[/ɹoʊz/]
royal	US	[/ˈɹɔɪ(ə)l/]
royalty	US	[/ˈɹɔɪəlti/]
rub	US	[/ɹʌb/]
rubber	US	[/ˈɹʌbɚ/]
rubbernecker	US	[/ˈrʌbɚˌnɛkɚ/]
rubbernecking	US	[/ˈɹʊbɚˌnɛkɪŋ/]
rubric	US	[/ˈɹuːbɹɪk/]
ruckus	US	[/ˈɹʌkəs/]
rudder	US	[/ˈɹʌdɚ/]
rude	US	[/ɹud/]
rudiment	US	[/ˈɹuːdɪmənt/]
ruff	US	[/ɹəf/]
ruff	US	[/ɹəf/]
ruga	US	[/ˈɹuː.ɡə/]
rugby	US	[/ˈɹʌɡbi/]
rugose	US	[/ˌɹuːˈɡoʊs/]
ruinous	US	[/ˈɹuː.ɪnəs/]
ruins	US	[/ˈɹu.ɪnz/]
rule	US	[[ɹ̠ʷuːɫ], [ɹ̠ʷuːɫ]]
rule	US	[[ɻʷʊːɫ], [ɻʷʊːɫ]]
ruler	US	[/ˈɹulɚ/]
rules	US	[/ˈɹulz/]
ruminate	US	[/ˈɹumɪneɪt/]
run	US	[/ɹʌn/]
Ruritanian	US	[/ˌɹʊɹ.ɪˈteɪ.ni.ən/]
Russki	US	[/ˈɹus.ki/]
Rutherford	US	[/ˈrʌðərfərd/]
rutilant	US	[/ˈɹutələnt/, [-ɾə-]]
rutting	US	[-ʌtɪŋ]
sacker	US	[-ækə(ɹ)]
sacre	US	[/ˈseɪkɚ/]
sacred	US	[/ˈseɪkɹɪd/]
sacrifice	US	[/ˈsækɹəˌfaɪs/]
sacrificed	US	[/ˈsækɹɪfaɪst/]
sacrifices	US	[/ˈsækɹɪfaɪsɪz/]
sacrilege	US	[/ˈsækɹəlɪd͡ʒ/]
saddle	US	[/ˈsæd(ə)l/]
saditty	US	[/səˈdɪ.ti/]
sadness	US	[/ˈsædnəs/]
sadomasochist	US	[/ˈseɪdəʊˌmæsəkɪst/]
sadomasochistic	US	[/ˌseɪdəʊmæsəˈkɪstɪk/]
safari	US	[-ɑːɹi]
safeguard	US	[/ˈseɪfɡɑː(ɹ)d/]
safely	US	[/ˈseɪfli/]
sagely	US	[/ˈseɪd͡ʒli/]
sags	US	[-æɡz]
Saguache	US	[/səˈwɑːt͡ʃ/]
said	US	[/sɛd/]
sailor	US	[/ˈseɪ.lɚ/]
sailors	US	[/ˈseɪlɚz/]
saint	US	[/seɪnt/]
Saint	US	[/seɪnt/]
sal	US	[/sæl/]
salami	US	[/səˈlɑmi/]
salary	US	[/ˈsæl.ə.ɹi/]
salivate	US	[/ˈsæləveɪt/]
salivation	US	[/ˌsæləˈveɪʃən/]
sallow	US	[/ˈsæl.oʊ/]
salmagundi	US	[/ˌsæl.məˈɡʌn.di/]
salon	US	[/səˈlɒn/]
saltchucker	US	[-ʌkə(ɹ)]
salubrious	US	[/səˈlu.bɹi.əs/]
salute	US	[/səˈlut/]
saluted	US	[/səˈlutɪd/]
salve	US	[/sæ(l)v/]
salvo	US	[/ˈsælvoʊ/]
Samaritan	US	[/səˈmɛɹɪtən/]
samarium	US	[/səˈmæɹɪəm/]
Samoa	US	[/səˈmoʊ.ə/]
samovar	US	[/ˈsæməvɑː(ɹ)/]
samurai	US	[/ˈsæməˌɹaɪ/]
sanctify	US	[/ˈsæŋk.tɪ.faɪ/]
sanctity	US	[/ˈsæŋktɪti/]
sand	US	[/sɛənd/]
sandarac	US	[/ˈsændəɹæk/]
sandbox	US	[/ˈsændbɑks/]
sander	US	[/ˈsændɚ/]
sandpaper	US	[/ˈsændˌpeɪpɚ/]
sandpit	US	[/ˈsænd.pɪt/]
sang	US	[/sæŋ/]
sanitation	US	[/ˌsænɪˈteɪʃən/]
sapphire	US	[/ˈsæf.aɪ̯ɚ/]
sarcasm	US	[/ˈsɑːɹˌkæzəm/]
sarcophagous	US	[/sɑɹˈkɑfəɡəs/]
sardonic	US	[/sɑɹˈdɑnɪk/]
sargasso	US	[/sɑɹˈɡæsoʊ/]
sarin	US	[/ˈsɑːɹən/]
sarsaparilla	US	[/ˌsæspəˈɹɪlə/]
Satan	US	[/ˈseɪ.tn̩/, [ˈseɪ.ʔn̩]]
satellite	US	[/ˈsætəlaɪt/]
satiate	US	[/ˈseɪʃɪeɪt/]
satire	US	[/ˈsætaɪɹ/]
satisfactorily	US	[/sætɪsˈfækt(ə)ɹɪli/]
satisfied	US	[/ˈsætɪsfaɪd/]
satisfy	US	[/ˈsætɪsfaɪ/]
satisfying	US	[/ˈsætɪsfaɪ.ɪŋ/]
Saturn	US	[/ˈsæt.ɚn/]
saurian	US	[/ˈsɔɹiən/]
sausage	US	[/ˈsɔsɪd͡ʒ/]
savagery	US	[/ˈsæv.ɪd͡ʒ.ɹɪ/]
saving	US	[/ˈseɪ.vɪŋ/]
savior	US	[/ˈseɪvjɚ/]
savory	US	[/ˈseɪvəɹi/]
saw	US	[/ˈsɔ/]
sawed	US	[-ɔːd]
Saxony	US	[/ˈsæksəni/]
saxophone	US	[/ˈsæksəfoʊn/]
saxum	US	[/ˈsæksəm/]
scale	US	[/skeɪl/, [skeɪ̯(ə)ɫ]]
scaler	US	[-eɪlə(ɹ)]
scalpel	US	[/ˈskælpəl/]
scamper	US	[/ˈskæmpɚ/]
scamware	US	[/ˈskæm.weə(ɹ)/]
Scandinavian	US	[/ˌskændɪˈneɪvi.ən/]
scandium	US	[/ˈskændi.əm/]
scanning	US	[/ˈskænɪŋ/]
scants	US	[-ænts]
scapegrace	US	[/ˈskeɪpɡɹeɪs/]
scapular	US	[/ˈskæpjəlɚ/]
scarce	US	[/ˈskɛɚs/]
scarcely	US	[/ˈskɛɹsli/]
scare	US	[/skɛɚ/]
scared	US	[/skɛ(ə)ɹd/, [skɛɚd]]
scarehead	US	[/ˈskɛə(ɹ)hɛd/]
scatter	US	[/ˈskætɚ/]
scattered	US	[/ˈskætɚd/]
scavenge	US	[/ˈskæv.ɪndʒ/]
scenes	US	[/sinz/]
schmutter	US	[/ˈʃmʌtə/]
schnitzel	US	[/ˈʃnɪt.s(ə)l/]
schoolwork	US	[/ˈskulˌwɝk/]
schwa	US	[/ʃwɑ/]
sciatica	US	[/saɪˈætɪkə/]
scibidi	US	[/ˈʃɪ.bɪ.di/]
sciences	US	[/ˈsaɪənsɪz/]
scientaster	US	[-æstə(ɹ)]
scimitar	US	[/ˈsɪmɪtɑːɹ/]
scissile	US	[/ˈsɪs.ɪl/]
scissors	US	[/ˈsɪzɚz/]
Scituate	US	[/ˈsɪ.tʃu.ɪt/]
scoff	US	[/skɔːf/]
scold	US	[/skoʊld/]
sconce	US	[/skɑns/]
scope	US	[/ˈskoʊp/]
scorch	US	[/skɔɹt͡ʃ/]
scorcher	US	[/ˈskɔɹ.t͡ʃɚ/]
score	US	[/skoɹ/]
scored	US	[/skɔɹd/]
scorn	US	[/skɔɹn/]
scorned	US	[/skɔɹnd/]
Scorpio	US	[/ˈskɔːɹpɪoʊ/]
Scorpius	US	[/ˈskɔːɹpɪəs/]
scotch	US	[/skɑt͡ʃ/]
Scotland	US	[/ˈskɑt.lənd/]
scourge	US	[/skɜɹd͡ʒ/, [skɔɹd͡ʒ]]
scrambler	US	[-æmblə(ɹ)]
scrawny	US	[/ˈskɹɔni/]
scream	US	[/skɹim/]
screamo	US	[/ˈskɹiːməʊ/]
scree	US	[/skɹi/]
screwed	US	[-uːd]
scribacious	US	[-eɪʃəs]
scriptorium	US	[/skɹɪpˈtɔɹ.i.əm/]
scripture	US	[/ˈskɹɪpt͡ʃɚ/]
scrota	US	[/ˈskɹoʊ.tə/]
scrotal	US	[/ˈskɹoʊtəl/]
scrunkly	US	[/skɹʌŋkli/]
scruple	US	[/ˈskɹupəl/]
scrupulous	US	[/ˈskɹuː.pjə.ləs/]
scrupulously	US	[/ˈskɹuːpjʊləsli/]
sculpt	US	[/skʌlpt/]
sculptor	US	[/ˈskʌlptɚ/]
sculpture	US	[/ˈskʌlpt͡ʃɚ/]
seagull	US	[/ˈsiː.ɡʌl/]
seamen	US	[/ˈsiːmɛn/]
search	US	[/sɝt͡ʃ/]
searched	US	[/sɝt͡ʃt/]
searching	US	[/ˈsɝt͡ʃɪŋ/]
seatbelt	US	[/ˈsiːtbɛlt/]
seated	US	[/ˈsiːtɪd/]
seaweed	US	[/ˈsiwid/]
seaworthy	US	[/ˈsiːwɝði/]
secluded	US	[/səˈkluːdɪd/]
secondary	US	[/ˈsɛkənˌdɛɹi/]
secrecy	US	[/ˈsiːkɹəsi/]
secretariat	US	[/ˌsɛkɹəˈtɛɹi.ət/]
secretary	US	[/ˈsɛk.(ɹ)əˌtɛɹ.i/, [ˈsɛk.(ɹ)əˌtʰɛɹ.i]]
secrets	US	[/ˈsiːkɹɪts/]
sectarian	US	[/sɛkˈtɛɹi.ən/]
secular	US	[/ˈsɛkjələɹ/]
secularism	US	[/ˈsɛkjʊləˌɹɪzəm/]
sed	US	[/sɛd/]
see	US	[/ˈsi/]
seedling	US	[/ˈsiːdlɪŋ/]
seemingly	US	[/ˈsiːmɪŋli/]
seethe	US	[/sið/]
seggs	US	[/sɛɡz/]
Seine	US	[/sɛn/]
Seine	US	[/seɪn/]
seismograph	US	[/ˈsaɪz.mə.ɡɹæf/]
seizure	US	[/ˈsi.ʒɚ/]
selected	US	[/sɪˈlɛktɪd/]
seleniferous	US	[-ɪfəɹəs]
selenography	US	[-ɒɡɹəfi]
seltzer	US	[/ˈsɛltsɚ/]
seltzerita	US	[/ˌsɛltsɚˈɹi.tə/]
selvage	US	[/ˈsɛlvɪd͡ʒ/]
semantics	US	[/sɪˈmæntɪks/]
semblance	US	[/ˈsɛm.bləns/]
semifinalist	US	[/ˌsɛmiˈfaɪnəlɪst/]
sempiternal	US	[/ˌsɛm.pɪˈtɝ.nəl/]
sempiternity	US	[/ˌsɛmpɪˈtɝnəti/]
sencha	US	[/ˈsɛn.t͡ʃə/]
senescent	US	[-ɛsənt]
senior	US	[/ˈsinjɚ/]
senioritis	US	[/ˌsin.jɚˈaɪt.ɪs/]
sensations	US	[/sɛnˈseɪʃənz/]
senser	US	[/ˈsɛn.sɚ/]
senses	US	[/ˈsɛnsɪz/]
sensible	US	[/ˈsɛns.ə.bəl/, [ˈsɛn̥səbɫ̩]]
sensibly	US	[/ˈsɛnsəbli/]
sensor	US	[/ˈsɛn.sɚ/]
sentence	US	[/ˈsɛntəns/]
sentenced	US	[/ˈsɛntənst/]
sentiment	US	[/ˈsɛn.tɪ.mənt/]
sentiments	US	[/ˈsɛn.tɪ.mənts/]
sentinel	US	[/ˈsɛntɪnəl/]
Seoul	US	[/soʊl/]
separated	US	[/ˈsɛpəɹeɪtɪd/]
separation	US	[/ˌsɛp.əˈɹeɪ.ʃən/]
septillion	US	[-ɪljən]
sequence	US	[/ˈsiːkwəns/]
sequins	US	[/ˈsiːkwəns/]
serape	US	[/sɛˈɹɑːpeɪ/]
Serb	US	[/ˈsɝb/]
Serbia	US	[/ˈsɝ.bi.ə/]
Serbian	US	[/ˈsɜː(ɹ)biːən/]
serene	US	[/səˈɹin/]
serenity	US	[/səˈɹɛnɪti/]
sergeant	US	[/ˈsɑɹ(ə)nt/, -ɑː(ɹ)nt]
Sergipe	US	[/sɜː(ɹ)ˈʒiːpi/]
serious	US	[/ˈsɪɹ.i.əs/]
sermon	US	[/ˈsɝ.mən/]
serpent	US	[/ˈsɝpənt/]
serpentine	US	[/ˈsɝ.pənˌtaɪn/]
servant	US	[/ˈsɝvənt/, [ˈsɝvn̩ʔ]]
servants	US	[/ˈsɝvənts/]
serve	US	[/sɝv/]
served	US	[/sɝvd/]
serves	US	[/sɝvz/]
services	US	[/ˈsɝvɪsɪz/]
serving	US	[/ˈsɝvɪŋ/]
sesame	US	[/ˈsɛsəmi/]
sesquicentennial	US	[/ˌsɛskwɪsɛnˈtɛni.əl/]
sesquipedalianism	US	[/ˌsɛskwəpəˈdeɪli.ənɪzm̩/]
sesquiquadrate	US	[/ˌsɛskwɪˈkwɒdɹət/]
settle	US	[/ˈsɛtəl/]
settled	US	[/ˈsɛtl̩d/]
settlement	US	[/ˈsɛt.l̩.mənt/]
settlements	US	[/ˈsɛt.l̩.mənts/]
settling	US	[/ˈsɛtl̩ɪŋ/]
sevenfold	US	[/ˈsɛvənfoʊld/]
seventh	US	[/ˈsɛvənθ/]
sever	US	[/ˈsɛv.ɚ/]
several	US	[/ˈsɛv(ə)ɹəl/]
severe	US	[/sɪˈvɪɹ/]
severity	US	[/səˈvɛɹəti/]
sew	US	[/soʊ/]
sewer	US	[/ˈsuɚ/]
sewn	US	[/soʊn/]
sexologist	US	[-ɒlədʒɪst]
sexpot	US	[/ˈsɛks.pɑt/]
sexsomnia	US	[/sɛkˈsɒmni.ə/]
sexting	US	[/ˈsɛkstɪŋ/]
sextopia	US	[/sɛksˈtoʊ.pi.ə/]
shadda	US	[/ˈʃɑ.dɑ/]
shadow	US	[/ˈʃædoʊ/]
shadows	US	[/ˈʃædoʊz/]
shadowy	US	[/ˈʃæd.oʊ.i/]
shaggy	US	[/ˈʃæɡi/, -æɡi]
shahada	US	[/ʃɑˈhɑdə/]
shallow	US	[/ˈʃæl.oʊ/]
sham	US	[/ʃæm/]
shamble	US	[/ˈʃæmbl̩/]
shameful	US	[/ˈʃeɪmfəl/]
shampoo	US	[/ʃæmˈpuː/]
shamrock	US	[/ˈʃæm.ɹɑk/]
shapeshift	US	[/ˈʃeɪp.ʃɪft/]
shapeshifter	US	[/ˈʃeɪp.ʃɪf.tɚ/]
shard	US	[/ʃɑɹd/]
share	US	[/ʃɛɚ/]
shared	US	[/ʃɛɹd/]
sharing	US	[/ˈʃɛɚ.ɪŋ/]
shark	US	[/ʃɑɹk/]
sharp	US	[/ʃɑɹp/]
Sharpie	US	[/ˈʃɑɹpi/]
sharply	US	[/ʃɑɹpli/]
sharptooth	US	[/ˈʃɑ(ɹ)p.tuːθ/]
shatter	US	[/ˈʃæt.ɚ/]
shattered	US	[/ˈʃætɚd/]
shaw	US	[/ʃɔ/]
she	US	[/ʃi/]
shear	US	[/ʃɪɹ/]
sheath	US	[/ʃiθ/]
sheathe	US	[/ʃið/]
sheep	US	[/ʃip/]
sheepishly	US	[/ˈʃiː.pɪʃ.li/]
sheepy	US	[-iːpi]
sheer	US	[/ʃɪɹ/]
sheet	US	[/ʃit/]
sheets	US	[/ʃits/]
shelter	US	[/ˈʃɛltɚ/]
sheltered	US	[/ˈʃɛltɚd/]
shenanigan	US	[/ʃəˈnæn.ɪˌɡən/]
shenis	US	[/ˈʃi.nɪs/]
shepherd	US	[/ˈʃɛpɚd/]
shepherds	US	[/ˈʃɛpɚdz/]
shibari	US	[/ʃɪˈbɑ.ɹi/]
shifter	US	[-ɪftə(ɹ)]
shillings	US	[/ˈʃɪlɪŋz/]
Shimer	US	[/ˈʃaɪməɹ/]
Shimerian	US	[/ʃɪˈmɛɹi.ən/]
shines	US	[-aɪnz]
shingles	US	[/ˈʃɪŋɡəlz/]
shiny	US	[/ˈʃaɪ.ni/]
shipgirl	US	[/ˈʃɪpˌɡɜɹl/]
shirk	US	[/ʃɝk/]
shirt	US	[/ʃɝt/]
shiva	US	[/ˈʃɪvə/]
shiver	US	[/ˈʃɪvɚ/]
Shoah	US	[/ˈʃoʊ.ə/]
shocking	US	[/ˈʃɑkɪŋ/]
shoe	US	[/ʃu/]
shoehorn	US	[/ˈʃuːˌhɔɹn/]
shoelace	US	[/ˈʃuːˌleɪs/]
shone	US	[/ʃɑn/]
shop	US	[/ʃɑp/]
shoplet	US	[/ʃɑplət/]
shopper	US	[/ˈʃɑ.pɚ/]
shopping	US	[/ˈʃɑpɪŋ/]
shore	US	[/ʃoɹ/]
shores	US	[/ʃɔɹz/]
shorn	US	[/ʃɔɹn/]
short	US	[/ʃoɹt/]
shortie	US	[-ɔː(ɹ)ti]
shortly	US	[/ʃɔːɹtli/]
shortwave	US	[/ˈʃoɹtˌweɪv/]
shot	US	[/ʃɑt/]
shoulder	US	[/ˈʃoʊldɚ/]
shoulders	US	[/ˈʃoʊldɚz/]
shovel	US	[/ˈʃʌv(ə)l/]
show	US	[/ʃoʊ/]
showcase	US	[/ˈʃoʊˌkeɪs/]
showed	US	[/ˈʃoʊd/]
showing	US	[/ˈʃoʊɪŋ/]
showman	US	[-əʊmən]
showmanship	US	[/ˈʃəʊ.mən.ʃɪp/]
shown	US	[/ˈʃoʊn/]
shows	US	[/ʃoʊz/]
Shrek	US	[/ʃɹɛk/]
shrines	US	[-aɪnz]
shrub	US	[/ʃɹʌb/]
shrunk	US	[/ˈʃɹʌŋk/]
shuck	US	[/ʃʌk/]
shucker	US	[-ʌkə(ɹ)]
shudder	US	[/ˈʃʌd.ɚ/, [ˈʃʌɾ.ɚ]]
shun	US	[/ʃʌn/]
shunless	US	[/ˈʃʌnləs/]
shutter	US	[/ˈʃʌt.ɚ/]
shutterbug	US	[/ˈʃʌtɚbʌɡ/]
shuttle	US	[/ˈʃʌtəl/]
shuttlecock	US	[/ˈʃʌtl̩kɑk/]
Siberia	US	[[saɪˈbɪɹiə]]
Siberian	US	[[saɪˈbɪɹiən]]
sibilant	US	[/ˈsɪb.ɪ.lənt/]
sibylline	US	[/ˈsɪbɪlaɪn/]
sickbed	US	[/ˈsɪkbɛd/]
sicker	US	[/ˈsɪkɚ/]
side	US	[/saɪd/]
sidecar	US	[/ˈsaɪdkɑɹ/]
sideline	US	[/ˈsaɪdlaɪn/]
sidewalk	US	[/ˈsaɪdwɔk/]
siege	US	[/sid͡ʒ/]
sierra	US	[-ɛɹə]
sightseer	US	[/ˈsʌɪtˌsiːə/]
sigmatism	US	[[sɪɡmʌtɪzm]]
sigmoid	US	[/ˈsɪɡ.mɔɪd/]
signalize	US	[/ˈsɪɡnəlaɪz/]
signals	US	[/ˈsɪɡnəlz/]
signer	US	[-aɪnə(ɹ)]
signet	US	[/ˈsɪɡ.nɪt/]
significance	US	[/sɪɡˈnɪfɪkəns/]
significantly	US	[/sɪɡˈnɪfɪkəntli/]
silence	US	[/ˈsaɪləns/]
silently	US	[/ˈsaɪləntli/]
silicone	US	[/ˈsɪlɪkəʊn/]
silicosis	US	[-əʊsɪs]
silkworm	US	[/ˈsɪlkwɜːm/]
silo	US	[/ˈsaɪloʊ/]
silver	US	[/ˈsɪl.vɚ/]
silvern	US	[/ˈsɪlvɚn/]
silversmith	US	[/ˈsɪlvəsmɪθ/]
simian	US	[/ˈsɪm.i.ən/]
similar	US	[/ˈsɪməlɚ/]
simile	US	[/ˈsɪməli/]
simper	US	[/ˈsɪmpɚ/]
simply	US	[/ˈsɪmpli/]
simulator	US	[/ˈsɪmjʊˌleɪtə(ɹ)/]
sincere	US	[/sɪnˈsɪɹ/]
sincerely	US	[/sɪnˈsɪɹli/]
Sinead	US	[/ʃɪˈneɪd/]
sing	US	[/sɪŋ/]
Singapore	US	[/ˈsɪŋəpoɹ/]
singer	US	[/ˈsɪŋɚ/]
single	US	[/ˈsɪŋɡəl/]
singleplayer	US	[/ˈsɪŋ.ɡəlˌpleɪ.əɹ/]
singleton	US	[/ˈsɪŋ.ɡ(ə)l.tən/]
singular	US	[/ˈsɪŋ.ɡjə.lɚ/]
singularly	US	[/ˈsɪŋɡjəlɚli/]
sinister	US	[/ˈsɪnɪstɚ/]
sinner	US	[/ˈsɪnɚ/]
sir	US	[/sɝ/]
sister	US	[/ˈsɪs.tɚ/]
sisterhood	US	[/ˈsɪstɚˌhʊd/]
sisterly	US	[/ˈsɪstəli/]
sisters	US	[/ˈsɪs.tɚz/]
Sisyphean	US	[/ˌsɪsəˈfiːən/]
situated	US	[/ˈsɪt͡ʃueɪtɪd/]
situationship	US	[/ˌsɪtʃuˈeɪʃənʃɪp/]
sixpence	US	[/ˈsɪks.pəns/]
sixths	US	[/sɪksθs/]
sixty	US	[/ˈsɪksti/]
sizable	US	[/ˈsaɪzəbəl/]
sketch	US	[/skɛt͡ʃ/]
skew	US	[/skju/]
Skidoo	US	[/ˈskiˌdu/]
skinful	US	[/ˈskɪnfəl/]
skipper	US	[/ˈskɪpɚ/]
skirt	US	[/skɚt/]
skirts	US	[/skɝts/]
skit	US	[-ɪt]
skitter	US	[/ˈskɪtɚ/, [ˈskɪɾɚ]]
skittles	US	[/ˈskɪtəlz/]
skoliosexual	US	[/skoʊlioʊˈsɛkʃuəl/]
skrrt	US	[[skɹ̩ʔ˥]]
SKU	US	[/ˌɛsˌkeɪˈjuː/]
skylark	US	[/ˈskaɪlɑɹk/]
skylight	US	[/ˈskaɪˌlaɪt/]
slant	US	[/ˈslænt/]
slapper	US	[/ˈslæpɚ/]
slappy	US	[-æpi]
slashify	US	[/ˈslæʃ.ɪˌfaɪ/]
Slavist	US	[/ˈslɑːvɪst/]
sledgehammer	US	[/ˈslɛd͡ʒhæmɚ/]
sleep	US	[/slip/]
sleepless	US	[/ˈsliːpləs/]
sleepsuit	US	[/slip s(j)ut/]
slender	US	[/ˈslɛndɚ/]
slept	US	[/slɛpt/]
slight	US	[[sl̥ɐɪʔ]]
slightest	US	[/ˈslaɪtɪst/]
slightingly	US	[/ˈslaɪtɪŋli/, [-ɾɪŋ-]]
slippers	US	[/ˈslɪpə(ɹ)z/]
slipshod	US	[/ˈslɪp.ʃɑd/]
sliver	US	[/ˈslɪv.ɚ/]
slogan	US	[/ˈsloʊɡən/]
slope	US	[/sloʊp/]
sloping	US	[/ˈsloʊpɪŋ/]
slosh	US	[/slɑʃ/]
slot	US	[/slɑt/]
slough	US	[/slʌf/]
Slovak	US	[[ˈslɑvək], [ˈslɑvək]]
Slovio	US	[/ˈsloʊ̯vioʊ̯/]
slow	US	[/sloʊ/]
slower	US	[/ˈsloʊɚ/]
slowly	US	[/ˈsloʊli/]
slumber	US	[/ˈslʌm.bɚ/]
slumberland	US	[/ˈslʌm.bɚˌlænd/]
slumgullion	US	[/slʌmˈɡʌljən/]
slur	US	[/slɜɹ/]
slurry	US	[/ˈslʌɹ.i/]
slurry	US	[/ˈslɝ.i/]
slushpile	US	[/ˈslʌʃpaɪ̯l̩/]
Slytherin	US	[/ˈslɪðəɹɪn/]
small	US	[[smɑɫ]]
smaller	US	[/ˈsmɔlɚ/]
smallest	US	[/ˈsmɔlɪst/]
smallpox	US	[/ˈsmɔlpɑks/]
smarmy	US	[/ˈsmɑɹ.mi/]
smart	US	[/smɑɹt/]
smartphone	US	[/ˈsmɑɹtfoʊn/]
smasheroo	US	[-uː]
smatter	US	[/ˈsmæ.təɹ/, [ˈsmæ.ɾɚ]]
smattering	US	[/ˈsmætɚɪŋ/]
smellfungus	US	[/ˈsmɛlˌfʌŋɡəs/]
smiled	US	[/smaɪld/]
smithereens	US	[/ˌsmɪðəˈɹinz/]
smoke	US	[/smoʊk/]
smoked	US	[/smoʊkt/]
smoking	US	[/ˈsmoʊkɪŋ/]
smolder	US	[/ˈsmoʊldɚ/]
smoothly	US	[/ˈsmuːðli/]
smote	US	[/smoʊt/]
snags	US	[-æɡz]
Snapchat	US	[/snæp.t͡ʃæt/]
snapshot	US	[/ˈsnæpʃɒt/]
snare	US	[/snɛ(ə)ɹ/]
snarge	US	[/snɑː(ɹ)dʒ/]
sneaker	US	[/ˈsnikɚ/]
Snickers	US	[/ˈsnɪkəɹz/]
snickersnee	US	[/ˌsnɪk.ɚˈsniː/]
sniffle	US	[/ˈsnɪf.əl/]
snippet	US	[/ˈsnɪpɪt/, [ˈsnɪpɪ̈(ʔ)t̚]]
snootful	US	[/ˈsnuːtfʊl/]
snoozefest	US	[/ˈsnuːzfɛst/]
snore	US	[/snoɹ/]
snoregasm	US	[/ˈsnoɹ.ɡæ.zəm/]
snoring	US	[/ˈsnɔːɹɪŋ/]
snorkel	US	[-ɔː(ɹ)kəl]
snort	US	[/snɔɹt/]
Snovid	US	[/snoʊ.vɪd/]
snow	US	[/snoʊ/, [snoʊ̯]]
snowball	US	[/ˈsnoʊbɔl/]
snowboard	US	[/ˈsnoʊˌbɔɹd/]
snowclone	US	[/ˈsnoʊ.kloʊn/]
snowdrop	US	[/ˈsnoʊ.dɹɑp/]
snowfall	US	[/ˈsnoʊfɔːl/]
snowman	US	[/ˈsnoʊ.mæn/]
snowpocalypse	US	[/snoʊˈpɑkəlɪps/]
snowshoe	US	[/ˈsnoʊʃu/]
snowy	US	[/snəʊi/]
snub	US	[/snʌb/]
snuck	US	[/snʌk/]
so	US	[/soʊ/]
soap	US	[/soʊp/]
SOAP	US	[/soʊp/]
soar	US	[/soɹ/]
soare	US	[/sɔɹ/]
soared	US	[/sɔɹd/]
sob	US	[/sɑb/]
sober	US	[/ˈsoʊ.bɚ/]
social	US	[/ˈsoʊ.ʃəl/]
socialist	US	[/ˈsoʊ.ʃə.lɪst/]
society	US	[/səˈsaɪ.ə.ti/]
sock	US	[/sɑk/]
socket	US	[/ˈsɑkɪt/]
sod	US	[/sɑd/]
soda	US	[/ˈsoʊdə/]
sodality	US	[/soʊˈdæl.ɪ.ti/]
sodium	US	[/ˈsoʊ.di.əm/]
soever	US	[/soʊˈɛvɚ/]
sofa	US	[/ˈsoʊfə/]
soft	US	[/sɔft/]
softly	US	[/ˈsɔftli/]
softness	US	[/ˈsɔftnəs/]
solace	US	[/ˈsɑ.lɪs/]
soldier	US	[/ˈsoʊld͡ʒɚ/]
soldiers	US	[/ˈsoʊld͡ʒɚz/]
sole	US	[-əʊl]
solecism	US	[/ˈsɑləsɪzəm/]
solecism	US	[/ˈsoʊlɪsɪzəm/, [ˈsoʊlɨsɪzəm]]
solely	US	[/ˈsoʊl.li/]
solemn	US	[/ˈsɑləm/]
solid	US	[/ˈsɑ.lɪd/]
SOLID	US	[/ˈsɑlɪd/]
solidify	US	[/səˈlɪdəˌfaɪ/, [səˈlɪɾəˌfaɪ]]
solidus	US	[/ˈsɑlɪdəs/]
soliloquy	US	[/səˈlɪləkwi/]
solitariness	US	[/ˈsɒlɪt(ə)ɹɪnəs/]
solitary	US	[/ˈsɑlɪtɛɹi/]
solitude	US	[/ˈsɑlɪˌtud/]
solubility	US	[/ˌsɔljuˈbɪlɪti/]
somber	US	[/ˈsɑmbɚ/]
sombre	US	[/ˈsɑmbɚ/]
sombre	US	[/ˈsɑmbɚ/]
someplace	US	[/ˈsʌmˌpleɪs/]
something	US	[/ˈsʌm.θɪŋ/]
sometimes	US	[/ˈsʌmtaɪmz/]
somewhat	US	[/ˈsʌmwʌt/]
somnambulism	US	[/sɒmˈnæmbjʊlɪzəm/]
somnolent	US	[/ˈsɑːmnələnt/]
sonar	US	[/ˈsoʊ.nɑːɹ/]
sonata	US	[-ɑːtə]
songster	US	[/ˈsɒŋstɚ/]
songstress	US	[/ˈsɑŋɡ.stɹɪs/]
sonic	US	[/ˈsɑnɪk/]
sonography	US	[-ɒɡɹəfi]
soon	US	[/sun/]
sooner	US	[/ˈsunɚ/]
soother	US	[/suðɚ/]
soothsayer	US	[/ˈsuθˌseɪɚ/]
sophistry	US	[/ˈsɑ.fɪ.stɹi/]
soprano	US	[/səˈpɹænoʊ/]
Sopwith	US	[/ˈsɒpwɪθ/]
sorbic	US	[-ɔː(ɹ)bɪk]
sorcerer	US	[/ˈsoɹ.sɚ.ɚ/]
sorcery	US	[/ˈsɔɹ.sə.ɹi/]
sordid	US	[/ˈsɔɹdɪd/]
sore	US	[/soɹ/]
sorghum	US	[/ˈsɔ(ɹ).ɡəm/]
sorrow	US	[/ˈsɑɹ.oʊ/]
sorrows	US	[/ˈsɑɹoʊz/]
sorry	US	[/ˈsɑɹ.i/]
sort	US	[/soɹt/]
sorts	US	[/sɔɹts/]
sought	US	[/sɔt/]
soulless	US	[/soʊl.ləs/, [soʊɫ.ləs]]
souls	US	[/soʊlz/]
sounder	US	[/ˈsaʊndɚ/]
soundless	US	[/saʊndləs/]
soundly	US	[/ˈsaʊnd.lɪ/]
soup	US	[/sup/]
source	US	[/sɔɹs/]
sources	US	[/sɔɹsɪz/]
sourpuss	US	[/ˈsaʊə(ɹ)ˌpʊs/]
soutane	US	[/suːˈtɑːn/]
sovereign	US	[/ˈsɑv(ə)ɹɪn/]
soviet	US	[/ˈsoʊ.vi.ət/]
soviet	US	[/ˈsoʊ.vi.ət/]
sozology	US	[/səʊˈzɒlədʒi/]
spa	US	[/ˈspɑ/]
spadassinicide	US	[/ˌspɑd.əˈsɪ.nɪ.seɪd/]
spade	US	[/speɪ̯d/]
spammer	US	[-æmə(ɹ)]
spanakopita	US	[/ˌspænəˈkoʊpɪtə/]
spankee	US	[/ˈspæŋ.kiː/]
spankies	US	[/ˈspaŋkiːz/]
spanking	US	[/ˈspæŋkɪŋ/]
spanner	US	[/ˈspæn.ɚ/]
spare	US	[/spɛɚ/]
spared	US	[/ˈspɛɹd/]
spares	US	[-ɛə(ɹ)z]
spark	US	[/spɑɹk/]
sparks	US	[-ɑː(ɹ)ks]
Sparta	US	[/ˈspɑː(ɹ)tə/]
spatial	US	[/ˈspeɪ.ʃəl/]
spawner	US	[/ˈspɔnɚ/]
speak	US	[/spik/]
speaker	US	[/ˈspikɚ/]
speaking	US	[/ˈspi.kɪŋ/]
special	US	[/ˈspɛʃ(ə)l/]
specially	US	[/ˈspɛʃəli/]
specialty	US	[/ˈspɛʃəlti/]
specificity	US	[/spɛsɪˈfɪsɪti/]
specified	US	[/ˈspɛsɪfaɪd/]
specimen	US	[/ˈspɛsɪmɪn/]
specimens	US	[/ˈspɛsɪmɪnz/]
specks	US	[-ɛks]
spectacles	US	[/ˈspɛktəkl̩z/]
spectator	US	[/ˈspɛkteɪtɚ/]
specter	US	[/ˈspɛktɚ/]
spectrogram	US	[/ˈspɛktɹəˌɡɹæm/]
spectrometer	US	[-ɒmɪtə(ɹ)]
speculate	US	[/ˈspɛk.jəˌleɪt/]
speculation	US	[/ˌspɛk.jəˈleɪ.ʃən/]
speculative	US	[/ˈspɛkjuləˌtɪv/]
speechless	US	[/ˈspiːt͡ʃ.lɪs/]
speedboat	US	[/ˈspidˌboʊt/]
speedo	US	[-iːdəʊ]
Speedo	US	[-iːdəʊ]
speedwell	US	[/ˈspiːdˌwɛl/]
speleothem	US	[/ˈspiː.li.əˌθɛm/]
sperm	US	[/spɜɹm/]
sphere	US	[/sfɪɚ/]
spheroidal	US	[-ɔɪdəl]
sphragide	US	[/ˈsfræd͡ʒaɪd/]
sphragis	US	[/ˈsfræd͡ʒɪs/]
sphragistics	US	[/sfrəˈd͡ʒɪstɪks/]
sphrigosis	US	[/sfrɪˈɡoʊsɪs/]
sphygmomanometer	US	[/ˌsfɪɡmoʊməˈnɑmɪtɚ/]
spider	US	[/ˈspaɪ̯dɚ/]
spiderweb	US	[/ˈspaɪ̯dɚwɛb/]
spinet	US	[/ˈspɪn.ɪt/]
spinning	US	[/ˈspɪnɪŋ/]
spinor	US	[/spɪnɔɹ/]
spiracle	US	[/ˈspɪɹəkəl/]
spiral	US	[/ˈspaɪɹəl/]
spire	US	[/ˈspaɪ.ɚ/]
spirited	US	[/ˈspɪɹɪtɪd/]
spirits	US	[/ˈspɪɹɪts/]
spittoon	US	[/spɪˈtuːn/]
splatter	US	[/ˈsplætɚ/]
splendor	US	[/ˈsplɛndɚ/]
splendour	US	[/ˈsplɛndɚ/]
splenectomy	US	[-ɛktəmi]
splinter	US	[/ˈsplɪn.tɚ/, [ˈsplɪɾ̃ɚ]]
splitter	US	[/ˈsplɪtɚ/, [ˈsplɪɾɚ]]
splurge	US	[/splɝd͡ʒ/]
spoil	US	[/spɔɪl/]
spoiler	US	[/ˈspɔɪ.lɚ/]
spoileron	US	[/ˈspɔɪ.lɚˌɔn/]
spoilsport	US	[/ˈspɔɪl.spɔɹt/]
Spokane	US	[/spoʊˈkæn/]
spoken	US	[/ˈspoʊkən/]
spokes	US	[-əʊks]
spontaneous	US	[/spɑnˈteɪ.ni.əs/]
spoofing	US	[[ˈspu̟fɪ̃ŋ]]
spool	US	[/spuːl/]
spoon	US	[/spun/]
spoondrift	US	[/ˈspundɹɪft/]
spoonerism	US	[/ˈspuːnəɹɪzəm/]
spoonfed	US	[/ˈspuːnfɛd/]
sporozoite	US	[/spɒɹəˈzəʊʌɪt/]
sport	US	[/spɔɹt/]
sports	US	[/spɔɹts/]
spot	US	[/spɑt/]
spotlight	US	[/ˈspɑtˌlaɪt/]
spots	US	[/spɑts/]
springbok	US	[/ˈspɹɪŋ.bɔk/]
sprinkles	US	[/ˈspɹɪŋkl̩z/]
sprints	US	[-ɪnts]
sprout	US	[/spɹaʊt/]
spruce	US	[/spɹuːs/]
spun	US	[/ˈspʌn/]
spur	US	[/spɝ/]
spurge	US	[/spɜɹdʒ/]
spurn	US	[/spɝn/]
SQL	US	[/ɛs kjuː ɛl/]
SQL	US	[/ˈsiːkwəl/]
squabble	US	[/ˈskwɑːbəl/]
squadron	US	[/ˈskwɒd.ɹən/]
squared	US	[/skwɛɹd/]
squarehead	US	[/ˈskwɛɚhɛd/]
squarely	US	[/ˈskwɛɹ.li/]
squarish	US	[/ˈskwɛɹ.ɪʃ/]
squash	US	[/skwɔʃ/]
squat	US	[/skwɑt/]
squeasy	US	[/ˈskwiːzi/]
squeegee	US	[/ˈskwiˌd͡ʒi/]
squircle	US	[-ɜː(ɹ)kəl]
squire	US	[/ˈskwaɪɚ/]
squirm	US	[/skwɝm/]
squirrelly	US	[/ˈskwɝli/]
squirt	US	[/skwɝt/]
squonk	US	[/skwɑŋk/]
stability	US	[/stəˈbɪlɪti/, [stəˈbɪlɪɾi]]
stadium	US	[/ˈsteɪ.di.əm/]
staggered	US	[-æɡə(ɹ)d]
stair	US	[/stɛɚ/]
staircase	US	[/ˈstɛɹˌkeɪs/]
stairs	US	[/ˈstɛɹz/]
stairway	US	[/ˈstɛɹweɪ/]
stalemate	US	[/ˈsteɪlmeɪt/]
Stalingrad	US	[/ˈstɑːlɪnɡræd/]
stalk	US	[/stɔk/]
stamina	US	[/ˈstæmənə/]
stampede	US	[/stæmˈpid/]
standard	US	[/ˈstændəɹd/, [ˈsteəndɚd]]
standards	US	[/ˈstændɚdz/]
stannum	US	[/ˈstænəm/]
stapes	US	[/ˈsteɪ.piːz/]
star	US	[/stɑɹ/]
Starbucks	US	[/ˈstɑːɹˌbʌks/]
starch	US	[/stɑɹt͡ʃ/]
stardom	US	[/ˈstɑɹdəm/]
stare	US	[/stɛɚ/]
stared	US	[/stɛɹd/]
stares	US	[/ˈstɛɹz/]
starfish	US	[/ˈstɑː(ɹ)fɪʃ/]
staring	US	[/ˈstɛɹɪŋ/]
stark	US	[/stɑɹk/]
starry	US	[/ˈstɑɹ.i/]
stars	US	[/stɑɹz/]
starship	US	[/stɑɹʃɪp/]
start	US	[/stɑɹt/]
started	US	[[ˈstɑɹɾɪd]]
starter	US	[/ˈstɑɹ.tɚ/, [ˈstɑɹ.ɾɚ]]
starting	US	[/ˈstɑɹtɪŋ/, [ˈstɑɹt.ɪŋ], [ˈstɑɹɾɪŋ]]
startled	US	[/ˈstɑɹt.l̩d/]
starve	US	[/stɑɹv/]
starving	US	[/ˈstɑɹvɪŋ/]
stasis	US	[/ˈsteɪsɪs/]
stated	US	[/ˈsteɪtɪd/]
statement	US	[/ˈsteɪtmənt/]
statements	US	[/ˈsteɪt.mənts/]
statesman	US	[/ˈsteɪtsmən/]
static	US	[/ˈstæt.ɪk/, [ˈstæɾ.ɪk]]
stationed	US	[/ˈstɛɪʃənd/]
statistic	US	[/stəˈtɪstɪk/]
statistics	US	[/stəˈtɪstɪks/]
stator	US	[-eɪtə(ɹ)]
statue	US	[/ˈstæt͡ʃu/]
statues	US	[/ˈstæt͡ʃuz/]
statutory	US	[/ˈstæt͡ʃəˌtɔɹi/]
staycation	US	[/ˌsteɪˈkeɪʃ(ə)n/]
stead	US	[-ɛd]
steadfast	US	[/ˈstɛdfæst/]
steadily	US	[/ˈstɛdɪli/]
steakhouse	US	[/ˈsteɪk.haʊs/]
stealthy	US	[/ˈstɛlθi/]
steam	US	[/stiːm/]
steamroll	US	[/ˈstiːmˌɹoʊl/]
steerageway	US	[/ˈstiɹɪd͡ʒˌweɪ/]
steganography	US	[/ˌstɛ.ɡəˈnɔ.ɡɹə.fi/]
stein	US	[/staɪn/, -aɪn]
stellar	US	[/ˈstɛlɚ/]
stellate	US	[/ˈstɛlˌeɪt/]
stellify	US	[/ˈstɛl.ɪ.faɪ/]
stenographer	US	[/stəˈnɑɡɹəfɚ/]
stentorian	US	[/stɛnˈtɔː.ɹi.ən/]
Stepney	US	[/stɛpni/]
steradian	US	[/stəˈɹeɪ.diən/]
stereotomy	US	[/stɛɹiːˈɒtəmi/]
sterile	US	[/ˈstɛɹəl/]
stern	US	[/stɝn/]
sternly	US	[/ˈstɝnli/]
sternutatory	US	[/stɝːˈnuː.təˌtɔːɹ.i/]
steward	US	[/ˈstuɚd/]
sthene	US	[/ˈsθin/]
sthenia	US	[-iːniə, /ˈsθiniə/]
stibine	US	[/ˈstɪbaɪn/]
stigmatism	US	[/ˈstɪɡməˌtɪzəm/]
stigmatize	US	[/ˈstɪɡmətaɪz/]
stimulant	US	[/ˈstɪmjʊlənt/]
stimulate	US	[/ˈstɪm.jəˌleɪt/]
stimulation	US	[/ˈstɪm.jəˈleɪ.ʃən/]
stimuli	US	[/ˈstɪm.jəˌlaɪ̯/]
stir	US	[/stɝ/]
stirred	US	[/stɝd/]
stirring	US	[/ˈstɝɪŋ/]
stock	US	[/stɑk/]
stockholder	US	[/ˈstɑk.hoʊl.dɚ/, [ˈstɑk.hoʊɫ.dɚ]]
stocking	US	[/ˈstɑkɪŋ/]
stoic	US	[/ˈstoʊɪk/]
stoichiometry	US	[/ˌstɔɪ.kiˈɒm.ə.tɹi/]
stole	US	[/ˈstoʊl/]
stoma	US	[/ˈstoʊmə/]
stomachache	US	[/ˈstʌməkˌeɪk/]
stomp	US	[/stɑmp/]
stone	US	[/stoʊn/]
stoned	US	[/stoʊnd/]
stones	US	[/stoʊnz/]
stonewall	US	[/ˈstoʊnwɔl/]
stoning	US	[-əʊnɪŋ]
stool	US	[/stuːl/]
stopcock	US	[/ˈstɑpkɑk/]
stopgap	US	[/ˈstɑpˌɡæp/]
stopped	US	[/stɑpt/]
stopping	US	[/ˈstɑpɪŋ/]
storage	US	[/ˈstɔɹ.ɪd͡ʒ/]
store	US	[/stoɹ/]
storehouse	US	[/ˈstɔː(ɹ)haʊs/]
stores	US	[/stɔɹz/]
storied	US	[/ˈstɔːɹid/]
stories	US	[/ˈstɔɹ.iz/]
stork	US	[/stɔɹk/]
storm	US	[/stɔɹm/]
storms	US	[/stɔɹmz/]
Storms	US	[/stɔɹmz/]
stormy	US	[/ˈstɔɹmi/]
story	US	[/ˈstɔ.ɹi/]
stove	US	[/stoʊv/]
stracciatella	US	[/ˌstɹɑt͡ʃi.əˈtɛlə/]
straitjacket	US	[/ˈstɹeɪtˌd͡ʒækɪt/]
strand	US	[/stɹænd/, [stɹɛənd]]
strangely	US	[/ˈstɹeɪnd͡ʒli/]
stranger	US	[/ˈstɹeɪnd͡ʒɚ/]
strangers	US	[/ˈstɹeɪnd͡ʒɚz/]
strapwarm	US	[/ˈstɹæpˌwoɹm/]
strapwarming	US	[/ˈstɹæpˌwoɹ.mɪŋ/]
stratagem	US	[/ˈstɹæt.ə.d͡ʒəm/]
strategist	US	[/ˈstɹætəd͡ʒɪst/]
strawberrita	US	[-iːtə]
streamlet	US	[/ˈstɹiːmlət/]
streamline	US	[/ˈstriːmlaɪn/]
street	US	[/stɹit/, [ˈʃt͡ʃɹitˀ]]
strength	US	[[st̠͡ɹ̠ɛŋkθ], [st̠͡ɹ̠ɛn̪θ], [s̠t͡ʃɹ̥ɛn̪θ]]
strenuous	US	[/ˈstɹɛnjuəs/]
stretches	US	[/ˈstɹɛt͡ʃɪz/]
strewn	US	[/ˈstɹun/]
strictly	US	[/ˈstɹɪktli/]
stricture	US	[/ˈstɹɪkt͡ʃəɹ/]
stringent	US	[/ˈstɹɪn.d͡ʒənt/]
strode	US	[/stɹoʊd/]
stroke	US	[/stɹoʊk/]
stroll	US	[/stɹoʊl/]
stroller	US	[-əʊlə(ɹ)]
strong	US	[/stɹɔŋ/, [st̠͡ɹ̠ɔŋ], [ʃt̠͡ɹ̠ɔŋ], [ʃt͡ʃɹɔŋ]]
stronger	US	[/stɹɔŋɡɚ/]
strongest	US	[/ˈstɹɔŋɡəst/]
stronghold	US	[/ˈstɹɔŋˌhoʊld/]
strongly	US	[/stɹɔŋli/]
strontium	US	[/ˈstɹɒn.ti.əm/]
structure	US	[/ˈstɹʌkt͡ʃɚ/]
struggled	US	[/ˈstɹʌɡl̩d/]
strung	US	[-ʌŋ]
stub	US	[/stʌb/]
stubborn	US	[/ˈstʌbɚn/]
stubbornness	US	[/ˈstʌbɚn(n)əs/]
stucco	US	[-ʌkəʊ]
stuck	US	[/ˈstʌk/]
student	US	[/ˈstu.dənt/]
students	US	[/ˈstudn̩ts/]
studied	US	[/ˈstʌdid/]
studies	US	[/ˈstʌdiz/]
studio	US	[/ˈstudioʊ/]
studying	US	[/ˈstʌdiːɪŋ/]
stuff	US	[/stʌf/]
stunner	US	[-ʌnə(ɹ)]
stupid	US	[/ˈst(j)u.pɪd/]
stupidity	US	[/stuˈpɪdɪti/]
sturdy	US	[/ˈstɜrdi/]
sturgeon	US	[/ˈstɝd͡ʒən/]
stygian	US	[/ˈstɪd͡ʒ.i.ən/]
styled	US	[-aɪld]
stylet	US	[-aɪlət]
styrene	US	[/ˈstaɪriːn/]
styro	US	[/ˈstaɪ.ɹoʊ/]
sub	US	[/sʌb/]
subconscious	US	[/sʌbˈkɑn.ʃəs/]
subdued	US	[/səbˈdud/]
subjected	US	[/səbˈd͡ʒɛktɪd/]
subjects	US	[/ˈsʌb.d͡ʒɛkts/]
subliminal	US	[/səˈblɪm.ɪ.nəl/, [səˈblɪm.ɪ.nl̩]]
subluxation	US	[/ˌsʌb.lʌkˈseɪ.ʃən/]
submission	US	[/səbˈmɪʃən/]
submitted	US	[/səbˈmɪtɪd/]
subordinate	US	[/səˈbɔɹdɪnət/]
subordination	US	[/səˌbɔɹdn̩ˈeɪʃn̩/]
subpoena	US	[/səˈpi.nə/]
subscribe	US	[/səbˈskɹaɪb/]
subsequently	US	[/ˈsʌb.sɪ.kwənt.li/]
subset	US	[/ˈsʌbˌsɛt/]
subsidy	US	[/ˈsʌbsɪdi/]
substance	US	[/ˈsʌbstəns/, [ˈsʌbstənts]]
substituent	US	[[sʌbˈstɪtʃuənt]]
substrate	US	[/ˈsʌbstɹeɪt/]
subsume	US	[/səbˈsuːm/]
subterfuge	US	[/ˈsʌbtəɹˌfjuːd͡ʒ/]
subtlety	US	[/ˈsʌt(ə)lti/]
subtract	US	[/səbˈtɹækt/]
suburbian	US	[/səˈbɜː(ɹ)biən/]
subvocal	US	[-əʊkəl]
succeeded	US	[/səkˈsiːdɪd/]
successful	US	[/səkˈsɛs.fl̩/]
successfully	US	[/səkˈsɛsfəli/]
succession	US	[/səkˈsɛʃ.ən/]
suck	US	[/sʌk/]
suddenly	US	[/ˈsʌdn̩li/]
sue	US	[[sɨu̯], [sɨu̯]]
suffer	US	[/ˈsʌfɚ/]
suffered	US	[/ˈsʌfɚd/]
suffices	US	[/ˈsəˈfaɪsəz/]
sufficiently	US	[/səˈfɪʃəntli/]
suffix	US	[/ˈsʌfɪks/]
sugar	US	[/ˈʃʊɡɚ/]
suggest	US	[/sə(ɡ)ˈd͡ʒɛst/]
suggested	US	[/sə(ɡ)ˈd͡ʒɛstɪd/]
suggestion	US	[/sə(ɡ)ˈd͡ʒɛst͡ʃən/]
suggestions	US	[/sə(ɡ)ˈd͡ʒɛst͡ʃənz/]
suggests	US	[/sə(ɡ)ˈd͡ʒɛsts/]
suicide	US	[/ˈsuɪˌsaɪd/]
suit	US	[/sut/]
suitcase	US	[/ˈsutkeɪs/]
sulfate	US	[/ˈsʌlfeɪt/]
sulfur	US	[/ˈsʌl.fɚ/]
sulfuric	US	[/sʌlˈfjuɹɪk/]
sulfurous	US	[/ˈsʌlfəɹəs/]
sulphate	US	[/ˈsʌl.feɪt/]
summarize	US	[/ˈsʌməˌɹaɪz/]
summary	US	[/ˈsʌməɹi/]
summer	US	[/ˈsʌmɚ/]
summery	US	[/ˈsʌməɹi/]
summoned	US	[/ˈsʌmənd/]
sun	US	[/sʌn/]
sunburned	US	[/ˈsʌn.bɜ˞nd/]
sunburnt	US	[/ˈsʌn.bɜ˞nt/]
Sundanese	US	[/sundəˈniːz/]
sunshine	US	[/ˈsʌnʃaɪn/]
superacid	US	[-æsɪd]
superaggressive	US	[-ɛsɪv]
superagile	US	[-ædʒaɪl]
superalmighty	US	[/suːpəɹˈɔːlˈmaɪti/]
superannuated	US	[/ˌsupɚˈænjuˌeɪtɪd/]
superarachnoid	US	[-æknɔɪd]
superassassin	US	[/suːpəɹˈəˈsæsɪn/]
superblizzard	US	[/suːpəɹˈblɪ.zəd/]
supercalifragilisticexpialidocious	US	[/ˌsupɚˌkælɪ̈ˌfɹæd͡ʒɪ̈ˌlɪstɪkˌɛkspiˌælɪ̈ˈdoʊʃəs/]
superchondritic	US	[/supɚkɑnˈdɹɪtɪk/]
superchron	US	[/ˈsuːpə(ɹ)kɹɒn/]
supercilious	US	[/ˌs(j)u.pɚˈsɪ.li.əs/]
superclausal	US	[-ɔːzəl]
supercombinator	US	[/ˈsuː.pɚˌkɑm.bɪˌneɪ.tɚ/, [ˈsuː.pɚˌkɑm.bɪˌneɪ.ɾɚ]]
supercommentary	US	[/supɚˈkɑmənˌtɛɹi/]
supercondensation	US	[-eɪʃən]
superconsciousness	US	[/ˈsupɚˈkɑnʃəsnəs/]
superconsequence	US	[/ˌsuːpə(ɹ)ˈkɒnsɪkwəns/]
superefficient	US	[-ɪʃənt]
supereminent	US	[/suːpəɹˈɛmɪnənt/]
superexpressive	US	[-ɛsɪv]
superfast	US	[/ˈsupɚˌfæst/]
superfetation	US	[/suːpəfəˈteɪʃən/]
superficial	US	[/ˌsu.pɚˈfɪʃ.əl/]
superfiring	US	[/ˈsu.pɚˌfai.ɚ.ɪŋ/]
superfluous	US	[/suˈpɝflu.əs/]
superfrontal	US	[-ʌntəl]
supergrass	US	[/ˈs(j)uːpə(ɹ)ˌɡɹɑːs/]
supergravity	US	[-ævɪti]
supergrowth	US	[/ˈsuːpə(ɹ)ˌɡɹəʊθ/]
supergun	US	[/suːpəɹɡʌn/]
superhabitable	US	[/ˌsupɚˈhæbɪtəbl̩/]
superheat	US	[-iːt]
superhero	US	[/s(j)upɚhɪɹoʊ/]
superheterodyne	US	[/suːpəˈhɛt(ə)ɹədʌɪn/]
superkick	US	[/ˈsuːpɚkɪk/]
superlative	US	[/suˈpɝː.lə.tɪv/]
supermagnetic	US	[-ɛtɪk]
supermajor	US	[-eɪdʒə(ɹ)]
supermajority	US	[/ˌs(j)upɜɹməˈd͡ʒɔɹɪti/]
supermaxilla	US	[-ɪlə]
supermaxillary	US	[-æksɪlɛəɹi]
supermonogamy	US	[/ˈs(j)upɚməˈnɑɡəmi/]
supernational	US	[-æʃənəl]
supernature	US	[/ˈsupərˌneɪt͡ʃər/]
supernormal	US	[/ˌsu pəɹˈnɔɹ məl/]
superocean	US	[/ˈsuːpɚˌoʊ.ʃən/]
superorbital	US	[-ɔː(ɹ)bɪtəl]
superoverwhelming	US	[/suːpəɹˌoʊvɚˈ(h)wɛlmɪŋ/]
superphenomenal	US	[/suːpəɹˌfəˈnɑməˌnɑnəl/]
superplastic	US	[-æstɪk]
superproficient	US	[-ɪʃənt]
superrational	US	[-æʃənəl]
superrecursive	US	[-ɜː(ɹ)sɪv]
superscription	US	[/suːpəˈskɹɪpʃ(ə)n/]
supersecretive	US	[/ˌsuːpərˈsiːkrɪtɪv/]
superseminate	US	[/ˌsuːpə(ɹ)ˈsɛmɪneɪt/]
supersenior	US	[/ˈsupɚˌsinjɚ/]
supersensitivity	US	[/ˌsuːpəɹ.sɛnsəˈtɪvətiː/]
supersensory	US	[-ɛnsəɹi]
supersonic	US	[-ɒnɪk]
superstitious	US	[/ˌs(j)u.pɚˈstɪ.ʃəs/]
supersymmetric	US	[/suːpəsɪˈmɛtɹɪk/]
supertensor	US	[-ɛnsə(ɹ)]
superthriller	US	[-ɪlə(ɹ)]
supertiny	US	[/ˌsuːpəˈɹˈtaɪni/]
supertorus	US	[-ɔːɹəs]
supertunic	US	[-uːnɪk]
supervacuous	US	[/supəˈvækjʊəs/]
superwave	US	[/suːpəɹˈweɪv/]
supinate	US	[/ˈsuː.pəˌneɪt/]
supper	US	[/ˈsʌpɚ/]
suppliant	US	[/ˈsʌpliənt/]
supplicate	US	[/ˈsʌpləˌkeɪt/]
support	US	[/səˈpɔɹt/, [səˈpʰɔɹt], [səˈpʰoɹt]]
supported	US	[/səˈpɔɹtɪd/]
supporting	US	[/səˈpɔɹtɪŋ/]
suppose	US	[/səˈpoʊz/, [səˈpʰoʊz]]
supposing	US	[/səˈpoʊzɪŋ/]
supposition	US	[/ˌsʌpəˈzɪʃən/]
suppression	US	[/səˈpɹɛʃən/]
supremacy	US	[/suˈpɹɛməsi/]
surcharge	US	[/ˈsɜː(ɹ)t͡ʃɑː(ɹ)d͡ʒ/]
surf	US	[/sɝf/]
surface	US	[/ˈsɝːfəs/]
surfactant	US	[/səɹˈfæktənt/]
surfboard	US	[/ˈsɝfˌbɔɹd/]
surfeit	US	[/ˈsɝː.fɪt/]
surfing	US	[/ˈsɝfɪŋ/]
surge	US	[/sɝd͡ʒ/]
surgery	US	[/ˈsɝd͡ʒəɹi/]
surgical	US	[/ˈsɝd͡ʒɪkəl/]
surging	US	[-ɜː(ɹ)dʒɪŋ]
surjection	US	[/sɜː(ɹ)ˈd͡ʒɛk.ʃən/]
surly	US	[/ˈsɝli/]
surname	US	[/ˈsɝˌneɪm/]
surprise	US	[/sɚˈpɹaɪz/]
surprised	US	[/sɚˈpɹaɪzd/]
surprising	US	[/sɚˈpɹaɪzɪŋ/]
surprisingly	US	[/səˈpɹaɪzɪŋli/]
surreptitiously	US	[/sʌɹəpˈtɪʃəsli/]
surrounded	US	[/səˈɹaʊndɪd/]
surroundings	US	[/səˈɹaʊndɪŋz/]
surtitle	US	[/ˈsɜː(ɹ)taɪtəl/]
surveillance	US	[/sɚˈveɪ.ləns/]
surveying	US	[/sɚˈveɪ.ɪŋ/]
surveyor	US	[/səˈveɪə/]
survive	US	[/sɚˈvaɪv/]
susceptible	US	[[səˈsɛptɪbl̩]]
suspicious	US	[/səˈspɪʃ.əs/]
sustainability	US	[/səˌsteɪnəˈbɪləti/, [səˌsteɪnəˈbɪləɾi]]
swaggerlicious	US	[-ɪʃəs]
swam	US	[[swẽə̃m], [swẽə̃m]]
swamp	US	[/swɑmp/]
swan	US	[/swɑn/]
swarm	US	[/swɔɹm/]
Swartz	US	[/swɔɹts/]
SWAT	US	[/swɑt/]
swat	US	[/swɑt/]
swear	US	[/swɛɚ/]
sweatshirt	US	[/ˈswɛtʃəːt/]
Sweden	US	[/ˈswi.dən/]
sweet	US	[/swit/]
sweetbread	US	[/ˈswitˌbɹɛd/]
sweetest	US	[/ˈswiːtəst/]
sweetheart	US	[/ˈswitˌhɑɹt/, [ˈswiˌɾ(ʱ)ɑɹt̠̚]]
sweetie	US	[/ˈswi.ti/]
sweetly	US	[/ˈswiːtli/]
sweetness	US	[/ˈswitnəs/]
swelter	US	[/ˈswɛl.tɚ/]
SWERF	US	[/swɝf/]
SWERFy	US	[/ˈswɝfi/]
swerve	US	[/swɝv/]
swiftly	US	[/ˈswɪftli/]
swiftness	US	[/ˈswɪftnɪs/]
swimmer	US	[/ˈswɪm.ɚ/]
swimmie	US	[/ˈswɪ.mi/]
swimmy	US	[/ˈswɪ.mi/]
swimsuit	US	[/swɪm.s(j)ut/]
Switzerland	US	[/ˈswɪt.sɚ.lənd/]
sword	US	[[sɔɹd]]
swordfight	US	[/ˈsɔɹdfaɪt/]
swords	US	[/sɔɹdz/]
swore	US	[/swoɹ/]
sworn	US	[/swɔɹn/]
swung	US	[/ˈswʌŋ/]
sybarite	US	[/ˈsɪbəˌɹaɪt/]
sycamore	US	[/ˈsɪkəmoɹ/]
syllables	US	[/ˈsɪləbl̩z/]
syllogism	US	[/ˈsɪlədʒɪz(ə)m/]
symbolic	US	[-ɒlɪk]
symbolism	US	[/ˈsɪmbəˌlɪzəm/]
sympathetically	US	[/sɪmpəˈθɛtɪk(ə)li/]
synagogue	US	[/ˈsɪ.nəˌɡɑɡ/]
synchronous	US	[/ˈsɪŋkɹənəs/]
synchronously	US	[/ˈsɪŋkɹənəsli/]
syncopated	US	[/ˈsinkə(ʊ)ˌpeɪtəd/]
syncope	US	[/ˈsɪŋ.kə.pi/]
synonym	US	[/ˈsɪn.əˌnɪm/]
synonymous	US	[/sɪˈnɑnɪməs/]
synopsis	US	[/sɪˈnɑpsɪs/]
synthesize	US	[/ˈsɪnθəsaɪz/]
synthesizer	US	[/ˈsɪn.θəˌsaɪ.zɚ/]
synthetic	US	[/sɪnˈθɛtɪk/]
syphilis	US	[/ˈsɪfɪlɪs/]
systematics	US	[-ætɪks]
systematize	US	[/ˈsɪstəməˌtaɪz/]
systems	US	[/ˈsɪstəmz/]
systole	US	[/ˈsɪstəli/]
tabernacle	US	[/ˈtæbɚnækl̩/]
table	US	[/ˈteɪbl̩/]
tables	US	[/ˈteɪbl̩z/]
tablespoon	US	[/ˈteɪbəlˌspun/, [-bɫ̩-]]
TACAN	US	[/ˈtæk.æn/]
taciturn	US	[/ˈtæsɪtɝn/]
tactics	US	[/ˈtæktɪks/]
tactics	US	[/ˈtæktɪks/]
tailcoat	US	[/ˈteɪlkoʊt/]
tailor	US	[/ˈteɪlɚ/]
Taiwan	US	[/ˌtaɪ̯ˈwɑn/]
Taiwanese	US	[/ˌtaɪwɑˈniːz/]
takeback	US	[/ˈteɪkˌbæk/]
takhi	US	[-æki]
talents	US	[/ˈtælənts/]
talked	US	[/tɔkt/]
talkie	US	[-ɔːki]
talking	US	[/ˈtɔkɪŋ/]
talks	US	[/ˈtɔks/]
taller	US	[/ˈtɔlɚ/]
tambourine	US	[/ˌtæm.bəˈɹiːn/]
tamer	US	[/ˈteɪmɚ/]
tandem	US	[/ˈtændəm/, [ˈtɛəndəm]]
tangential	US	[/tænˈd͡ʒɛn.t͡ʃəl/]
tanghulu	US	[/tɑŋˈhuːluː/]
tangible	US	[/ˈtænd͡ʒəbəl/]
tantalize	US	[/ˈtæntəlaɪz/]
tantric	US	[/ˈtæntɹɪk/]
Tanzania	US	[/ˌtænzəˈniːə/]
taper	US	[/ˈteɪpɚ/]
tapered	US	[/ˈteɪ.pɚd/]
tapestry	US	[/ˈtæpəstɹi/]
tar	US	[/tɑɹ/, [tʰɑɻ], [tʰɑɹ]]
tarantella	US	[/ˌtɛɹənˈtɛlə/]
TARDIS	US	[/ˈtɑɹdɪs/]
Tardis	US	[/ˈtɑɹdɪs/]
tardy	US	[/ˈtɑɹdi/]
tare	US	[/tɛ(ə)ɹ/]
target	US	[/ˈtɑɹɡɪt/, [ˈtʰɑɹɡɪt̚]]
tarn	US	[/tɑɹn/, [tɝn]]
tarnish	US	[/ˈtɑɹnɪʃ/]
tarns	US	[-ɑː(ɹ)nz]
task	US	[/tæsk/]
tasted	US	[/ˈteɪstɪd/]
tasteless	US	[/ˈteɪstləs/]
tattered	US	[/ˈtætɚd/]
taught	US	[/tɔt/]
taupe	US	[/toʊp/]
Taurus	US	[/ˈtɔːɹəs/]
taut	US	[/tɔt/]
taxes	US	[/ˈtæksɪz/]
taxicab	US	[/ˈtæk.siˌkæb/]
taxol	US	[/ˈtæksɒl/]
taxon	US	[/ˈtæksɑn/]
tea	US	[/ti/, [tʰi]]
teaboo	US	[/ˈtiː.ə.buː/]
teacher	US	[/ˈtit͡ʃɚ/]
teachers	US	[/ˈtit͡ʃɚz/]
teams	US	[/tiːmz/]
teamster	US	[/ˈtim.stɚ/]
tear	US	[/tɛɹ/]
teardrop	US	[/ˈtɪədɹɒp/]
tearing	US	[/ˈtɛɹ.ɪŋ/]
teaser	US	[/ˈtiːzɚ/]
teaspoon	US	[/ˈtiˌspun/]
teaspoonful	US	[/ˈtiːspuːnfəl/]
technobabble	US	[/ˈtɛknoʊbæbəl/]
technological	US	[/ˌtɛk.nəˈlɑ.d͡ʒɪ.kəl/, [ˌtɛk.nəˈlɑ.d͡ʒɪ.kl̩]]
technorati	US	[/ˌtɛknəˈɹɑːti/]
techwear	US	[/ˈtɛkwɛ(ə)ɹ/, [ˈtʰɛkwɛɚ], [ˈtʰɛkwɛɹ]]
tectum	US	[/ˈtɛk.təm/]
teefies	US	[/ti.fiz/]
teenager	US	[/ˈtiːnˌeɪ.d͡ʒə(ɹ)/]
teeth	US	[/ˈtiθ/]
teetotaler	US	[/ˈtitoʊtəlɚ/]
telangiectasia	US	[/ˌtɛlˌæn.d͡ʒi.ɛkˈteɪ.ʒə/]
telecommunication	US	[/ˌtɛləkəˌmjunɪˈkeɪʃən/]
telegram	US	[/ˈtɛləˌɡɹæm/]
telegraphy	US	[/təˈlɛɡɹəfi/]
telephone	US	[/ˈtɛl.əˌfoʊn/]
teleport	US	[/ˈtɛləpɔː(ɹ)t/]
teleprompter	US	[/ˈtɛləˌpɹɑmptəɹ/]
telescope	US	[/ˈtɛl.əˌskoʊp/]
teletype	US	[/ˈtɛlɪˌtaɪp/]
televise	US	[/ˈtɛləvaɪz/]
telex	US	[/tɛl.ɛks/]
Telugu	US	[/ˈtɛ.lʊ.ɡuː/]
temazepam	US	[/təˈmæz.əˌpæm/]
temerity	US	[/təˈmɛɹ.ə.ti/]
temper	US	[/ˈtɛmpɚ/]
temperamental	US	[-ɛntəl]
temperance	US	[/ˈtɛmpəɹəns/]
temperate	US	[/ˈtɛmpəɹət/]
tempest	US	[/ˈtɛmpəst/]
tempest	US	[/ˈtɛmpəst/]
temples	US	[/ˈtɛmpl̩z/]
temporality	US	[-ælɪti]
tempting	US	[/ˈtɛmp.tɪŋ/]
tenacity	US	[/təˈnæsəti/]
tendency	US	[/ˈtɛn.dən.si/]
tenderly	US	[/ˈtɛn.dɚ.li/]
tenderness	US	[/ˈtɛn.dɚ.nɪs/]
tendie	US	[/ˈtɛn.diː/]
tending	US	[/ˈtɛndɪŋ/]
tendon	US	[/ˈtɛn.dən/]
Tennessee	US	[/ˌtɛn.əˈsiː/]
tenor	US	[/tɛnə(ɹ)/]
tephra	US	[/ˈtɛ.fɹə/]
teppanyaki	US	[/ˌtɛpənˈjɑːki/]
teratoid	US	[/ˈtɛɹ.ə.tɔɪd/]
terbium	US	[/ˈtɝ.bi.əm/]
tergiversate	US	[/tɝˈd͡ʒɪvɝseɪt/]
teriyaki	US	[/ˌtɛ.ɹiˈjɑ.ki/]
term	US	[/tɝm/]
termagant	US	[/ˈtɜɹməɡənt/]
terminated	US	[/ˈtɝmɪneɪtɪd/]
terminus	US	[/ˈtɜːmɪnəs/]
terms	US	[/tɝmz/]
tern	US	[/tɝn/]
terribly	US	[/ˈtɛɹ.ɪ.bli/]
terrified	US	[/ˈtɛɹɪfaɪd/]
terrine	US	[/təˈɹin/]
territories	US	[/ˈtɛɹɪˌtɔɹiz/]
territory	US	[/ˈtɛɹɪˌtɔɹi/]
terrorism	US	[/ˈtɛɹəɹɪzəm/]
tesla	US	[/ˈtɛslə/]
tesselate	US	[/ˈtɛsəleɪt/]
tessellate	US	[/ˈtɛsəleɪt/]
tessellation	US	[/tɛsəˈleɪʃən/]
tested	US	[/ˈtɛstɪd/]
testicle	US	[/ˈtɛstɪkəl/]
testimony	US	[/ˈtɛstɪmoʊni/]
Testudines	US	[/tɛˈstjuːdɪniːz/]
tether	US	[/ˈtɛðəɹ/]
tetrabasic	US	[-eɪsɪk]
tetracontagon	US	[/ˈtɛ.tɹəˈkɑntæ.ɡɑn/]
tetrahedron	US	[/tɛtɹəˈhiːdɹən/]
tetromino	US	[/tɛˈtɹɑːmɪnoʊ/]
textile	US	[/ˈtɛks.taɪl/]
thanatophobia	US	[-əʊbiə]
Thanatos	US	[/ˈθænəˌtɑs/]
thank	US	[/θæŋk/]
thanks	US	[/θæŋks/]
thaumaturgy	US	[/ˈθɔməˌtɝd͡ʒi/]
theatromaniac	US	[-eɪniæk]
thee	US	[/ðiː/]
thees	US	[/ðiz/]
thence	US	[-ɛns]
thenceforth	US	[/ˌðɛnsˈfɔːɹθ/]
theocracy	US	[/θiːˈɒkɹəsi/]
theologaster	US	[-æstə(ɹ)]
theomania	US	[-eɪniə]
theomaniac	US	[-eɪniæk]
theoretical	US	[/ˌθi.əˈɹɛt.ɪ.kəl/, [ˌθi.əˈɹɛɾ.ɪ.kl̩]]
theosophic	US	[/ˌθi.əˈsɑ.fɪk/]
theosophy	US	[[θiˈɑs.ə.fi]]
there	US	[[ðeɚ]]
thereby	US	[/ðɛɹˈbaɪ/]
therefore	US	[/ˈðɛɚ.foɹ/]
thereof	US	[/ðɛˈɹʌv/]
therizinosaur	US	[/ˌθɛɹɪˈzɪnəsɔː(r)/]
thermodynamic	US	[/ˌθɝmoʊdaɪˈnæmɪk/]
thermokarst	US	[/ˌθɜː(ɹ).mʊəˈkɑː(ɹ)st/]
thermometer	US	[/θɚˈmɑmɪtɚ/]
these	US	[/ðiz/]
thick	US	[[θɪk], [θɪk]]
thicken	US	[/ˈθɪkən/]
thief	US	[/θif/]
thingy	US	[/ˈθɪŋi/]
thinker	US	[/ˈθɪŋ.kɚ/]
thinspo	US	[/ˈθɪns.poʊ/]
third	US	[/θɝd/]
thirst	US	[/θɝst/]
thirsty	US	[/ˈθɝs.ti/]
thirteenth	US	[/ˌθɝˈtiːnθ/]
thirty	US	[/ˈθɝti/, [ˈθɝɾi]]
thixotropic	US	[-ɒpɪk]
Thomas	US	[/ˈtɑ.məs/]
thorn	US	[/θoɹn/, [θo̞ɹn]]
those	US	[/ðoʊz/]
thou	US	[/ðuː/]
though	US	[/ðoʊ/]
thoughbeit	US	[/ðoʊˈbi.ət/]
thought	US	[/θɔt/]
thoughtful	US	[/ˈθɔtfəl/]
thoughtfully	US	[/ˈθɔtfəli/]
thoughtlessly	US	[/ˈθɔt.lɪs.li/]
thoughts	US	[/θɔts/]
thousands	US	[/ˈθaʊzn̩dz/]
thread	US	[/θɹɛd/, [θɾ̪̊ɛd]]
threatened	US	[/ˈθɹɛt.n̩d/]
threatening	US	[/ˈθɹɛt.n̩.ɪŋ/]
threepence	US	[/ˈθɹiːpɛns/]
threnedy	US	[/ˈθɹɛn.ə.di/]
threshold	US	[/ˈθɹɛʃ(h)oʊld/]
thrice	US	[/θɹaɪs/]
thrice	US	[/θɹaɪs/]
thrill	US	[/θɹɪl/]
throat	US	[/ˈθɹoʊt/]
throes	US	[/θɹoʊz/]
thrombocythemia	US	[/ˌθɹɒmbəʊsaɪˈθiːmɪə/]
thrombosis	US	[/θɹɑmˈboʊsɪs/]
throne	US	[[θɹoʊn]]
through	US	[/θɹu/]
throughline	US	[/ˈθɹuˌlaɪn/]
throw	US	[/θɹoʊ/, [θɾ̪̊oʊ]]
throwed	US	[/θɹoʊd/]
throwing	US	[/ˈθɹoʊ.ɪŋ/]
thrown	US	[/θɹoʊn/]
throws	US	[/θɹoʊz/]
thru	US	[/θɹu/]
thru	US	[/θɹu/]
thumping	US	[/ˈθʌmpɪŋ/]
thunder	US	[/ˈθʌndɚ/]
thunderbolt	US	[/ˈθʌndə(ɹ)ˌboʊlt/]
thunderstruck	US	[/ˈθʌn.dɚ.stɹʌk/]
thymol	US	[/ˈθaɪmɒl/]
thymotic	US	[/ˈθaɪ.mɑ.tɪk/, [ˈθaɪ.mɑ.ɾɪk]]
tibial	US	[/ˈtɪbi.əl/]
tiddlywinks	US	[/ˈtɪdliˌwɪŋks/]
tides	US	[-aɪdz]
tidings	US	[/ˈtaɪdɪŋz/]
timber	US	[/ˈtɪmbɚ/, [ˈtɪˑmˌbɚː]]
timbromania	US	[-eɪniə]
Timbuktu	US	[/tɪm.bʌkˈtuː/]
timeline	US	[/ˈtaɪmˌlaɪn/]
timeout	US	[/ˈtaɪm.aʊt/]
timer	US	[/ˈtaɪmɚ/]
timetable	US	[/ˈtaɪmˌteɪbəl/]
timid	US	[/ˈtɪmɪd/]
Timothy	US	[/ˈtɪməθi/]
timpani	US	[/ˈtɪmpəni/]
tincture	US	[/ˈtɪŋ(k)t͡ʃɚ/]
tinman	US	[/ˈtɪn.mæn/]
tiny	US	[/ˈtaɪni/]
tiptoe	US	[/ˈtɪpˌtoʊ/, [ˈtʰɪpˌtʰoʊ̯]]
tired	US	[[ˈtaɪ̯ɚd]]
tires	US	[/ˈtaɪ̯ɚz/]
tissue	US	[/ˈtɪʃ.(j)u/]
Titania	US	[/tɪˈtɑːni.ə/]
titles	US	[/ˈtaɪtl̩z/]
tjaele	US	[/t͡ʃeɪlə/]
toadstool	US	[/ˈtoʊdˌstu(ə)l/]
toast	US	[/toʊst/]
toasty	US	[/ˈtoʊsti/]
tobacco	US	[/təˈbæk.oʊ/]
Toblerone	US	[/ˈtoʊbləɹoʊn/]
toboggan	US	[/təˈbɑːɡ.ən/]
Tocantins	US	[/ˌtəʊkənˈtiːns/]
toddler	US	[/ˈtɑdlɚ/]
toe	US	[/toʊ/]
toenail	US	[/ˈtəʊˌneɪl/]
toga	US	[/ˈtoʊ.ɡə/]
toggle	US	[/ˈtɑ.ɡəl/]
Togolese	US	[-iːz]
toiletry	US	[/ˈtɔɪlɪtɹi/]
toke	US	[/toʊk/]
Tokelau	US	[/ˈtoʊkəlaʊ/]
token	US	[/ˈtoʊkən/]
told	US	[/toʊld/]
tolerance	US	[/ˈtɑ.lə.ɹəns/]
tolerate	US	[/ˈtɑ.lə.ɹeɪt/]
toluene	US	[/ˈtɑl.ju.in/]
tom	US	[/tɑm/]
tomatillo	US	[/ˌtɑməˈtiːjoʊ/]
tomato	US	[/təˈmeɪ.toʊ/, [tʰə̥ˈmeɪɾoʊ]]
tomb	US	[/tum/]
tombstone	US	[/ˈtuːmstoʊn/]
tomfoolery	US	[/ˈtɑmˌful.ɚ.i/, [ˈtʰɑmˌɸuɫ.ɚ.i], [ˈtʰɑɱˌfuɫ.ɚ.i]]
ton	US	[/tʌn/]
tone	US	[/toʊn/]
tones	US	[/toʊnz/]
tongs	US	[/tɔŋz/]
tonguectomy	US	[-ɛktəmi]
tonne	US	[/tʌn/]
tonsillectomy	US	[-ɛktəmi]
too	US	[/tu/, [tʰu̟]]
Tooele	US	[/tuːˈɛlə/]
toolbar	US	[/ˈtul.bɑɹ/]
toot	US	[/ˈtut/]
tooth	US	[/tuθ/]
toothache	US	[/ˈtuθˌeɪk/]
toothbrush	US	[/ˈtuːθbɹʌʃ/]
toothcomb	US	[/ˈtuθˌkoʊm/]
toothsome	US	[/ˈtuθ.səm/, [ˈtuθ.sm̩]]
top	US	[/tɑp/, [tʰɑp]]
topcoat	US	[/ˈtɒpkəʊt/]
topic	US	[/ˈtɑpɪk/]
topoisomerase	US	[/ˌtɑpoʊˌaɪˈsɑməˌɹeɪs/]
topology	US	[/təˈpɑləd͡ʒi/]
topping	US	[/ˈtɑpɪŋ/]
toppy	US	[/ˈtɒpi/]
topspace	US	[/ˈtɑp.speɪs/]
torch	US	[/tɔɹt͡ʃ/]
torcher	US	[/ˈtɔɹt͡ʃɚ/]
torn	US	[/tɔɹn/]
tornadoes	US	[/tɔː(ɹ)ˈneɪd.əʊz/]
tornados	US	[/tɔː(ɹ)ˈneɪ.dəʊz/]
torpor	US	[/ˈtɔɹpɚ/]
torporific	US	[/ˌtɔː(ɹ)pəˈɹɪfɪk/]
torque	US	[/tɔɹk/]
torrefy	US	[/ˈtɔ.ɹɪ.faɪ/]
torrent	US	[/ˈtɔɹ.ənt/]
torso	US	[/ˈtɔɹ.soʊ/]
tort	US	[/tɔɹt/]
torte	US	[/tɔɹt/]
tortellini	US	[/ˌtɔɹtəˈlini/]
tortoise	US	[/ˈtɔɹ.təs/]
torture	US	[/ˈtoɹt͡ʃɚ/]
torus	US	[/ˈtɔɹəs/, [ˈtɔ.ɹəs]]
Torvalds	US	[/ˈtɔːrvɔːldz/]
tot	US	[/tɑt/]
totally	US	[/ˈtoʊt.əl.i/]
toucan	US	[/ˈtuːˌkæn/]
touchy	US	[/ˈtʌt͡ʃi/]
tough	US	[/tʌf/]
tour	US	[/tʊɚ/]
tower	US	[/ˈtaʊɚ/]
towers	US	[/ˈtaʊɚz/]
township	US	[/ˈtaʊnʃɪp/]
toxicology	US	[/ˌtɒksɪˈkɒləd͡ʒi/]
toxicomania	US	[/ˌtɑksɪkoʊˈmeɪniə/]
toxin	US	[/ˈtɑksɪn/]
trachea	US	[/ˈtɹeɪ.ki.ə/]
tractable	US	[/ˈtɹæk.tə.bəl/]
tractor	US	[/ˈtɹæktɚ/]
trailer	US	[/ˈtɹeɪlɚ/]
trainers	US	[/ˈtɹeɪnə(ɹ)z/]
traitor	US	[/ˈtɹeɪtɚ/, [ˈtʰɹeɪɾɚ]]
trajectory	US	[/tɹəˈd͡ʒɛktəɹi/]
trampy	US	[/ˈtɹæmpi/]
tranime	US	[/ˈtɹæn.ɪ.meɪ/]
tranny	US	[/ˈtɹæ.ni/]
tranquil	US	[/ˈtɹæŋ.kwɪl/]
tranquility	US	[/træŋˈkwɪlɪti/]
tranquillity	US	[/tɹæŋˈkwɪl.ɪ.ti/]
transbian	US	[/ˈtrænz.bi.ən/]
transcendence	US	[/tɹæn(t)ˈsɛndəns/]
transcendental	US	[/ˌtɹænsɛnˈdɛntəl/]
transclude	US	[-uːd]
transfeminine	US	[/trænzˈfɛm.ən.ɪn/]
transformed	US	[/tɹænsˈfɔɹmd/]
transformer	US	[/tɹænsˈfɔɹmɚ/]
transistor	US	[/tɹænˈzɪs.tɚ/]
transitive	US	[/ˈtɹænzɪtɪv/]
translations	US	[/tɹænzˈleɪʃənz/]
translucent	US	[/tɹænzˈlu.sənt/]
transmogrify	US	[/tɹænzˈmɑɡɹɪfaɪ/]
transmute	US	[/tɹænzˈmjuːt/]
transpire	US	[/tɹænˈspaɪ̯ɚ/]
transport	US	[/tɹænsˈpɔɹt/]
transportation	US	[/tɹænspɚˈteɪʃən/]
transported	US	[/tɹænzˈpɔɹtɪd/]
transpose	US	[/tɹænzˈpoʊz/]
transputer	US	[-uːtə(ɹ)]
trap	US	[/tɹæp/]
trapezoidal	US	[-ɔɪdəl]
trapper	US	[/ˈtɹæpɚ/]
traunch	US	[/tɹɔnt͡ʃ/]
traveled	US	[/ˈtɹævl̩d/]
traveler	US	[/ˈtɹæv.lɚ/]
travelled	US	[/ˈtɹævl̩d/]
travellers	US	[/ˈtɹæv(ə)lɚz/]
travels	US	[/ˈtɹævəlz/]
trays	US	[-eɪz]
treap	US	[-iːp]
treasurer	US	[/ˈtɹɛʒəɹə(ɹ)/]
treasures	US	[/ˈtɹɛʒɚz/]
treasury	US	[/ˈtɹɛʒ.ɚ.i/]
treating	US	[/ˈtɹiːtɪŋ/]
treatment	US	[/ˈtɹiːtmənt/]
trembled	US	[/ˈtɹɛmbl̩d/]
trembling	US	[/ˈtɹɛmblɪŋ/]
trenchant	US	[/ˈtɹɛnʃənt/]
trepidancy	US	[/ˈtɹɛpɪdənsi/]
trepidation	US	[/ˌtɹɛp.ɪˈdeɪ.ʃən/]
triangle	US	[/ˈtɹaɪˌæŋɡəl/]
Trianon	US	[/ˈtɹiːəˌnɒn/]
tribasic	US	[-eɪsɪk]
tribute	US	[/ˈtɹɪbjuːt/]
triceratops	US	[/tɹaɪˈsɛɹətɒps/]
trichotomy	US	[/tɹaɪˈkɑt.ə.mi/]
trickery	US	[/tɹɪ.kə.ɹi/]
tricky	US	[/ˈtɹɪk.i/]
trident	US	[/ˈtɹaɪ̯dənt/]
trifecta	US	[/tɹaɪˈfɛktə/]
trilateral	US	[/ˌtrɪˈlæ.təɹ.əl/, [ˌtrɪˈlæ.ɾɚ.əl]]
trilby	US	[/ˈtɹɪlbi/]
trilogy	US	[/ˈtɹɪləd͡ʒi/]
trinity	US	[/ˈtɹɪnɪti/]
triomino	US	[/tɹaɪˈɑmɪˌnoʊ/]
triple	US	[/ˈtɹɪpəl/, [ˈtɹɪp.l̩]]
trisector	US	[/ˈtɹaɪˌsɛktɚ/]
triumph	US	[/ˈtɹaɪ.əmf/]
trivalent	US	[/traɪˈveɪlənt/]
Trivandrum	US	[/trɪˈvæn.drəm/]
troilism	US	[/ˈtɹɔɪlɪz(ə)m/]
trojan	US	[/ˈtɹoʊd͡ʒən/]
troller	US	[-əʊlə(ɹ)]
trolling	US	[/tɹoʊlɪŋ/]
tromino	US	[/ˈtɹɑmɪˌnoʊ/]
troubled	US	[/ˈtɹʌbl̩d/]
troublemaker	US	[/ˈtɹʌbəlˌmeɪkə(ɹ)/]
trousers	US	[/ˈtɹaʊzɚz/]
truce	US	[/tɹus/]
truck	US	[/tɹʌk/, [tɹʌk], [t͡ʃɹʌk]]
truculent	US	[/ˈtɹʌkjʊlənt/]
truecel	US	[/ˈtɹuːsɛl/]
TrueType	US	[/ˈtɹuˌtaɪp/]
Truman	US	[/ˈtɹumən/]
truncheon	US	[/ˈtɹʌnt͡ʃən/]
trunk	US	[/tɹʌŋk/, [t͡ʃɹʌŋk], [tɹʌŋk]]
trusted	US	[/ˈtɹʌstɪd/]
truth	US	[/tɹuːθ/]
truthfulness	US	[/ˈtɹuθfəlnəs/]
tryhard	US	[/ˈtɹaɪˌhɑɹd/]
tsundere	US	[/ˈtsun.dəɹ.eɪ/]
tubal	US	[/ˈtubəl/]
tubercle	US	[/ˈtuːbɚkəl/]
tuberosity	US	[/ˌtjuːbəˈrɒsɪti/]
tuberous	US	[/ˈt(j)uːbəɹəs/]
tubes	US	[/tuːbz/]
tubie	US	[/ˈtu.bi/]
tubule	US	[/ˈtubjul/]
tuck	US	[/tʌk/]
tulip	US	[/ˈtulɪp/]
tulipomania	US	[-eɪniə]
tulipomaniac	US	[-eɪniæk]
tulle	US	[/tuːl/]
tumbler	US	[/ˈtʌmblɚ/]
tumbleweed	US	[/ˈtʌmbəlˌwid/]
tumult	US	[[ˈtʌmʌlt̰̚], [ˈtʌmʌlt̰̚], /ˈtuː.mʌlt/]
tumulus	US	[/ˈtuːmjələs/]
tundra	US	[/ˈtʌndɹə/]
tune	US	[/t(j)un/]
tuner	US	[/ˈtuː.nɚ/]
tungstic	US	[/ˈtʌŋstɪk/]
Tunisia	US	[/tuˈniʒ.ə/]
turbo	US	[/ˈtɝ.boʊ/]
turbulence	US	[/ˈtɝ.bjə.ləns/]
turbulent	US	[/ˈtɝbjələnt/]
turdmuffin	US	[/ˈtɜː(ɹ)dˌmʌfɪn/]
turducken	US	[/ˌtɝˈdʌk(ə)n/]
turgid	US	[/ˈtɚ.d͡ʒɪd/]
turkey	US	[/ˈtɝki/]
turkey	US	[/ˈtɝki/]
Turkey	US	[/ˈtɝki/]
Turkey	US	[/ˈtɝki/]
Turkish	US	[/ˈtɝ.kɪʃ/, [ˈtɚ.kɪʃ], [ˈtɐ˞.kɪʃ]]
Turkmen	US	[/ˈtɝk.mən/]
Turkmenistan	US	[/tɚkˈmɛn.ɪ.stæn/]
turmoil	US	[/ˈtɜːmɔɪl/]
turn	US	[/tɜɹn/]
turncoat	US	[/ˈtɝn.koʊt/]
turned	US	[/tɝnd/]
turning	US	[/ˈtɝ.nɪŋ/]
turnip	US	[/ˈtɝ.nɪp/]
turns	US	[/tɝnz/]
turnstile	US	[/ˈtɝnstaɪl/]
turpitude	US	[/ˈtɜɹpətuːd/]
turtle	US	[/ˈtɝtl̩/, [ˈtʰɝɾɫ̩]]
tv	US	[/tivi/]
twaddle	US	[/ˈtwɑdəl/]
twat	US	[/twɑt/, [tʰw̥ɑt]]
tweet	US	[/ˈtwit/]
tweezers	US	[/ˈtwizɚz/]
twenny	US	[[ˈtwɛni], [ˈtwɛɾ̃i]]
twig	US	[/twɪɡ/, [tʰw̥ɪɡ]]
twilight	US	[/ˈtwaɪˌlaɪt/]
twirl	US	[/ˈtwɝl/]
twisting	US	[/ˈtwɪstɪŋ/]
twofold	US	[/ˈtuːfoʊld/]
typecast	US	[/ˈtaɪp.kæst/]
typescale	US	[/ˈtaɪpskeɪl/]
typewriter	US	[[ˈtaɪpˌɹaɪtə(ɹ)]]
typhoon	US	[/taɪˈfun/]
typify	US	[/ˈtɪpɪfaɪ/]
typist	US	[/ˈtaɪpɪst/]
typists	US	[/ˈtʌɪpɪsts/]
typography	US	[/taɪˈpɑɡɹəfi/]
tyrannize	US	[/ˈtɪɹ.ən.aɪz/]
tyranny	US	[/ˈtɪəɹəni/]
ubiquitous	US	[/juˈbɪkwɪtəs/]
Ucalegon	US	[/juːˈkælɨɡɒn/]
uglify	US	[/ˈʌɡlɪfaɪ/]
Ukrainian	US	[/juˈkɹeɪ.ni.ən/]
ulcerous	US	[/ˈʌl.sɚ.əs/]
ulna	US	[/ˈʌlnə/]
ulster	US	[/ˈʌlstə/]
ult	US	[/ʌlt/]
ultimate	US	[/ˈʌltəmɪt/]
ultrasonosurgery	US	[/ˌʌltɹəsɒnəʊˈsɜː(ɹ)dʒəɹi/]
umbrage	US	[/ˈʌm.bɹɪd͡ʒ/]
umbrageous	US	[/ʌmˈbɹeɪdʒəs/]
unabashedly	US	[/ˌʌnəˈbæʃɪdli/]
Unabomber	US	[/ˈjuːnəbɒmər/]
unaccountable	US	[/ˌʌnəˈkaʊntəbl̩/]
unalive	US	[/ən.əlaɪ̯v/]
unambiguous	US	[-ɪɡjuəs]
unanimity	US	[/juːnəˈnɪmɪti/]
unary	US	[/ˈjuːnəɹi/]
unaware	US	[/ˌʌnəˈwɛɚ/]
unbeknown	US	[/ˌʌnbɪˈnoʊn/]
unbeknown	US	[/ˌʌnbɪˈnoʊn/]
unbeknownst	US	[/ˌʌnbɪˈnoʊnst/]
unbelievable	US	[/ˌʌnbəˈliːvəbl̩/]
unbend	US	[/ʌnˈbɛnd/]
unblockable	US	[-ɒkəbəl]
unbroken	US	[/ʌnˈbɹoʊkn̩/]
uncanny	US	[/ʌnˈkæni/]
uncertainly	US	[/ʌnˈsɝtn̩li/]
uncertainty	US	[/ʌnˈsɝtənti/]
unchanged	US	[/ʌnˈt͡ʃeɪnd͡ʒd/]
uncia	US	[/ˈʌnʃi.ə/]
uncivilized	US	[/ʌnˈsɪvəlaɪzd/]
unclear	US	[/ʌnˈklɪɚ/]
unclothe	US	[-əʊð]
unclothed	US	[-əʊðd]
unconscious	US	[/ˌʌnˈkɑnʃəs/]
unconsciously	US	[/ˌʌnˈkɑnʃəsli/]
uncovered	US	[/ʌnˈkʌvɚd/]
under	US	[/ˈʌndɚ/, [ˈʌn(ɾ)ɚ], [ˈʌɾ̃ɚ]]
underachieve	US	[/ˌʌndə(ɹ)əˈt͡ʃiːv/]
underact	US	[-ækt]
underactive	US	[-æktɪv]
underarticulation	US	[-eɪʃən]
underboob	US	[/ˈʌndəbuːb/]
underbrag	US	[/ˌʌn.dɚˈbɹæɡ/]
underbuilder	US	[/ˈʌndə(ɹ)ˌbɪldə(ɹ)/]
undercarriage	US	[/ˈʌndɚˌkɛɹɪd͡ʒ/]
undercloak	US	[/ˈʌndə(ɹ)kləʊk/]
undercoat	US	[-əʊt]
undercompressive	US	[-ɛsɪv]
underconsumption	US	[-ʌmpʃən]
undercook	US	[/ʌndɚ.kʊk/]
undercover	US	[/ˌʌndə(ɹ)ˈkʌvə(ɹ)/]
undercurrent	US	[/ˈʌndɚˌkʌɹənt/]
underdispersive	US	[-ɜː(ɹ)sɪv]
underdone	US	[-ʌn]
undereat	US	[-iːt]
underestimation	US	[-eɪʃən]
underfarm	US	[-ɑː(ɹ)m]
underfeed	US	[-iːd]
underfeeling	US	[/ˈʌndəfiːlɪŋ/]
underfill	US	[-ɪl]
underfired	US	[/ˈʌndɚˌfaɪ(ə)ɹd/]
underfoot	US	[/ʌndɚˈfʊt/]
undergarment	US	[/ˌʌn.dɚˈɡɑɹ.mənt/]
undergrounder	US	[/ˌʌn.dɚˈɡɹaʊn.dɚ/]
underhead	US	[/ˈʌndə(ɹ)hɛd/]
underheat	US	[-iːt]
underlet	US	[-ɛt]
underline	US	[/ˈʌndɚˌlaɪn/]
underlip	US	[/ˈʌndɚˌlɪp/]
undermine	US	[/ˌʌn.dɚˈmaɪn/]
undermuscular	US	[-ʌskjʊlə(ɹ)]
undernote	US	[-əʊt]
underpaid	US	[-eɪd]
underplay	US	[-eɪ]
underquote	US	[-əʊt]
underreact	US	[/ˌʌnd.əɹ.ɹiˈækt/]
underreaction	US	[-ækʃən]
underreplacement	US	[-eɪsmənt]
underrepresent	US	[-ɛnt]
undersash	US	[-æʃ]
undersay	US	[/ʌndə(ɹ)ˈseɪ/]
underscore	US	[/ˈʌn.dɚˌskoɹ/]
undersell	US	[-ɛl]
underserved	US	[/ˌʌndɚˈsɝvd/]
underset	US	[-ɛt]
undershot	US	[/ˈʌn.də(ɹ)ˌʃɒt/]
underside	US	[/ˈʌndɚsaɪd/]
undersign	US	[-aɪn]
undersigned	US	[-aɪnd]
underskirt	US	[/ˈʌndəˌskɜːt/]
underspend	US	[-ɛnd]
understanding	US	[/ˌʌndɚˈstændɪŋ/]
understatement	US	[/ˌʌndɚˈsteɪtmənt/]
understood	US	[/ʌndɚˈstʊd/]
understory	US	[/ˈʌndɚˌstoɹi/]
undertake	US	[/ˌʌndɚˈteɪk/]
undertaking	US	[/ˈʌndə(ɹ)ˌteɪkɪŋ/]
undertook	US	[/ʌndɚˈtʊk/]
undertranslation	US	[-eɪʃən]
underutilize	US	[/ˌʌn.dɚˈjuː.tɪ.laɪz/, [ˌʌn.(ɾ)ɚˈjuː.tɪ.laɪz], [ˌʌɾ̃.ɚˈjuː.tɪ.laɪz]]
undervalue	US	[/ˌʌndə(ɹ)ˈvælju/]
underverse	US	[/ˈʌndə(ɹ)vɜː(ɹ)s/]
underwater	US	[/ʌndɚˈwɔtəɹ/]
underwent	US	[-ɛnt]
underwind	US	[/ʌndə(ɹ)ˈwaɪnd/]
underwire	US	[-aɪə(ɹ)]
underwired	US	[/ˌʌndəˈwʌɪəd/]
undesirable	US	[/ˌʌndɪˈzaɪɹəbəl/]
undivided	US	[/ˌʌndɪˈvaɪdɪd/, [ˌʌɾ̃ɪ̈ˈvaɪ̯ɾɪ̈d]]
undivided	US	[/ˌʌndɪˈvaɪdɪd/, [ˌʌɾ̃ɪ̈ˈvaɪ̯ɾɪ̈d]]
undoubtedly	US	[/ʌnˈdaʊtɪdli/]
undreamt	US	[/ʌnˈdɹɛmt/]
unearthly	US	[/ʌnˈɝθ.li/]
uneasiness	US	[/ʌnˈiːzinəs/]
uneath	US	[/ʌˈniːθ/]
unequivocal	US	[/ˌʌnɪˈkwɪvəkəl/]
unexpected	US	[/ʌnɪkˈspɛktɪd/]
unexpectedly	US	[/ʌnɪkˈspɛktɪdli/]
unfair	US	[-ɛə(ɹ), /ʌnˈfɛɚ/]
unfairness	US	[/ʌnˈfɛɚnəs/]
unfazed	US	[/ʌnˈfeɪzd/]
unfettered	US	[/ˈʌnˈfɛtɚd/]
unfight	US	[/ʌnˈfaɪt/]
unfinished	US	[/ʌnˈfɪnɪʃt/]
unforeseen	US	[/ˌʌnfɔɹˈsin/]
unfound	US	[-aʊnd]
unfrozen	US	[-əʊzən]
unfull	US	[/ʌnˈfʊl/]
ungodly	US	[/ʌnˈɡɑdli/]
ungrateful	US	[/ʌnˈɡɹeɪtfəl/]
unhaul	US	[/ʌnˈhɔl/]
unheralded	US	[/ʌnˈhɛɹəldɪd/]
unhurt	US	[-ɜː(ɹ)t]
unified	US	[/ˈjuː.nɪ.faɪd/]
unimportant	US	[/ˌʌnɪmˈpɔɹtənt/]
unintelligible	US	[/ˌʌnɪnˈtɛlɪd͡ʒɪbəl/]
unitard	US	[/ˈjunɪtɑɹd/]
unites	US	[/juːˈnaɪts/]
units	US	[/ˈjuː.nɪts/]
universal	US	[/ˌjunəˈvɜɹs(ə)l/]
universally	US	[/ˌjunɪˈvɝsəli/]
universe	US	[/ˈjuːnəˌvɝs/]
Universe	US	[/ˈjuːnəˌvɝs/]
universities	US	[/junɪˈvɝsətiz/]
unjust	US	[/ʌnˈd͡ʒʌst/]
unjustly	US	[/ʌnˈd͡ʒʌstli/]
unkindness	US	[/ʌnˈkaɪndnɪs/]
unknown	US	[/ʌnˈnoʊn/]
unlawful	US	[-ɔːfʊl]
unleaded	US	[/ˌʌnˈlɛd.əd/]
unlikely	US	[/ʌnˈlaɪkli/]
unlimited	US	[/ʌnˈlɪmɪtɪd/]
unlockable	US	[-ɒkəbəl]
unmarried	US	[/ʌnˈmæɹ.id/]
unmount	US	[-aʊnt]
unnecessary	US	[/ʌnˈnɛs.əˌsɛɹ.i/]
unobtrusive	US	[/ˌʌnəbˈtɹusɪv/]
unpin	US	[-ɪn]
unpleasant	US	[/ʌnˈplɛzənt/]
unpossible	US	[/ʌnˈpɒsɪbəl/]
unprincipled	US	[/ʌnˈpɹɪnsɪpəld/]
unproduceable	US	[/ʌn.pɹəˈdu.sɪ.bəl/]
unproven	US	[-uːvən]
unquiet	US	[-aɪət]
unquote	US	[-əʊt]
unreliable	US	[/ˌʌn.ɹəˈlaɪ.ə.b(ə)l/]
unremarkable	US	[[ˌʌn.ɹɪˈmɑɹ.kə.bl̩]]
unrepentant	US	[/ˌən.ɹəˈpɛn.tənt/]
unrequited	US	[/ˌʌn.ɹɪˈkwaɪ.tɪd/, [ˌʌn.ɹɪˈkwaɪ.ɾɪd]]
unrestrained	US	[-eɪnd]
unsavory	US	[/ʌnˈseɪv.əɹ.i/]
unsightly	US	[/ʌnˈsaɪtli/]
unsolicited	US	[/ˌʌnsəˈlɪsɪtɪd/]
unspoken	US	[/ʌnˈspoʊkən/]
unstinted	US	[/ʌnˈstɪn.tɪd/]
unsynagogued	US	[/ʌnˈsɪnəɡɒɡd/]
untangle	US	[/ʌnˈtæŋ.ɡəl/]
untouchable	US	[/ʌnˈtʌtʃəbəl/]
ununennium	US	[/uːnuːnˈɛniːəm/]
unusually	US	[/ʌnˈjuːʒuəli/]
unvisard	US	[/ʌnˈvɪzə(ɹ)d/]
unvitiated	US	[/ʌnˈvɪʃieɪtɪd/]
unvoiced	US	[/ˌʌnˈvɔɪst/]
unwashed	US	[-ɒʃt]
unwieldy	US	[/ˌʌnˈwɪəl.di/]
unwonted	US	[/ʌnˈwɑntɪd/]
up	US	[/ʌp/, [ʌp̚]]
upbringing	US	[/ˈʌpˌbrɪŋɪŋ/]
upbringings	US	[/ˈʌpˌbrɪŋɪŋz/]
update	US	[/ʌpˈdeɪt/]
upmost	US	[/ˈʌpmoʊst/, [ˈʌʔmoʊst]]
upper	US	[/ˈʌpɚ/]
uppermost	US	[/ˈʌpɚˌmoʊst/]
upright	US	[/ˈʌpɹaɪt/]
uproar	US	[/ˈʌpɹɔːɹ/]
uproarious	US	[/ˌʌpˈɹɔ.ɹi.əs/]
upshot	US	[/ˈʌpʃɑt/]
upstanding	US	[/ʌpˈstændɪŋ/]
uptake	US	[/ˈʌpteɪk/]
uptick	US	[/ˈʌptɪk/]
uptown	US	[-aʊn]
upturn	US	[/ˈʌp.tɝn/]
upward	US	[/ˈʌpwɚd/]
uranium	US	[/jʊˈɹeɪniəm/]
urbane	US	[/ɜɹˈbeɪn/]
Urdu	US	[/ˈʊəɹduː/]
urethral	US	[/jʊˈɹiːθɹəl/]
urge	US	[/ɝd͡ʒ/]
urged	US	[/ɝd͡ʒd/]
urgent	US	[/ˈɝ.d͡ʒənt/]
urging	US	[/ˈɝd͡ʒɪŋ/]
urticaria	US	[/ˌɜɹtɪˈkɛəɹi.ə/]
usageaster	US	[-æstə(ɹ)]
use	US	[/jus/]
used	US	[/juzd/]
useful	US	[/ˈjusfəl/, [ˈjusfl̩]]
user	US	[/ˈjuzɚ/]
using	US	[/ˈju.zɪŋ/]
usurp	US	[/juˈsɝp/]
usury	US	[/ˈjuːʒəɹi/]
uteri	US	[/ˈjuːtəɹaɪ/]
uterus	US	[/ˈjuː.tə.ɹəs/]
utmost	US	[/ˈʌtmoʊ̯st/, [ˈʌʔ-], [ˈət-]]
utter	US	[/ˈʌtəɹ/, [ˈʌɾəɹ]]
Utter	US	[/ˈʌtɚ/, [ˈʌɾɚ]]
utterance	US	[/ˈʌtəɹəns/]
uttered	US	[/ˈʌtɚd/]
utterly	US	[/ˈʌt.ə(ɹ).li/]
uvula	US	[/ˈju.vjəl.ə/]
uxoricide	US	[/ʌkˈsɔː.ɹɪˌsaɪd/]
Uyghur	US	[/ˈwiːɡɚ/]
Uzbekistan	US	[/ʊzˌbɛkɪˈstɑːn/]
vacant	US	[/ˈveɪkənt/]
vaccinate	US	[/ˈvæksɪneɪt/]
vaginectomy	US	[-ɛktəmi]
vague	US	[[veːɡ], [veːɡ]]
vaguebook	US	[/ˈveɪɡˌbʊk/]
vainglory	US	[[ˈveɪnˌɡlɔɚ.i]]
vainly	US	[/ˈveɪnli/]
valetudinarian	US	[/ˌvæ.ləˌtuː.dəˈnɛ.ɹi.ən/]
valiant	US	[/ˈvæliənt/]
validation	US	[/ˌvæl.əˈdeɪ.ʃən/]
valor	US	[/ˈvælɚ/]
valour	US	[/ˈvælɚ/]
valuation	US	[/ˌvæ.ljuːˈeɪ.ʃən/]
valued	US	[/ˈvæljuːd/]
values	US	[/ˈvæljuːz/]
vanadate	US	[/ˈvænədeɪt/]
vanadium	US	[/vəˈneɪdi.əm/]
vanity	US	[/ˈvænəti/, [-ɾi]]
vanquish	US	[/ˈvæŋkwɪʃ/]
Vanuatu	US	[/vɑ.nuˈɑ.tu/]
vapor	US	[/ˈveɪpɚ/]
vapor	US	[/ˈveɪpɚ/]
vapourware	US	[/ˈveɪpɚwɛɹ/]
variable	US	[[ˈvɛɹ.i.ə.bl̩]]
variance	US	[/ˈvɛɹ.i.əns/]
variants	US	[/ˈvɛɹi.ənts/]
varies	US	[/ˈvɛɹiːz/]
variola	US	[-əʊlə]
varlet	US	[/ˈvɑːlət/]
varying	US	[/ˈvɛɹiɪŋ/]
vascularity	US	[/vaskjʊˈlaɹɪti/]
vast	US	[/væst/]
Vatican	US	[/ˈvæ.tɪ.kən/]
vector	US	[/ˈvɛktɚ/]
veepstakes	US	[/ˈvipˌsteɪks/]
vehemently	US	[/ˈviː.ə.məntli/]
vehicular	US	[/viˈhɪk.jə.lə(ɹ)/]
vela	US	[/ˈvilə/]
velocity	US	[/vəˈlɑsəti/]
velvet	US	[/ˈvɛlvɪt/]
vendor	US	[/ˈvɛn.dɚ/]
veneer	US	[/vəˈnɪɹ/]
venerate	US	[/ˈvɛnəɹeɪt/]
venture	US	[/ˈvɛn.t͡ʃɚ/]
ventured	US	[/ˈvɛn.t͡ʃɚd/]
venturi	US	[/vɛnˈtjʊəɹi/]
Venus	US	[/ˈvinəs/, [ˈvinɪ̈s]]
veracity	US	[/vəˈɹæ.sə.ti/]
verb	US	[/vɝb/]
verbatim	US	[/vɝˈbeɪ.tɪm/]
verbiage	US	[/ˈvɝ.bi.ɪd͡ʒ/]
verbosity	US	[/vɚˈbɑsəti/]
verdant	US	[/ˈvɝ.dənt/]
verdict	US	[/ˈvɝ.dɪkt/]
verge	US	[/vɝd͡ʒ/]
verging	US	[-ɜː(ɹ)dʒɪŋ]
veritable	US	[/ˈvɛ.ɹɪ.tə.bl/]
verminous	US	[/ˈvɝ.mɪ.nəs/]
Vermont	US	[/vɚˈmɑnt/, [vɚˈmɑn(ʔ)t̚]]
vernacular	US	[/vɚˈnækjəlɚ/]
vers	US	[/vɝs/]
verse	US	[/ˈvɝs/]
version	US	[/ˈvɝʒən/]
verso	US	[-ɜː(ɹ)səʊ]
vertex	US	[/ˈvɝˌtɛks/]
vertices	US	[/ˈvɝtɪsiːz/]
vertigo	US	[/ˈvɝtɪɡoʊ/]
verve	US	[/vɝv/]
vesper	US	[/ˈvɛspɚ/]
vespers	US	[/ˈvɛsˌpɝz/]
vestiary	US	[/ˈvɛstɪəɹi/]
vexatious	US	[/vɛkˈseɪʃəs/]
Viacom	US	[/ˈvaɪəkɒm/]
viaduct	US	[/ˈvaɪəˌdʌk(t)/]
vibrate	US	[/ˈvaɪ.bɹeɪt/]
vibration	US	[/vaɪˈbɹeɪʃən/]
vicar	US	[/ˈvɪkɚ/]
vichyssoise	US	[/ˌvɪʃiˈswɑːz/]
victories	US	[/ˈvɪkt(ə)ɹiz/]
viewpoint	US	[/ˈvjuː.pɔɪnt/]
vigor	US	[/ˈvɪɡɚ/]
vigour	US	[/ˈvɪɡɚ/]
vilify	US	[/ˈvɪl.ɪ.faɪ/]
villages	US	[/ˈvɪlɪd͡ʒɪz/]
vinegar	US	[/ˈvɪnəɡɚ/]
vineyard	US	[/ˈvɪn.jɚd/]
vintage	US	[/ˈvɪn.tɪd͡ʒ/]
vinyasa	US	[/vɪnˈjɑːsə/]
violate	US	[/ˈvaɪəˌleɪt/]
violently	US	[/ˈvaɪ(ə)ləntli/]
violin	US	[/ˌvaɪəˈlɪn/]
viper	US	[/ˈvaɪpɚ/]
virgin	US	[/ˈvɝd͡ʒɪn/]
Virginia	US	[/vɚˈd͡ʒɪn.jə/]
Virgo	US	[/ˈvɝ.ɡoʊ/]
virgule	US	[/ˈvɝ.ɡjul/]
virtue	US	[/ˈvɝ.t͡ʃu/]
virtue	US	[/ˈvɝ.t͡ʃu/]
virtues	US	[/ˈvəː.t͡ʃuːs/]
virtuous	US	[/ˈvɝt͡ʃuəs/]
viscosity	US	[/vɪsˈkɑsɪti/]
visions	US	[/ˈvɪʒənz/]
visited	US	[/ˈvɪzɪtɪd/]
visiting	US	[/ˈvɪzɪtɪŋ/]
visitor	US	[/ˈvɪzɪtɚ/]
visitors	US	[/ˈvɪzɪtɚz/]
visits	US	[/ˈvɪzɪts/]
visor	US	[/ˈvaɪzɚ/]
vitamin	US	[/ˈvaɪ.tə.mɪn/, [ˈvʌɪ.ɾə.mɪn]]
vitiate	US	[/ˈvɪʃ.i.eɪt/]
viticulture	US	[/ˈvɪdəˌkəltʃər/]
vivacity	US	[/vɪˈvæsɪti/]
VMO	US	[[vij ɛm ˈow]]
vocable	US	[/ˈvoʊkəbl̩/]
vocalize	US	[/ˈvoʊ.kə.laɪz/]
vocation	US	[/voʊˈkeɪʃən/]
vodka	US	[/ˈvɑdkə/]
voiceless	US	[/ˈvɔɪsləs/]
voices	US	[/ˈvɔɪsɪz/]
volatility	US	[/ˌvɑ.ləˈtɪl.ə.ti/, [ˌvɑ.ləˈtɪl.ə.ɾi]]
volcanisation	US	[/ˌvɒlkənaɪˈzeɪʃən/]
volcanologist	US	[/ˌvɒl.kəˈnɒ.lə.dʒɪst/]
volcel	US	[/ˈvɑlsɛl/]
Volkswagen	US	[/ˈvoʊksˌwæɡən/]
volleyball	US	[/ˈvɒlibɔ(ː)l/]
voluble	US	[/ˈvɑl.jə.bəl/]
volumes	US	[/ˈvɑljumz/]
volunteers	US	[/vɑlənˈtɪɹz/]
vomit	US	[/ˈvɑmɪt/]
vortex	US	[/ˈvɔɹtɛks/]
vote	US	[/voʊt/]
votes	US	[/voʊts/]
votes	US	[/voʊts/]
voting	US	[/ˈvoʊtɪŋ/]
vow	US	[-aʊ]
vowel	US	[/vaʊl/]
vows	US	[-aʊz]
voyage	US	[/ˈvɔɪ.ɪd͡ʒ/]
voyeurism	US	[/vwɑːˈjɜːɹɪz(ə)m/]
vulcanology	US	[/ˌvʌl.kəˈnɒ.lə.dʒi/]
vulgar	US	[/ˈvʌl.ɡɚ/]
vulnerability	US	[/ˌvʌln(ə)ɹəˈbɪləti/, [ˌvʌln(ə)ɹəˈbɪləɾi]]
vulnerary	US	[/ˈvʌl.nɚ.ɛɹ.i/]
vulture	US	[/ˈvʌlt͡ʃɚ/]
vulval	US	[/ˈvʌlvəl/]
WA	US	[/ˈdʌbəlˌjuː eɪ/]
wacko	US	[/ˈwæ.koʊ/]
wad	US	[/wɑd/]
waddle	US	[/ˈwɑd.əl/, [ˈwɑɾ.ɫ̩]]
wade	US	[/weɪd/]
wafered	US	[/ˈweɪ.fɚd/]
wafers	US	[/ˈweɪ.fɚz/]
wagecuck	US	[/ˈweɪd͡ʒkʌk/]
wager	US	[/ˈweɪ.d͡ʒɚ/]
wages	US	[/ˈweɪd͡ʒɪz/]
wagon	US	[/ˈwæɡən/]
waifu	US	[/ˈwaɪ.fu/]
wait	US	[/weɪt/, [weɪ̯ʔt]]
waited	US	[/ˈweɪ.tɪd/]
waiter	US	[/ˈweɪtɚ/]
waiting	US	[/ˈweɪtɪŋ/]
walk	US	[/wɔk/]
walked	US	[/wɔkt/]
walking	US	[/ˈwɔkɪŋ/]
walks	US	[/wɔks/]
walkthrough	US	[/wɔːk.θɹuː/]
wallaby	US	[/ˈwɑləbi/]
walls	US	[/wɔlz/]
walrii	US	[/ˈwɔːlɹɪaɪ/]
Walz	US	[/wɔlz/]
wand	US	[/wɑnd/]
wander	US	[/ˈwɑndɚ/]
wandered	US	[/ˈwɑndɚd/]
wanderer	US	[/ˈwɑndəɹɚ/]
wandering	US	[/ˈwɑndəɹɪŋ/]
wanted	US	[/ˈwɑntɪd/, [ˈwɑnɪd]]
wanting	US	[/ˈwɑntɪŋ/]
wanton	US	[/ˈwɑntən/]
war	US	[/woɹ/]
warble	US	[/ˈwɔɹbl̩/]
ward	US	[/wɔɹd/]
wardrobe	US	[/ˈwɔɹdɹoʊb/]
ware	US	[/wɛɚ/]
wares	US	[/wɛɹz/]
warfare	US	[/ˈwɔɹfɛɹ/]
waring	US	[/ˈwɛɹɪŋ/]
Waring	US	[/ˈwɛɹɪŋ/]
warlike	US	[/ˈwɔɹlaɪk/]
warlock	US	[/ˈwɔɹ.lɑk/]
warlord	US	[/ˈwɔɹlɔɹd/]
warm	US	[/wɔɹm/]
warmly	US	[/wɔɹmli/]
warmth	US	[/wɔɹmθ/]
warn	US	[/wɔɹn/]
warned	US	[/wɔɹnd/]
warning	US	[/ˈwɔɹnɪŋ/]
warp	US	[/wɔɹp/]
warrant	US	[/ˈwɔɹənt/]
warranties	US	[/ˈwɔɹ.ən.tiz/]
warranties	US	[/ˈwɔɹ.ən.tiz/]
wars	US	[/wɔɹz/]
Warsaw	US	[/ˈwɔɹsɔ/]
warship	US	[/ˈwɔɹˌʃɪp/]
wart	US	[/wɔɹt/]
wase	US	[/weɪs/]
wash	US	[/wɑʃ/]
washed	US	[/wɑʃt/]
wasp	US	[/wɑsp/]
waspie	US	[/ˈwɒspi/]
waspish	US	[/ˈwɑ.spɪʃ/]
wassail	US	[/ˈwɑseɪl/]
watchdog	US	[/ˈwɑːt͡ʃˌdɑːɡ/]
watched	US	[/wɑt͡ʃt/]
watchful	US	[/ˈwɔt͡ʃ.fəl/]
watching	US	[/ˈwɑt͡ʃɪŋ/]
watchlist	US	[/ˈwɔt͡ʃˌlɪst/]
watchman	US	[/ˈwɒtʃmən/]
watchword	US	[/ˈwɒt͡ʃwɜː(ɹ)d/]
watered	US	[/ˈwɔːtə(ɹ)d/]
watermark	US	[/ˈwɔːtəmɑːk/]
waters	US	[/ˈwɔ.tɚz/]
Waters	US	[/ˈwɔtɚz/]
watershed	US	[/ˈwɔtɚʃɛd/]
waterworks	US	[/ˈwɔtɚˌwɚks/, [-ɾɚ-]]
waterzooi	US	[/ˈvɑ.tɚˌzɔɪ/]
Waukesha	US	[/ˈwɔːkɪʃɔː/]
wavelength	US	[/ˈweɪvˌlɛŋ(k)θ/]
waxed	US	[/ˈwækst/]
waywardness	US	[/ˈweɪ.wə(ɹ)d.nəs/]
we	US	[/wi/]
weaker	US	[/ˈwikɚ/]
weakness	US	[/ˈwiːk.nəs/]
weapon	US	[/ˈwɛp.ən/]
weapons	US	[/ˈwɛpənz/]
wear	US	[/wɛ(ə)ɹ/, [wɛɚ], [wɛɹ]]
wearer	US	[/ˈwɛɹɚ/]
weariness	US	[/ˈwɪ(ə)ɹinɪs/]
wearing	US	[/ˈwɛɹɪŋ/]
wears	US	[/wɛɹz/]
weary	US	[/ˈwɪɹi/]
weather	US	[/ˈwɛð.ɚ/]
weaver	US	[/ˈwi.vɚ/]
webcam	US	[/ˈwɛbˌkæm/]
webinar	US	[/ˈwɛbɪnɑɹ/]
Website	US	[/ˈwɛbˌsaɪt/]
weeaboo	US	[/ˈwiː.ə.buː/]
week	US	[/wik/]
weekend	US	[/ˈwiˌkɛnd/]
weel	US	[/wil/]
weer	US	[/wiː.ɚ/]
weft	US	[-ɛft]
weir	US	[/wɪɹ/]
weirdest	US	[/ˈwɪə(ɹ)dəst/]
weirdo	US	[/ˈwɪəɹdoʊ/]
weldment	US	[/ˈwɛldmənt/]
went	US	[/wɛnt/, [wɛnʔ(t̚)]]
westerly	US	[/ˈwɛs.tɚ.li/]
western	US	[/ˈwɛstɚn/]
wetter	US	[/ˈwɛtɚ/, [ˈwɛɾɚ]]
wetting	US	[/ˈwɛtɪŋ/, [ˈwɛɾɪŋ]]
whackjob	US	[/ˈ(h)wækd͡ʒɑb/]
whatever	US	[/wʌtˈɛvɚ/, [wəɾˈɛvɚ]]
whatsoever	US	[/ˌ(h)wʌtsoʊˈɛvɚ/]
wheelchair	US	[/ˈ(h)wilt͡ʃɛɹ/]
wheeler	US	[-iːlə(ɹ)]
whenceforth	US	[/ˈ(h)wɛnsˌfɔɹθ/]
whereas	US	[/(h)wɛɹˈæz/]
wherein	US	[/(h)wɛɹˈɪn/]
whereunto	US	[/wɛːɹʌnˈtuː/]
wherever	US	[/(h)wɛɹˈɛvɚ/]
whimsical	US	[/ˈwɪmzɪkəl/]
whippersnapper	US	[/ˈʍɪpəɹˌsnæpəɹ/]
whippet	US	[-ɪpɪt]
whir	US	[/wɝ/]
whirl	US	[/(h)wɝl/]
whirligig	US	[/ˈwɝ.lɪ.ɡɪɡ/]
whirling	US	[/ˈwɝlɪŋ/]
whirlwind	US	[/ˈ(h)wɝlwɪnd/]
whirr	US	[/wɝ/]
whisper	US	[/ˈ(h)wɪspɚ/]
whispering	US	[/ˈ(h)wɪspəɹɪŋ/]
whiteboard	US	[/ˈwaɪtbɔɹd/]
whither	US	[/ˈwɪðəɹ/]
whitherever	US	[-ɛvə(ɹ)]
whithersoever	US	[-ɛvə(ɹ)]
whoever	US	[/huˈɛvɚ/]
whole	US	[/hoʊl/, [hoʊɫ]]
wholeheartedly	US	[/ˌhəʊlˈhɑː(ɹ)t.ɪd.li/]
whom	US	[/huːm/]
whomever	US	[/humˈɛvɚ/]
whomever	US	[-ɛvə(ɹ)]
whomsoever	US	[/ˌhumsoʊˈɛvəɹ/]
whomsoever	US	[-ɛvə(ɹ)]
whopping	US	[/ˈ(h)wɑpɪŋ/]
whored	US	[/hɔɹd/]
whosit	US	[/ˈhuːz.ɪt/]
whosoever	US	[/huːsoʊˈɛvɚ/]
Wichita	US	[/ˈwɪt͡ʃɪtɔː/]
wickedness	US	[/ˈwɪkɪdnəs/]
widdershins	US	[/ˈwɪ.dɚ.ʃɪnz/]
wider	US	[/ˈwaɪdɚ/]
widest	US	[/ˈwaɪdəst/]
widget	US	[/ˈwɪd͡ʒ.ɪt/]
widow	US	[/ˈwɪd.oʊ/]
widower	US	[/ˈwɪdoʊɚ/]
wieldy	US	[/ˈwildi/]
wigglesome	US	[/ˈwɪɡ(ə)lˌsəm/]
wikiality	US	[-ælɪti]
wildcat	US	[/ˈwaɪ.əldˌkæt/, [ˈwaɪ.əlʔˌkæt]]
wildcatter	US	[/ˈwaɪldˌkætə(ɹ)/]
wilderness	US	[/ˈwɪldɚnəs/]
wildfire	US	[/ˈwaɪldˌfaɪɚ/]
wildly	US	[/ˈwaɪldli/]
wilfully	US	[/ˈwɪlfəli/]
willingly	US	[/ˈwɪlɪŋli/]
willingness	US	[/ˈwɪlɪŋnəs/]
willow	US	[/ˈwɪloʊ/]
windmill	US	[/ˈwɪnd.mɪl/]
window	US	[/ˈwɪndoʊ/]
windows	US	[/ˈwɪndoʊz/]
Windows	US	[/ˈwɪndoʊz/]
windowsill	US	[/ˈwɪndoʊˌsɪl/]
windsurf	US	[/ˈwɪndsɜː(ɹ)f/]
winefully	US	[/ˈwʌɪnfəli/]
winery	US	[/ˈwaɪnəɹi/]
wing	US	[/wɪŋ/]
Winnemucca	US	[/ˌwɪnəˈmʌkə/]
winner	US	[/ˈwɪnɚ/]
winnow	US	[/ˈwɪnoʊ/]
winter	US	[[ˈwɪntʰɚ], [ˈwɪntʰɚ]]
wire	US	[/ˈwaɪɚ/]
wired	US	[/waɪɹd/]
wireless	US	[/ˈwaɪ(jə)ɹ.ləs/]
wires	US	[/ˈwaɪɚz/]
wiser	US	[/ˈwaɪzɚ/]
withdrew	US	[-uː]
withered	US	[/ˈwɪðɚd/]
withstood	US	[-ʊd]
witticaster	US	[-æstə(ɹ)]
wizard	US	[/ˈwɪz.ɚd/]
WLAN	US	[/ˈdʌbəlju.læn/]
woah	US	[/woʊ/]
wobble	US	[/ˈwɑbl̩/]
woe	US	[/woʊ/]
wok	US	[/wɑk/]
wokeanese	US	[/ˌwoʊk.əˈniz/]
woken	US	[/ˈwoʊkən/]
womanhood	US	[/ˈwʊmənhʊd/]
womanizer	US	[/ˈwʊm.əˌnaɪ.zəɹ/]
wonder	US	[/ˈwʌndɚ/]
wondered	US	[/ˈwʌndɚd/]
wonderful	US	[/ˈwʌn.dɚ.fl̩/]
wonderfully	US	[/wʌn.də(ɹ).fli/]
wondering	US	[/ˈwʌndəɹɪŋ/]
wonderland	US	[/ˈwʌndɚˌlænd/]
wonders	US	[/ˈwʌndɚz/]
wonton	US	[/ˈwɑntɑn/]
woobie	US	[-ʊbi]
woodland	US	[/ˈwʊd.lənd/]
woodman	US	[/ˈwʊdmən/]
woodpecker	US	[/ˈwʊdˌpɛkɚ/]
woofs	US	[/wʊfs/]
wool	US	[/wʊl/, [wʊ̠ɫ], [wəl]]
woolwear	US	[/ˌwʊlˈwɛɹ/]
Woonsocket	US	[/wʊnˈsɒkɪt/]
Worcester	US	[/ˈwʊstɚ/]
word	US	[/wɝd/]
wordforms	US	[/ˈwɝdfɔɹmz/]
words	US	[/wɝdz/]
wordsmithing	US	[/ˈwɝdˌsmɪθɪŋ/]
wore	US	[/woɹ/]
workaday	US	[/ˈwɜɹkədeɪ/]
worked	US	[/wɝkt/]
worker	US	[/ˈwɝ.kɚ/]
workers	US	[/ˈwɝ.kɚz/]
workflow	US	[/ˈwɝkfloʊ/]
workgroup	US	[/ˈwəːkɡɹuːp/]
working	US	[/ˈwɝkɪŋ/]
workman	US	[/ˈwɝkmən/]
workmanship	US	[/ˈwɜːk.mən.ʃɪp/]
workroom	US	[/ˈwɝk.ɹum/]
works	US	[/wɝks/]
workshop	US	[/ˈwɝk.ʃɑp/]
workstation	US	[-eɪʃən]
workwear	US	[/ˈwɝkwɛɹ/]
worm	US	[/wɝm/]
wormily	US	[/ˈwɝ.mə.li/]
worms	US	[/wɝmz/]
wormwood	US	[/ˈwɚm.wʊd/]
wormy	US	[-ɜː(ɹ)mi]
worn	US	[/wɔɹn/]
worse	US	[/wɝs/]
worshiped	US	[/ˈwɝʃɪpt/]
worshipped	US	[/ˈwɝʃɪpt/]
worst	US	[/wɝst/]
worth	US	[/wɝθ/]
worthy	US	[/ˈwɝði/]
wound	US	[/wund/]
wounded	US	[/ˈwuːndɪd/]
woven	US	[/ˈwoʊvən/]
wrath	US	[/ɹæθ/]
wreak	US	[/ɹik/]
wreath	US	[/ɹiːθ/]
wreck	US	[/ˈɹɛk/]
wretched	US	[/ˈɹɛt͡ʃəd/]
wretchedness	US	[/ˈɹɛt͡ʃɪdnəs/]
wrigglesome	US	[/ˈɹɪɡ(ə)lˌsəm/]
wrinkled	US	[/ˈɹɪŋkl̩d/]
writer	US	[/ˈɹaɪ.təɹ/, [ˈɹ̠ăɪɾɚ], [ˈɹ̠ɐɪɾɚ]]
writers	US	[/ˈɹaɪtɚz/]
writings	US	[/ˈɹaɪtɪŋz/]
wrongdoing	US	[/ˈɹɒŋˌduːɪŋ/]
wrongfully	US	[/ˈɹɒŋfəli/]
wrongly	US	[/ˈɹɔŋ.li/]
wrongs	US	[/ɹɔŋz/]
wrote	US	[/ɹoʊt/]
wroth	US	[/ɹɔθ/]
wroth	US	[/ɹɑθ/]
wrought	US	[/ɹɔt/]
WWW	US	[/ˈdʌ.bəl.juː ˈdʌ.bəl.juː ˈdʌ.bəl.juː/]
WWW	US	[/ˈdʌb ˈdʌb ˈdʌb/]
Wyoming	US	[/waɪˈoʊmɪŋ/]
wyrm	US	[/wɚm/]
xaliproden	US	[/zəˈlɪpɹədɛn/]
Xanax	US	[/ˈzæn.æks/]
xanthate	US	[/ˈzænθeɪt/]
Xbox	US	[/ˈɛks bɒks/]
xenogenetic	US	[/zɛ.nəʊ.d͡ʒəˈnɛ.tɪk/]
xenomania	US	[-eɪniə]
xenophone	US	[/ˈzɛn.ə.fəʊn/]
xianbing	US	[/ʃjænˈbɪŋ/]
xipamide	US	[/ˈzɪpəmaɪd/]
Xitler	US	[/ˈʃɪtlɚ/]
xoanon	US	[/ˈzoʊ.ə.nɑn/]
Xoloitzcuintle	US	[/ʃoʊloʊiːtsˈkwiːntleɪ/]
xylography	US	[-ɒɡɹəfi]
xylophone	US	[/ˈzaɪləˌfoʊn/]
Y	US	[/waɪ/]
Yahtzee	US	[/ˈjɑːtsi/]
yammer	US	[/ˈjæm.ɚ/]
yandere	US	[/ˈjɑːndɛɹeɪ/]
Yankovic	US	[/ˈjaŋkəvɪt͡ʃ/]
Yankovic	US	[/ˈjæŋkəvɪk/]
yaoi	US	[/ˈjaʊi/]
yarbles	US	[/ˈjɑː(ɹ)bəlz/]
yard	US	[/jɑɹd/]
yardfowl	US	[/ˈjɑɹdˌfaʊl/]
yardman	US	[/ˈjɑɹdmən/]
yardmen	US	[/ˈjɑɹdmɛn/]
yards	US	[/jɑɹdz/]
yarmulke	US	[/ˈjɑ(ɹ)mə(l)kə/]
yarn	US	[/jɑɹn/]
yataghan	US	[/ˈjætəɡæn/]
yean	US	[-iːn]
year	US	[/jɪɹ/]
yearn	US	[/jɝn/]
yearning	US	[/ˈjɝnɪŋ/]
yearningly	US	[/ˈjɝnɪŋli/]
years	US	[/jɪɹz/]
yellow	US	[/ˈjɛl.oʊ/]
yellowish	US	[/ˈjɛlɔʊɪʃ/]
yeppity	US	[[ˈjɛpɨɾi]]
yes	US	[/jɛs/]
yesteryear	US	[/ˈjɛstərjɪər/]
Yiannopoulos	US	[/jaˈnɒpʊlɒs/]
Yiddish	US	[/ˈjɪd.ɪʃ/]
yielded	US	[/ˈjiːldɪd/]
yodel	US	[/ˈjoʊ.dəl/]
yoga	US	[/ˈjoʊ.ɡə/]
yogasm	US	[/ˈjəʊɡazm̩/]
yoghurt	US	[/ˈjɒɡət/]
yogurt	US	[/ˈjoʊ.ɡɚt/]
yokel	US	[/ˈjoʊ.kəl/]
yonder	US	[/ˈjɑndəɹ/]
yore	US	[/joɹ/]
Yoruba	US	[/ˈjɔːɹəbə/]
younger	US	[/ˈjʌŋɡɚ/]
yourself	US	[/jɚˈsɛlf/]
youth	US	[/juθ/]
YouTube	US	[/ˈju.tub/]
yuck	US	[/jʌk/]
yucky	US	[/ˈjʌki/]
yuk	US	[/jʌk/]
Yukon	US	[/ˈjuː.kɑn/]
yuppity	US	[[ˈjʌpɨɾi]]
yuzu	US	[/ˈjuːzuː/]
Z	US	[/zi/]
zeal	US	[/zil/]
zebra	US	[/ˈziːbɹə/]
Zelenskyy	US	[/zɪˈlɛnski/]
zenith	US	[/ˈzi.nɪθ/]
zephyr	US	[/ˈzɛfɚ/]
zeptomole	US	[/ˈzɛptoʊˌmoʊl/]
zeta	US	[/ˈzeɪtə/]
zetetic	US	[/zəˈtɛt.ɪk/]
zigzag	US	[/ˈzɪɡ.zæɡ/]
Zimbabwe	US	[/zɪmˈbɑːbweɪ/]
zinc	US	[/zɪŋk/]
zipline	US	[/ˈzɪpˌlaɪn/]
zirconia	US	[/zɝˈkoʊ.ni.ə/]
zone	US	[/zoʊn/]
zoning	US	[-əʊnɪŋ]
zookeeper	US	[/ˈzuːkipɚ/]
zoological	US	[/zoʊəˈlɑd͡ʒɪkəl/]
zooplankton	US	[/ˌzoʊ.əˈplæŋk.tən/]
Zoozve	US	[/ˈzuːz.veɪ/]
zorse	US	[/zɔɹs/]
zowerswopped	US	[/ˈzaʊɚˌswɑpt/]
zucchetto	US	[/(t)sʊˈkɛtoʊ/]
zucchini	US	[/zuːˈkiː.ni/]
zygodactylous	US	[/ˌzeɪɡoʊˈdæktələs/]
zygon	US	[/ˈzaɪ.ɡɑn/]
